record,segment_start_sec,rr_mean,rr_std,ptt_mean,r_peak_amp_mean,pulse_amp_mean,ecg_std,ppg_std,official_hr,label,multi_label
bidmc_01,0,0.6382857142857142,0.0061809450436525,0.6142857142857141,0.9815225518795222,0.1268797616757617,0.2205360492359855,0.0646240246606737,93.6,0,0
bidmc_01,5,0.6365714285714285,0.0058274508726774,0.6148571428571428,0.9794803191060086,0.126110700471097,0.2119352296363519,0.0667824249153047,93.9,0,0
bidmc_01,10,0.6371428571428571,0.0057427860692119,0.6159999999999999,0.9792977545405224,0.1214068165046665,0.2095304462060404,0.0635593720502807,94.1,0,0
bidmc_01,15,0.6377142857142857,0.003614031611621,0.6182857142857142,0.971162151628704,0.1301268954036597,0.2113944040830495,0.0663939677503513,94.1,0,0
bidmc_01,20,0.6411428571428571,0.0041206300291017,0.6228571428571428,0.95794327056009,0.1373286161485483,0.2089954799636137,0.0748727103509006,94.0,0,0
bidmc_01,25,0.6467692307692308,0.0061538461538461,0.6264615384615383,0.9636552143200064,0.145288808882088,0.2084325496175214,0.0730029341245356,93.8,0,0
bidmc_01,30,0.652,0.0065900357683833,0.6319999999999999,0.9751785147642588,0.1446284514685372,0.2122603737001868,0.0720858658579421,93.1,0,0
bidmc_01,35,0.6542857142857141,0.0061809450436525,0.6799999999999998,0.9686165761298516,0.1412635388133824,0.2315236540706414,0.0708029703629973,92.3,0,0
bidmc_01,40,0.6553846153846152,0.0454135500984494,0.5999999999999999,0.8855195787344303,0.1307222647708653,0.2306594784730892,0.0692316136676797,92.6,0,0
bidmc_01,45,0.6571428571428571,0.0041206300291017,0.6377142857142857,0.978280865351093,0.1162623524207596,0.2203987592432401,0.0600001071179152,92.2,0,0
bidmc_01,50,0.6639999999999999,0.005434929763894,0.6424615384615383,0.9958884979015,0.1166264129825477,0.2205150761650184,0.0585666387240361,91.1,0,0
bidmc_01,55,0.6627692307692308,0.0103340649992287,0.6045714285714284,0.976981297269424,0.1105659595604202,0.2142248766659688,0.0562961621698068,90.5,0,0
bidmc_01,60,0.6622857142857141,0.0075159693931233,0.6523076923076923,0.8743053471438956,0.1186732314888414,0.2146938204618824,0.0621314630472443,90.1,0,0
bidmc_01,65,0.659076923076923,0.0049994082490067,0.6067692307692307,0.9722167559786822,0.1283517992077312,0.2161361523150881,0.0649024539088065,90.6,0,0
bidmc_01,70,0.6571428571428571,0.002799416848895,0.5706666666666664,0.9797160858794376,0.1298894880313156,0.2203151662850166,0.0660309445557849,91.0,0,0
bidmc_01,75,0.6584615384615383,0.0036923076923076,0.5182857142857142,0.9708083083628304,0.1323404416337226,0.2156712575894848,0.070571517411998,91.0,0,0
bidmc_01,80,0.6554285714285715,0.0063887656499994,0.3962666666666666,0.969027853870408,0.1225658235468109,0.223443107611906,0.0624143161713607,91.0,0,0
bidmc_01,85,0.6485714285714285,0.0174916889885874,0.6453333333333333,0.8397310250958131,0.0985097864484773,0.222503827067564,0.0487267934568699,91.4,0,0
bidmc_01,90,0.6492307692307692,0.0413728893882378,0.408,0.813231278975398,0.0358829880412385,0.2394183708736895,0.0263139448104663,92.3,0,0
bidmc_01,95,0.6531428571428571,0.0038332593899996,0.4097142857142857,0.9795631958228512,0.0262669093540296,0.2193789754139327,0.0233059127820426,92.6,0,0
bidmc_01,100,0.6548571428571428,0.0051110125199995,0.1982857142857143,0.9810266717740548,0.0556687256840815,0.2505636196781789,0.0301313601569034,92.2,0,0
bidmc_01,105,0.6547692307692307,0.0042635096801695,0.4030769230769231,0.9807931781619108,0.0822991348227729,0.2115017517034934,0.0426504368352547,92.0,0,0
bidmc_01,110,0.6537142857142857,0.003614031611621,0.6365714285714285,0.9844135181411736,0.0816642001829673,0.2147282762646867,0.0418712879995735,92.0,0,0
bidmc_01,115,0.6548571428571428,0.0305166398235855,0.5982857142857141,0.993960676236604,0.0844435529428797,0.2187005158336545,0.0437245908914117,92.0,0,0
bidmc_01,120,0.6584615384615383,0.0130832563849041,0.5975384615384614,0.7505505834840811,0.1016828048415591,0.2121382190991949,0.0504008763712873,91.7,0,0
bidmc_01,125,0.6588571428571427,0.0083397254396151,0.6388571428571428,0.8495111156037255,0.115436821121131,0.216715143247278,0.0577108654369573,91.2,0,0
bidmc_01,130,0.6603076923076923,0.0080706935683717,0.6387692307692306,0.8288093422802233,0.1297420666634254,0.2201524428288004,0.0674837366261486,91.0,0,0
bidmc_01,135,0.6605714285714285,0.0039589732744431,0.6439999999999999,0.9700866274837872,0.1288298512600308,0.2200477157552696,0.0642807723683611,91.0,0,0
bidmc_01,140,0.6559999999999999,0.0060474315681476,0.5963076923076922,0.9752377403838488,0.1245515000337252,0.2220950335402536,0.0640332866482059,91.0,0,0
bidmc_01,145,0.6531428571428571,0.0048822878544671,0.5097142857142856,1.009053496379436,0.1255061255517983,0.2148503037879674,0.0624110605714182,91.3,0,0
bidmc_01,150,0.6542857142857141,0.0044629998148038,0.5108571428571428,0.9910244461049692,0.125988311731998,0.218253829794251,0.0642163255813402,91.8,0,0
bidmc_01,155,0.6559999999999999,0.005434929763894,0.5588571428571427,0.9714228410423938,0.1286598498993886,0.2185067319919617,0.0675971448721703,92.0,0,0
bidmc_01,160,0.6577142857142857,0.0053908463611752,0.561142857142857,0.9756988021231848,0.1285007627716848,0.2107420111686458,0.0642660560287778,91.5,0,0
bidmc_01,165,0.6577142857142856,0.0044629998148038,0.4691428571428571,0.981199485226272,0.1270523576932905,0.2164043644551562,0.0662964354440857,91.0,0,0
bidmc_01,170,0.6584615384615383,0.0048455433070841,0.5519999999999999,0.9897252955594756,0.130113406780162,0.2158940847976542,0.0656596102524304,91.0,0,0
bidmc_01,175,0.6571428571428571,0.0041206300291017,0.644,0.9951473914480012,0.1278101634119868,0.2167501629676481,0.0641381388214301,91.0,0,0
bidmc_01,180,0.6584615384615383,0.0036923076923076,0.6283076923076922,0.9757447713462736,0.1274803152625603,0.219578997134889,0.0651193234346992,91.0,0,0
bidmc_01,185,0.6588571428571429,0.0038332593899996,0.6257142857142857,0.9914763594748036,0.1281001087512531,0.2159424389732899,0.0635127561389602,91.0,0,0
bidmc_01,190,0.6554285714285714,0.0252012309385142,0.5874285714285713,0.8589753751185663,0.1263442033167596,0.2181734043837497,0.0646373225494355,91.2,0,0
bidmc_01,195,0.6578461538461536,0.0266540404033325,0.5852307692307691,0.8421578932941269,0.1254309775964041,0.2148992573106853,0.0638010553812288,91.7,0,0
bidmc_01,200,0.6634285714285715,0.0047466422073817,0.6342857142857142,0.9937758468665856,0.1262258869737882,0.2161445922291337,0.0626941232000571,91.1,0,0
bidmc_01,205,0.6621538461538461,0.0046051167837217,0.6399999999999999,0.9929187140703708,0.135054887540983,0.2141998269815556,0.0673527412616985,90.3,0,0
bidmc_01,210,0.6599999999999999,0.0058554004376912,0.6365714285714285,0.9726659469663282,0.1289965416919911,0.2200225950683568,0.0639170739526013,90.7,0,0
bidmc_01,215,0.6582857142857143,0.0063631592718057,0.6338461538461537,0.9864429296694656,0.1281139483592402,0.2216704382418457,0.0661537993704907,91.0,0,0
bidmc_01,220,0.6603076923076923,0.0050745915392217,0.6363076923076922,0.9902700706785408,0.1296878936985154,0.2140098259123972,0.0644886899096121,91.0,0,0
bidmc_01,225,0.6622857142857141,0.0032826072265931,0.6394285714285713,0.9727595700451696,0.1309330586550457,0.2154920926623304,0.065070158424067,91.0,0,0
bidmc_01,230,0.6596923076923076,0.0059663752091277,0.6424615384615383,0.9685799989036812,0.130951536601367,0.2143140971643275,0.0657849270101318,91.0,0,0
bidmc_01,235,0.6577142857142857,0.0044629998148038,0.6474285714285715,0.985811245520276,0.1275192978179895,0.2191561637888769,0.0636849866853434,91.0,0,0
bidmc_01,240,0.6565714285714285,0.0047466422073817,0.5987692307692307,0.982970706285715,0.1279674216636741,0.2187915349274519,0.064139010032429,91.0,0,0
bidmc_01,245,0.6571428571428571,0.0059384599116647,0.5119999999999999,0.9652057979414472,0.1284464840233601,0.2099433479891454,0.0634641680540858,91.0,0,0
bidmc_01,250,0.6577142857142857,0.0053908463611752,0.513142857142857,0.9668395074727508,0.1278475120005868,0.2143654894046398,0.0644302283184567,91.0,0,0
bidmc_01,255,0.6566153846153846,0.0049230769230769,0.5513846153846154,0.9766680724001447,0.1318367498457875,0.2116663541641486,0.0676972647194194,91.0,0,0
bidmc_01,260,0.6565714285714286,0.0047466422073817,0.5137142857142856,0.9876990045171824,0.1295747979501128,0.2181906806208164,0.0644838435425821,91.0,0,0
bidmc_01,265,0.6588571428571427,0.0038332593899996,0.5544615384615385,0.9994140306688928,0.1293645492571715,0.222743792087539,0.0645963318461998,91.0,0,0
bidmc_01,270,0.6578461538461539,0.0046051167837217,0.5883076923076922,0.9809702954185172,0.1290630217303713,0.2129705456062716,0.0635414614111782,91.0,0,0
bidmc_01,275,0.6565714285714286,0.0047466422073817,0.629142857142857,0.9612993725796912,0.1300594584707581,0.2128106658919071,0.0644216686546413,91.0,0,0
bidmc_01,280,0.6566153846153846,0.0049230769230769,0.6326153846153845,0.960941971339948,0.1318415958279489,0.2102571317830609,0.068335686280238,91.0,0,0
bidmc_01,285,0.6571428571428571,0.0041206300291017,0.6359999999999999,0.9615114819174584,0.1267274037300272,0.2165886108217267,0.0618165387024648,91.0,0,0
bidmc_01,290,0.6571428571428571,0.0051110125199995,0.6369230769230769,0.9744192996125712,0.1260498414788927,0.2185814841160417,0.0646268690003573,91.0,0,0
bidmc_01,295,0.6504615384615384,0.0222731828564355,0.5942857142857142,0.9527192444541216,0.1332485940269837,0.2106034400952955,0.0682450076317456,91.0,0,0
bidmc_01,300,0.6571428571428571,0.0138091953983937,0.6308571428571428,0.8287419391474449,0.1312549050820761,0.2162401914440709,0.0660271579337349,91.2,0,0
bidmc_01,305,0.6584615384615383,0.0048455433070841,0.6344615384615384,0.966195839137035,0.1356026939999439,0.2221100591021447,0.0669388234357839,91.2,0,0
bidmc_01,310,0.6571428571428571,0.0059384599116647,0.6377142857142857,0.9573860319121548,0.1334979030404118,0.2161115422386544,0.0651653471095081,90.9,0,0
bidmc_01,315,0.6542857142857142,0.0053908463611752,0.6411428571428571,0.9652945041251338,0.1336939552156237,0.2293910849960892,0.067754692293941,91.1,0,0
bidmc_01,320,0.6553846153846153,0.0127311759172782,0.5975384615384615,0.80734615128792,0.1326462878890475,0.2118903918795481,0.0648599364857073,91.7,0,0
bidmc_01,325,0.653142857142857,0.0303288103079213,0.5306666666666666,0.8982853911755275,0.1280300149374016,0.2156751467550979,0.0638857985287445,91.6,0,0
bidmc_01,330,0.6559999999999999,0.0636418550506324,0.5249230769230768,0.9259077563955762,0.1277017428374395,0.220639007906151,0.0673020311690387,91.1,0,0
bidmc_01,335,0.6571428571428569,0.0285027746590626,0.612,0.8595781729903744,0.1241380332955701,0.2147788550879619,0.0628566366502879,91.4,0,0
bidmc_01,340,0.6605714285714285,0.0039589732744431,0.6053333333333332,0.9904557572194918,0.1161050959016567,0.2310215404697748,0.0597964619546494,91.4,0,0
bidmc_01,345,0.6584615384615383,0.0048455433070841,0.5987692307692307,0.996630612583418,0.1167998676117626,0.2162779841461443,0.059448728741968,91.0,0,0
bidmc_01,350,0.6548571428571428,0.0041206300291017,0.5577142857142856,0.9980166559500636,0.1251448553950886,0.2178655208554444,0.0626888411728083,91.2,0,0
bidmc_01,355,0.6578461538461539,0.0055725447003922,0.6006153846153846,0.9792519860029312,0.1338980596191198,0.2193798235509571,0.0657876455525229,91.7,0,0
bidmc_01,360,0.6588571428571429,0.0048822878544671,0.6005714285714285,0.9713318082993692,0.130529774405191,0.2105547542788838,0.0632048851814667,91.5,0,0
bidmc_01,365,0.6594285714285714,0.0039589732744431,0.5891428571428571,0.9659062702376386,0.1329855313251431,0.2260175160092902,0.0661806704107751,91.0,0,0
bidmc_01,370,0.6578461538461539,0.0046051167837217,0.6319999999999999,0.9847948472312116,0.1393553417785214,0.2134097690991751,0.0694369502685384,91.0,0,0
bidmc_01,375,0.6577142857142856,0.0032826072265931,0.6342857142857142,0.9844236093764788,0.1323718742602755,0.2159558624408244,0.0653381266483226,91.0,0,0
bidmc_01,380,0.6646153846153845,0.0066278951472424,0.6326153846153845,0.9800678361975264,0.1371152100983592,0.2136818425501584,0.0685383068854841,91.0,0,0
bidmc_01,385,0.6702857142857143,0.0032826072265931,0.6308571428571428,0.988535534695164,0.1342180961870226,0.2138567545769069,0.0660688655154535,90.5,0,0
bidmc_01,390,0.6695384615384616,0.0048455433070841,0.6363076923076922,0.9819473344165792,0.134924874830245,0.2166576131946551,0.0662842393745918,89.9,0,0
bidmc_01,395,0.6662857142857143,0.0055988336977901,0.6394285714285713,0.9909074954259066,0.132746150362069,0.2214206776778325,0.0655982026539053,89.8,0,0
bidmc_01,400,0.6627692307692308,0.0028864096983528,0.6393846153846153,0.9970723345111616,0.1402659614271393,0.2169375954938831,0.0704236437035668,89.9,0,0
bidmc_01,405,0.6388571428571428,0.058386467540319,0.5765333333333332,0.988249936645256,0.1343209322014494,0.2178947016249466,0.0660725255166262,90.4,0,0
bidmc_01,410,0.6559999999999999,0.0617460235850976,0.5987692307692306,0.7906434647837057,0.1189946945166905,0.2224061045193172,0.0621411325702943,91.3,0,0
bidmc_01,415,0.6609230769230768,0.0049994082490067,0.6018461538461538,0.9936439094273332,0.1259574548066583,0.2188938943408466,0.0623777277180118,91.5,0,0
bidmc_01,420,0.6599999999999999,0.005014265364224,0.6051428571428571,0.9989505733549486,0.1193180763156909,0.2219016937570728,0.0599168567390433,91.1,0,0
bidmc_01,425,0.6646153846153845,0.0037934855402886,0.6473846153846152,0.980608640845637,0.110017577159768,0.2171847987883835,0.0574693749143701,91.0,0,0
bidmc_01,430,0.6657142857142856,0.0061809450436525,0.645142857142857,0.9733847521984232,0.1210703059651455,0.2182839507377554,0.0602697394632424,90.6,0,0
bidmc_01,435,0.6639999999999999,0.0070164641544562,0.6486153846153845,0.974232881859528,0.1343894693231886,0.2146021988253626,0.0690196093922641,90.1,0,0
bidmc_01,440,0.6617142857142857,0.0055988336977901,0.6508571428571429,0.9758053574393774,0.1309112106195606,0.2225844428717752,0.0643564921230191,90.1,0,0
bidmc_01,445,0.6596923076923076,0.0039881481220971,0.6553846153846153,0.9419931795039244,0.1328476855303081,0.2196575433721432,0.0648661075094434,90.6,0,0
bidmc_01,450,0.6605714285714285,0.0049815987926179,0.5622857142857142,0.984308606165661,0.1291226461365161,0.2129420438963089,0.0629082409261386,91.0,0,0
bidmc_01,455,0.6599999999999999,0.005014265364224,0.5502857142857142,0.9882237046719196,0.1300871588290574,0.2153321223421933,0.0660396511866826,91.0,0,0
bidmc_01,460,0.6621538461538461,0.0055725447003922,0.6326153846153845,0.9744415838974694,0.1361968828172079,0.215009849730782,0.0658532786176434,91.0,0,0
bidmc_01,465,0.6639999999999999,0.0052372293656638,0.6314285714285713,0.9649725435147708,0.1365467243986038,0.2333032634201469,0.0673849939419537,90.9,0,0
bidmc_01,470,0.6664615384615384,0.0057728193967057,0.6289230769230768,0.9882185378227744,0.1320374868194516,0.2166998778962808,0.0657121939484276,90.4,0,0
bidmc_02,0,0.6491428571428571,0.0079179465488863,0.1856,0.2551717255149156,0.2357124952805588,0.0687611603810405,0.147058884927296,93.4,0,0
bidmc_02,5,0.6457142857142857,0.0417260257452084,0.4268571428571429,0.2515878107431702,0.2747836261827202,0.0687419009618434,0.1786280405183053,92.6,0,0
bidmc_02,10,0.6611428571428571,0.0048822878544671,0.4337142857142857,0.2513348849879084,0.2478752669508167,0.0672177420802613,0.1570615823036308,91.4,0,0
bidmc_02,15,0.6537142857142857,0.0418354404976528,0.4713846153846153,0.2390749518406102,0.2157754476041787,0.066787244521538,0.1336100320887225,90.8,0,0
bidmc_02,20,0.6639999999999999,0.0060474315681476,0.5306666666666665,0.2462353495182572,0.2334836389384066,0.0664610692304224,0.140189448127374,90.3,0,0
bidmc_02,25,0.6594285714285714,0.0049815987926179,0.4274285714285714,0.2478128231169361,0.2461795307062992,0.0685702287369589,0.1447049862712026,90.2,0,0
bidmc_02,30,0.6559999999999999,0.0052372293656638,0.2445714285714286,0.2540285340326189,0.2124233095063308,0.0685920568801993,0.1316465785466579,90.7,0,0
bidmc_02,35,0.6537142857142857,0.0047121207149916,0.1477333333333333,0.2591228228396627,0.2068091843177803,0.0684155079496392,0.1344775668953519,91.5,0,0
bidmc_02,40,0.6615384615384615,0.0048455433070841,0.1154285714285714,0.2554519198433299,0.219276637430779,0.0716744541512065,0.1413583079867701,91.8,0,0
bidmc_02,45,0.6691428571428572,0.0048822878544671,0.3005714285714286,0.2526811320268276,0.2379876985394867,0.0671518176224665,0.1526134337991055,90.9,0,0
bidmc_02,50,0.6695384615384614,0.0036923076923076,0.5159999999999999,0.2555775705851235,0.2197989050457159,0.0669180132355831,0.1421008334466392,89.8,0,0
bidmc_02,55,0.6657142857142857,0.0053908463611752,0.6011428571428571,0.2533002574383985,0.2107117258989191,0.0680689517975332,0.1351573836984849,89.7,0,0
bidmc_02,60,0.6566153846153846,0.0058380510649262,0.6436923076923076,0.2579811710537097,0.2382688299192226,0.0749624994432004,0.1443276352130477,90.2,0,0
bidmc_02,65,0.6497142857142857,0.0044629998148038,0.5237333333333333,0.2668638770313126,0.2286460067788431,0.0694957001027543,0.1385762394948335,91.1,0,0
bidmc_02,70,0.645142857142857,0.0048822878544671,0.4431999999999999,0.2596292708175991,0.2400983083411123,0.0869050783768463,0.1530147140071517,92.3,0,0
bidmc_02,75,0.6485714285714285,0.0063887656499994,0.499076923076923,0.2552843205371532,0.2394293297141038,0.0734818104271987,0.1695752694963688,92.9,0,0
bidmc_02,80,0.6565714285714285,0.0070681810724874,0.5159999999999999,0.2577299470819007,0.2396310935651086,0.067593465199026,0.1538469329584106,92.6,0,0
bidmc_02,85,0.6639999999999999,0.0052372293656638,0.5317333333333332,0.2571586902450283,0.2191847407134677,0.0692142122589522,0.149015760287612,91.5,0,0
bidmc_02,90,0.6676923076923077,0.0039881481220971,0.566153846153846,0.2508260558630292,0.2298407055225399,0.0693451694541562,0.14341954747041,90.4,0,0
bidmc_02,95,0.6742857142857143,0.0063631592718057,0.6129230769230769,0.2448418429510214,0.2328190914103601,0.0663565608901985,0.1425494947365721,89.8,0,0
bidmc_02,100,0.6756923076923076,0.0067412007077558,0.6609230769230768,0.2483757649274331,0.2313838938371684,0.0676715278525914,0.1490383464638057,89.3,0,0
bidmc_02,105,0.6662857142857143,0.0076665187799992,0.6116923076923076,0.256198093063922,0.2332427121250417,0.0677647308314206,0.1454483206116459,89.0,0,0
bidmc_02,110,0.6565714285714285,0.0056279187438834,0.5296,0.2587695612830168,0.1974509816161043,0.0696478514270391,0.1331597187618109,89.7,0,0
bidmc_02,115,0.6502857142857142,0.003614031611621,0.1866666666666666,0.2508709378418524,0.2246503410649596,0.0678663358782036,0.1423751161268866,91.1,0,0
bidmc_02,120,0.6497142857142857,0.0032826072265931,0.0702857142857143,0.2567871731043459,0.2554140195068891,0.0713400532363688,0.165871850904091,92.0,0,0
bidmc_02,125,0.6565714285714285,0.0070681810724874,0.1514666666666667,0.2592368501258804,0.2276125259294253,0.0686837804166293,0.145318626895905,92.1,0,0
bidmc_02,130,0.6622857142857141,0.0044629998148038,0.1645714285714286,0.2447024408645663,0.2149685537110346,0.0722816852190916,0.1429952513439347,91.5,0,0
bidmc_02,135,0.6621538461538461,0.0046051167837217,0.4123076923076922,0.2483819407523903,0.2222119069695615,0.0676371354120755,0.1525127587932242,91.0,0,0
bidmc_02,140,0.6662857142857143,0.0063631592718057,0.6434285714285713,0.2528242938255111,0.2368836755140344,0.0675700728076303,0.1515377043994608,90.8,0,0
bidmc_02,145,0.667076923076923,0.0066847879945847,0.6006153846153846,0.2544018312854936,0.2219580044880972,0.0678450598911147,0.1387685055960963,90.3,0,0
bidmc_02,150,0.6605714285714285,0.0049815987926179,0.6034285714285713,0.2554137758694317,0.1936064661886908,0.0678048018681521,0.1265308929525693,90.0,0,0
bidmc_02,155,0.6553846153846153,0.0049230769230769,0.598153846153846,0.2527129413131923,0.2132594708262677,0.07042173475099,0.1422786570381767,90.5,0,0
bidmc_02,160,0.6508571428571427,0.0038332593899996,0.4767999999999999,0.2581122092641285,0.2246202798611123,0.0690497783377533,0.1422571714913156,91.5,0,0
bidmc_02,165,0.652,0.005014265364224,0.5108571428571428,0.2625754233711253,0.2217500293447888,0.0724406073863828,0.1406778074178425,92.0,0,0
bidmc_02,170,0.6468571428571428,0.0423165910435968,0.5476923076923076,0.2343768019343075,0.2421448877005904,0.0704179259928982,0.1579337719060048,91.9,0,0
bidmc_02,175,0.6662857142857143,0.0055988336977901,0.6188571428571429,0.2347373076774706,0.2260000795422036,0.0659009381382977,0.1452716678905006,91.2,0,0
bidmc_02,180,0.6554285714285715,0.0444870997123472,0.523076923076923,0.2377991083794427,0.2505599309821578,0.0670680734118528,0.1562107804711873,90.3,0,0
bidmc_02,185,0.6668571428571427,0.0048822878544671,0.6171428571428571,0.2540260894491452,0.2519139342156678,0.067889684028205,0.1507598363985967,90.0,0,0
bidmc_02,190,0.6639999999999999,0.0801229823938943,0.6172307692307691,0.2516295611327602,0.2173810048699906,0.074591171064772,0.1324088108743341,90.0,0,0
bidmc_02,195,0.6594285714285714,0.0333589017584604,0.3637333333333333,0.215828942802793,0.2199006893977018,0.0734063975160652,0.1282122391851916,90.2,0,0
bidmc_02,200,0.6617142857142857,0.0047121207149916,0.3845714285714285,0.2601873401111716,0.2220360575328628,0.0755145117318294,0.1388006747285605,90.5,0,0
bidmc_02,205,0.6639999999999999,0.0044376015698018,0.3399999999999999,0.2601500964360401,0.2253896963768968,0.0681622696020244,0.1433675693522489,90.7,0,0
bidmc_02,210,0.6594285714285714,0.0065652144531863,0.2357333333333333,0.253815219173006,0.2365333486472488,0.0682602185377352,0.1495914131864537,90.6,0,0
bidmc_02,215,0.6523076923076923,0.0050745915392217,0.123076923076923,0.253295916099629,0.2390697547953684,0.0685977589081323,0.1463992966716242,90.9,0,0
bidmc_02,220,0.6479999999999999,0.0042761798705987,0.3725714285714286,0.2616490005000904,0.2184213232820097,0.0686329120873928,0.1323568427720451,91.8,0,0
bidmc_02,225,0.6508571428571429,0.0231481475434618,0.4373333333333333,0.2024315863709778,0.2078344290494765,0.077588597114057,0.1339275350492372,92.6,0,0
bidmc_02,230,0.6582857142857143,0.0605822092831934,0.5618461538461538,0.2592174633991962,0.2221399180975387,0.0776747552897729,0.1517194398909988,92.4,0,0
bidmc_02,235,0.6639999999999999,0.0052372293656638,0.5554285714285713,0.2565166433300799,0.2392467568341573,0.0669502590462698,0.161423598565938,91.4,0,0
bidmc_02,240,0.6701538461538461,0.0063952645202543,0.643076923076923,0.2587003584883138,0.2110739081855323,0.0665652574105155,0.1442339256552075,90.5,0,0
bidmc_02,245,0.6725714285714286,0.0056279187438834,0.6079999999999999,0.2541837627594361,0.1971474063847908,0.0684818966973067,0.1335945857214371,89.6,0,0
bidmc_02,250,0.6502857142857142,0.0458996242926244,0.5131428571428571,0.2459210236986995,0.2369125119571638,0.0693383073019623,0.1473124813643606,89.3,0,0
bidmc_02,255,0.653142857142857,0.0048822878544671,0.3765714285714286,0.2464809722204355,0.2339391498770845,0.0677140817278088,0.1443986731960839,90.2,0,0
bidmc_02,260,0.6491428571428571,0.0041206300291017,0.2752,0.251912890588601,0.2348271655340771,0.0690284489270354,0.1482094837289753,91.5,0,0
bidmc_02,265,0.6428571428571429,0.0411944121433567,0.3175384615384615,0.2462918282291384,0.206717625640988,0.0684796108484532,0.1340926866219814,92.0,0,0
bidmc_02,270,0.6657142857142856,0.0068809111878813,0.6125714285714284,0.2384818996100036,0.2158257949466863,0.0668671665426906,0.1339298291418341,91.8,0,0
bidmc_02,275,0.675076923076923,0.0066847879945847,0.6147692307692307,0.2480978466465684,0.2357657722974757,0.0655261488860464,0.1457171101021023,90.7,0,0
bidmc_02,280,0.6824615384615383,0.0090860449601435,0.6203076923076922,0.2523946211102871,0.2511356882127543,0.0643348160943168,0.1537076555849051,89.3,0,0
bidmc_02,285,0.6892307692307692,0.008210254808693,0.6199999999999999,0.2482891067587759,0.2405820979623917,0.0682173202977347,0.1577169917025138,88.2,0,0
bidmc_02,290,0.6836923076923076,0.0050745915392216,0.667076923076923,0.2556328367662382,0.2382106594815524,0.0615673093858717,0.1436447717375991,87.3,0,0
bidmc_02,295,0.6775384615384615,0.0057728193967057,0.5765714285714285,0.2531741021563089,0.2319972499430748,0.0661151361907972,0.1436348270750346,87.5,0,0
bidmc_02,300,0.6683076923076923,0.0050745915392217,0.4073846153846153,0.2530260437644537,0.1944780667808923,0.0666722563125806,0.1222844437237164,88.4,0,0
bidmc_02,305,0.6611428571428571,0.0064901809666288,0.4935384615384615,0.2517123429153636,0.2117328876627351,0.0778530713218208,0.1345655762869496,89.4,0,0
bidmc_02,310,0.6525714285714285,0.0058274508726774,0.6026666666666666,0.2513030058913912,0.2361110580496797,0.0679884658699837,0.1498788021211431,90.6,0,0
bidmc_02,315,0.6479999999999999,0.0042761798705987,0.5542857142857142,0.2599105638524002,0.2157234498578668,0.0676715879420544,0.1370862146540686,91.7,0,0
bidmc_02,320,0.6497142857142856,0.0044629998148038,0.5969230769230769,0.2499613894126923,0.2074903036975535,0.0695268624133156,0.1328932223775264,92.5,0,0
bidmc_02,325,0.6365714285714285,0.0436834625225517,0.5085714285714285,0.2471286947151671,0.2490210442170745,0.0693646438136906,0.1515449524578005,92.4,0,0
bidmc_02,330,0.6485714285714286,0.0047466422073817,0.4639999999999999,0.2651703212468728,0.226080626332545,0.068427750758407,0.146963905433036,92.4,0,0
bidmc_02,335,0.6525714285714285,0.0039589732744431,0.4697142857142856,0.2609103748850792,0.2160704842679514,0.0696961025011112,0.1443645906363129,92.6,0,0
bidmc_02,340,0.6451428571428571,0.0415259938263409,0.3782857142857143,0.2536732744717571,0.2332810011384007,0.0686983453511848,0.1528790633101205,92.0,0,0
bidmc_02,345,0.6588571428571427,0.0038332593899996,0.4725714285714285,0.2566180009477944,0.2170944908493998,0.0680597494476832,0.1383497234068678,91.3,0,0
bidmc_02,350,0.6609230769230768,0.0049994082490067,0.4879999999999999,0.2611119688726375,0.2195845860169611,0.0733232790249512,0.1444977230519251,91.0,0,0
bidmc_02,355,0.6542857142857142,0.0101096034359737,0.2537142857142857,0.2643169887382001,0.2137559276059912,0.0696855312301831,0.135897921017767,91.0,0,0
bidmc_02,360,0.6394285714285713,0.0070681810724874,0.0789333333333333,0.253414896982333,0.1922484039263264,0.0805832445744479,0.1236600998255339,91.6,0,0
bidmc_02,365,0.6365714285714285,0.0049815987926179,0.0826666666666666,0.2563475937214223,0.1838399706823579,0.0709491894750603,0.1252389427550025,93.2,0,0
bidmc_02,370,0.6474285714285714,0.0093021831977712,0.124,0.2652437638143514,0.2109586019637915,0.0713278263307131,0.132406233054317,94.0,0,0
bidmc_02,375,0.6571428571428571,0.0051110125199995,0.0661333333333333,0.2589656232242904,0.2260994115464101,0.0704001063265113,0.1480912426508178,93.1,0,0
bidmc_02,380,0.6605714285714285,0.0039589732744431,0.115076923076923,0.2656357815449718,0.2380031893470274,0.0756463972873862,0.1495971340132183,91.7,0,0
bidmc_02,385,0.6584615384615383,0.0057728193967057,0.2750769230769231,0.2706778039359973,0.2464176781942133,0.0707447224233014,0.1505961714071015,91.0,0,0
bidmc_02,390,0.6531428571428571,0.0088709569692914,0.3978666666666666,0.1890551245287798,0.2194713156977193,0.077879273658228,0.1458516412507977,91.2,0,0
bidmc_02,395,0.6578461538461539,0.0055725447003922,0.5599999999999998,0.2466198478645718,0.2056684243972724,0.0782632021856988,0.1339082524075719,91.6,0,0
bidmc_02,400,0.6662857142857143,0.0063631592718057,0.6034285714285713,0.2455943023121484,0.2265513719877994,0.0678445776117821,0.1401597314633575,91.3,0,0
bidmc_02,405,0.6707692307692308,0.0052937386258723,0.6399999999999999,0.2479176933304205,0.2474554745690923,0.0679887726454257,0.1488347134404128,90.3,0,0
bidmc_02,410,0.6691428571428572,0.0057427860692119,0.6011428571428571,0.2447536191103519,0.2311209640976041,0.0672951319863603,0.1456109336603679,89.8,0,0
bidmc_02,415,0.6571428571428571,0.0449362360030571,0.603076923076923,0.2402250391661423,0.2389281651181107,0.07083528934792,0.1527342488098095,89.9,0,0
bidmc_02,420,0.6657142857142856,0.0044629998148038,0.6102857142857142,0.2547663287336396,0.2300185019842793,0.0674186828383332,0.1482150503394933,90.0,0,0
bidmc_02,425,0.6588571428571429,0.0137261853136734,0.3925714285714286,0.1716648202028667,0.2190453361554472,0.0803283317120961,0.1384757258673991,90.3,0,0
bidmc_02,430,0.6531428571428571,0.0119454542630667,0.1088,0.1512659785185034,0.2135227069753472,0.0798255180390081,0.1395387223576011,91.0,0,0
bidmc_02,435,0.6468571428571428,0.0059384599116647,0.0666666666666666,0.2641145516775095,0.2285342813935401,0.0696907928582049,0.1517762945902465,91.8,0,0
bidmc_02,440,0.6411428571428571,0.0041206300291017,0.1157333333333333,0.2639252015380521,0.2064807734060662,0.0717312201931035,0.1473676509856905,92.6,0,0
bidmc_02,445,0.6411428571428571,0.0041206300291017,0.0228571428571428,0.2520280943372401,0.1837932637937762,0.0708852667839807,0.135396816066112,93.5,0,0
bidmc_02,450,0.6330666666666666,0.0432164577704168,0.1072,0.2505311776998818,0.2338665936920182,0.0699480700004691,0.1559565997257763,93.7,0,0
bidmc_02,455,0.6474285714285714,0.0047466422073817,0.204,0.267767031458572,0.21949344323448,0.068897344956863,0.1416819260003734,93.2,0,0
bidmc_02,460,0.6559999999999999,0.0060474315681476,0.1657142857142857,0.2582126439483239,0.204711615618731,0.0698809979636718,0.1357364982703058,92.8,0,0
bidmc_02,465,0.6719999999999999,0.0108698595277881,0.3753846153846153,0.2501882101517851,0.2239023146356455,0.0671219840629104,0.1463328634561979,91.7,0,0
bidmc_02,470,0.6639999999999999,0.0469406920638008,0.5649230769230769,0.2464440236512236,0.2610671175264705,0.0669121515555402,0.1569078582768141,89.9,0,0
bidmc_03,40,0.7919999999999999,0.0173938338081474,0.0996363636363636,0.1612246957283824,0.3059724887145293,0.0601578724573526,0.1562692414416325,75.8,0,0
bidmc_03,45,0.7759999999999999,0.0482217101867336,0.2012307692307692,0.1463421876750648,0.276824726789426,0.0607905790152087,0.1439526865907092,75.6,0,0
bidmc_03,55,0.7876363636363636,0.0288168912816857,0.1053333333333333,0.0993519657162394,0.2929603071590999,0.0543862224290092,0.1491277765124777,76.4,0,0
bidmc_03,60,0.7720000000000001,0.0945727233402951,0.1489230769230769,0.1373521729979367,0.2803540009914129,0.0552101522574621,0.1451770709522477,76.7,0,0
bidmc_03,95,0.7613333333333333,0.0584085229701586,0.0658461538461538,0.1346643542002202,0.3022362590484941,0.0541761273438999,0.1547573183685075,77.2,0,0
bidmc_03,100,0.7767272727272728,0.0985394161182499,0.0613333333333333,0.1519938432555908,0.2977133278333779,0.0547110170021891,0.1572109445514649,77.2,0,0
bidmc_03,110,0.8116363636363637,0.1247479442186397,0.1406666666666667,0.1652828840501599,0.3002780456665073,0.0616505476798632,0.1552782920560945,76.9,1,3
bidmc_03,115,0.8465454545454545,0.1163227200791469,0.096,0.1747038940912586,0.2925393324410297,0.0625100439259882,0.1460996827404166,76.2,1,3
bidmc_03,170,0.7919999999999999,0.0238784802318283,0.47,0.1018530506753967,0.306818622887771,0.0569010252053829,0.1518742475402189,75.9,0,0
bidmc_03,175,0.7898181818181819,0.0199171839092787,0.5379999999999999,0.0917601659280168,0.2926836720319433,0.0571665541549976,0.1477060070022323,76.1,0,0
bidmc_03,180,0.7861818181818182,0.0210532579289165,0.2113333333333333,0.0924907978011218,0.2828711578995417,0.0553832136362466,0.1430117383383309,76.0,0,0
bidmc_03,185,0.784,0.0787539320807654,0.18,0.1794427676673874,0.2501382150142829,0.0669187736689754,0.1361611911198829,76.0,0,0
bidmc_03,190,0.7686666666666667,0.0672871128490111,0.1913846153846154,0.1432762313324538,0.2676474199958872,0.0566715439256093,0.1356918483370377,76.3,0,0
bidmc_03,230,0.7946666666666666,0.0037712361663282,0.0186666666666666,0.1434222294479696,0.3127288438941042,0.0507463172158694,0.1540286173356221,75.1,0,0
bidmc_03,295,0.786909090909091,0.0287985307246884,0.1586666666666666,0.1003306230900878,0.2952082364110986,0.0563230420234283,0.1472442957201933,75.7,0,0
bidmc_03,300,0.7719999999999999,0.0883930615678251,0.3236923076923077,0.1714438138412546,0.2691834150477034,0.0680258899016082,0.1406811152466102,76.0,0,0
bidmc_03,305,0.7854545454545455,0.015933747127423,0.088,0.0957330858512931,0.2777779228998522,0.0560809703560059,0.1386259237236447,76.3,0,0
bidmc_03,320,0.7832727272727272,0.0022998382983042,0.0313333333333333,0.1333606333477893,0.2960515232422702,0.0711422381294256,0.1477422875574087,76.5,0,0
bidmc_03,325,0.7818181818181817,0.0035628941713209,0.0333333333333333,0.1331105470011263,0.3018791841254062,0.0722436123347881,0.1523645318128018,76.8,0,0
bidmc_03,330,0.7816,0.0036660605559646,0.0349090909090909,0.1324028150180581,0.3026841091317695,0.0478916500086245,0.1500769875568474,77.0,0,0
bidmc_03,335,0.8538181818181818,0.2681457602878154,0.0669090909090909,0.1166540151417105,0.3083470351857316,0.0726880090861166,0.151815948759939,78.4,1,3
bidmc_03,340,0.77,0.131133519742284,0.1206153846153846,0.1035588133105318,0.3024466029824624,0.0695809564282993,0.1537848074655279,84.2,1,3
bidmc_03,370,0.7861818181818182,0.0307181266646441,0.1973333333333333,0.0987215138674652,0.3083836197421809,0.0895218450269834,0.1504824495900019,76.0,0,0
bidmc_03,375,0.7879999999999999,0.0234378611083292,0.1933333333333333,0.0941940282596449,0.3097929032065455,0.0884824987567061,0.1507628933025125,75.8,0,0
bidmc_03,400,0.7813333333333334,0.0037712361663282,0.02,0.1391748158190317,0.3095984374771779,0.0510140069287374,0.1524790884128349,76.9,0,0
bidmc_03,405,0.7693333333333334,0.0463992337101475,0.0646153846153846,0.1271801764267987,0.3035583747590811,0.0515342250472631,0.1538887365824174,77.1,0,0
bidmc_03,415,0.7854545454545455,0.0030855568633594,0.018,0.1422494455137112,0.3073194130669124,0.0619065966843416,0.1522697639633637,76.6,0,0
bidmc_03,420,0.7864,0.0805620257937944,0.1136,0.1511757839638072,0.2935157338976884,0.0708798466609164,0.1558382340163729,76.7,0,0
bidmc_03,425,0.7861818181818182,0.1073903823201874,0.3073333333333333,0.1762396501782989,0.2749257140310442,0.0644939113166028,0.1394075867087919,76.4,1,3
bidmc_03,430,0.7723636363636364,0.0612465549714248,0.2993333333333334,0.1843168017007987,0.2744365145170419,0.0775333201393404,0.1382086442419521,76.2,0,0
bidmc_03,435,0.7883636363636364,0.0870603476459369,0.4539999999999999,0.1869854369243956,0.2485986597152392,0.0753123471469457,0.1275169552794025,76.3,0,0
bidmc_03,440,0.7883636363636364,0.0249190424712899,0.29,0.1006784884106086,0.2571568782703823,0.0537410672696285,0.1214017718178095,76.3,0,0
bidmc_04,0,0.6417142857142857,0.0032826072265931,0.1285333333333333,0.0753125246542504,0.2836112004759073,0.1006141571109456,0.1416334120133832,94.2,0,0
bidmc_04,5,0.6394285714285715,0.0047466422073817,0.0928,0.0581108724622893,0.2741679117174009,0.06557709515183,0.1429982776090948,94.0,0,0
bidmc_04,10,0.686153846153846,0.171470493606086,0.0984615384615384,0.060000176468214,0.2872927781304825,0.094453735470549,0.1418525135324492,94.0,1,3
bidmc_04,15,0.6898461538461537,0.1152988399126682,0.1634285714285714,0.0511757053651075,0.2822690298059689,0.0944860881101525,0.1430140629549292,94.2,1,3
bidmc_04,20,0.6462857142857142,0.0053908463611752,0.0901333333333333,0.0631582205835427,0.2745287044611032,0.0635604198754129,0.1407145477864038,93.9,0,0
bidmc_04,25,0.6434285714285713,0.0058274508726774,0.0954666666666666,0.0599020326932076,0.2881788971007064,0.0649574469039623,0.147223399269421,93.2,0,0
bidmc_04,30,0.6365714285714285,0.0049815987926179,0.1061333333333333,0.0623482781997036,0.276335088655393,0.0700975692301972,0.1464908033471389,93.2,0,0
bidmc_04,35,0.6354285714285713,0.0049815987926179,0.152,0.0784176844024608,0.2865163759505271,0.0937877322672003,0.1444174309763653,94.0,0,0
bidmc_04,40,0.6399999999999999,0.0381736921089743,0.2057142857142857,0.0935598082254965,0.2789068716687778,0.1249514492232155,0.1393308957134075,94.3,0,0
bidmc_04,45,0.6394285714285715,0.0367184544603824,0.2053333333333333,0.0844690284765914,0.261674376590624,0.1161290735415631,0.131109314583763,93.9,0,0
bidmc_04,50,0.6365714285714285,0.0039589732744431,0.1632,0.0461680477099389,0.2634812988981738,0.0875877819542464,0.1355350949900536,93.7,0,0
bidmc_04,55,0.6365714285714285,0.0039589732744431,0.1077333333333333,0.0463461609564934,0.2722432123437314,0.066098328072018,0.1425162925420108,93.8,0,0
bidmc_04,60,0.6371428571428571,0.0038332593899996,0.0858666666666666,0.0587074081312256,0.2840572950433674,0.0659185873322762,0.1476104736197427,94.0,0,0
bidmc_04,65,0.6371428571428571,0.0038332593899996,0.0853333333333333,0.0628314531170029,0.2753880267042349,0.0662658636108269,0.1439415819770693,94.0,0,0
bidmc_04,70,0.636,0.004,0.0891428571428571,0.0641594721103862,0.2756487189606913,0.0683749183863574,0.1412517843242649,94.0,0,0
bidmc_04,75,0.6362666666666665,0.0039911012125588,0.0901333333333333,0.0560571765175743,0.2997926425941416,0.0667533823244684,0.1502360790545676,94.0,0,0
bidmc_04,80,0.6377142857142857,0.0047121207149916,0.0890666666666666,0.0594973529170962,0.297568108015228,0.0635414309385143,0.149389379815636,94.0,0,0
bidmc_04,85,0.6377142857142857,0.0047121207149916,0.0944,0.0633309638605414,0.2911259961862539,0.0632442155857106,0.149455606544667,94.0,0,0
bidmc_04,90,0.6342857142857142,0.0047121207149916,0.0928,0.0574337771581723,0.2870215781281133,0.0646418778646209,0.1500329987636527,94.0,0,0
bidmc_04,95,0.6348571428571429,0.0223442454811624,0.1109333333333333,0.0235672519647488,0.263221192080091,0.0704074607549272,0.1404546481776617,94.5,0,0
bidmc_04,100,0.637142857142857,0.0038332593899996,0.0981333333333333,0.0560495895315929,0.2586254151035794,0.09766399641139,0.1368320947169698,94.7,0,0
bidmc_04,105,0.6843076923076923,0.115914679906177,0.1212307692307692,0.0582723421942529,0.263435589910243,0.0985537674362829,0.1364809799229821,94.2,1,3
bidmc_04,110,0.6346666666666666,0.0037712361663282,0.1061333333333333,0.0650230276135246,0.2810127446200801,0.0647731068918051,0.1417537016509227,94.1,0,0
bidmc_04,115,0.6314666666666666,0.0035377331097124,0.1530666666666666,0.0760405017285038,0.3000854480758396,0.0950324321461869,0.1540271485180651,94.6,0,0
bidmc_04,120,0.6806666666666666,0.117822842531583,0.1895384615384615,0.0497919820472595,0.2710910375421258,0.1148977263314659,0.1399162059586961,95.0,1,3
bidmc_04,125,0.7333333333333334,0.2355664567708135,0.2166153846153846,0.0579166573466571,0.2798884618038175,0.1139328597514946,0.1400838015076149,95.4,1,3
bidmc_04,130,0.7333333333333333,0.2337710180687265,0.1649230769230769,0.0605655471693082,0.2691990448297723,0.1141632129810997,0.1388885059309443,95.5,1,3
bidmc_04,135,0.6276923076923075,0.0050745915392217,0.1217142857142857,0.0575685937065071,0.2538106820607909,0.0946950442736892,0.1357169825431194,95.0,0,0
bidmc_04,140,0.6713846153846154,0.1641751121687489,0.1691428571428571,0.0603692360922574,0.2928872641875124,0.0956426916145468,0.1518224252768946,95.4,1,3
bidmc_04,145,0.6228571428571428,0.0041206300291017,0.1482666666666667,0.0767959440792498,0.2809612090790152,0.0952587565521919,0.1525743145271545,96.4,0,0
bidmc_04,150,0.6257142857142857,0.0053908463611752,0.0944,0.0626040601275013,0.2696967487646329,0.0675042778905224,0.1375808936203631,96.3,0,0
bidmc_04,155,0.6181333333333332,0.034989268195961,0.0944,0.061693877310278,0.271894815442904,0.0697943271858479,0.1390243241371459,95.9,0,0
bidmc_04,160,0.6279999999999999,0.032531303605692,0.1472,0.0527988787602284,0.2758113725336008,0.0708492090613155,0.1399330640640304,96.2,0,0
bidmc_04,165,0.6302857142857141,0.0647229574763838,0.1557333333333333,0.0784654857775612,0.2877085577794063,0.0680473048844508,0.1452040571218707,96.0,0,0
bidmc_04,170,0.6365714285714285,0.0049815987926179,0.0885333333333333,0.0654428707422303,0.2827095778819469,0.0656365781272711,0.1471467153338921,95.1,0,0
bidmc_04,175,0.6405714285714285,0.0036589281356759,0.0864,0.0722913144321164,0.2854992898359406,0.0682985087758306,0.1494654055205547,94.3,0,0
bidmc_04,180,0.6445714285714285,0.0039589732744431,0.0874285714285714,0.0713000106451574,0.2966222734155324,0.0652633576320112,0.1468990494918754,93.7,0,0
bidmc_04,185,0.6462857142857142,0.0032826072265931,0.0874666666666666,0.0654856507841199,0.2868752262317565,0.0648603278451245,0.1408707496661794,93.2,0,0
bidmc_04,190,0.6457142857142857,0.003614031611621,0.0874666666666666,0.0591514087647671,0.2775933058336838,0.0646942765135633,0.1421282830237273,93.0,0,0
bidmc_04,195,0.6411428571428571,0.0051110125199995,0.096,0.0592037673283929,0.2818005903234234,0.0651931359092614,0.1495854251839012,93.0,0,0
bidmc_04,200,0.6348571428571429,0.0137261853136735,0.1061333333333333,0.0401148155527481,0.2907239716332231,0.0654763549950457,0.1524157538544231,93.5,0,0
bidmc_04,205,0.6330666666666666,0.0133439957367432,0.1082666666666667,0.0444485400863588,0.2803621166213657,0.0684173376853591,0.1435688623629075,94.4,0,0
bidmc_04,210,0.6346666666666666,0.0047702783519995,0.1088,0.058974754970249,0.2867150947712184,0.0665393939870798,0.1445605714289901,94.8,0,0
bidmc_04,215,0.636,0.005014265364224,0.1066666666666666,0.0588921597684096,0.2818521285608775,0.064809445185166,0.1447840723572508,94.7,0,0
bidmc_04,220,0.6388571428571428,0.002799416848895,0.1061333333333333,0.0641167885779726,0.2706236734890152,0.0633143866000303,0.1394865924515317,94.3,0,0
bidmc_04,225,0.6337142857142856,0.0317387293188544,0.16,0.0475699241064487,0.2818835129116726,0.0671657322966026,0.1398146320407043,94.1,0,0
bidmc_04,230,0.6337142857142856,0.0317387293188544,0.1482666666666667,0.0499642693190937,0.2672036653903802,0.0720977616479067,0.1350073851093037,94.6,0,0
bidmc_04,235,0.6422857142857142,0.0047121207149916,0.0789333333333333,0.0641653353336956,0.2732663781723355,0.0669228761543539,0.1414140376222051,94.5,0,0
bidmc_04,240,0.6445714285714285,0.0039589732744431,0.0771428571428571,0.0612754798386561,0.2992096405942032,0.066139517085968,0.1501306744575627,93.6,0,0
bidmc_04,245,0.6417142857142857,0.0032826072265931,0.0794666666666666,0.0545826981238398,0.2853693888684478,0.0659078646380563,0.1411218234633879,93.1,0,0
bidmc_04,250,0.6422857142857142,0.003614031611621,0.0805333333333333,0.0585356800506798,0.2851359882002256,0.0653596860456969,0.1457282141577411,93.4,0,0
bidmc_04,255,0.6929230769230769,0.171825699492006,0.1279999999999999,0.0605175395683637,0.3073407763671537,0.0939517022093584,0.16154411257871,93.4,1,3
bidmc_04,260,0.6417142857142857,0.0053908463611752,0.132,0.0769701335574366,0.2883630669508713,0.0956287572678133,0.1439951571848352,93.0,0,0
bidmc_04,265,0.6373333333333332,0.0055936471902408,0.0949333333333333,0.0547394264539152,0.2731733479357288,0.066694547363457,0.1389749248062031,93.2,0,0
bidmc_04,270,0.6342857142857142,0.0047121207149916,0.0997333333333333,0.0539419918325729,0.2954299060034177,0.0666178469283944,0.1498093926145856,93.8,0,0
bidmc_04,275,0.6371428571428571,0.0250452651437841,0.0933333333333333,0.0460667401636204,0.2787003536750351,0.0658711208726613,0.1470976780158791,94.5,0,0
bidmc_04,280,0.6519999999999999,0.030350335371176,0.144,0.0631281420811732,0.2714293315536692,0.0702357715044712,0.1413025984879714,94.4,0,0
bidmc_04,285,0.6428571428571429,0.0038332593899996,0.0965333333333333,0.0632044032411553,0.2918780509206437,0.0664823223342381,0.1536544159267395,93.4,0,0
bidmc_04,290,0.6422857142857142,0.003614031611621,0.0977142857142857,0.0640245307852548,0.2985144424787259,0.065856517547495,0.1496609116136554,92.9,0,0
bidmc_04,295,0.6411428571428571,0.002799416848895,0.0997333333333333,0.0636250306431927,0.2900223017881604,0.0644162289930022,0.1446105210818797,93.2,0,0
bidmc_04,300,0.6439999999999999,0.004,0.0976,0.0625190589800757,0.290416077479909,0.0638849288505219,0.1506836742095264,93.5,0,0
bidmc_04,305,0.6457142857142857,0.003614031611621,0.0997333333333333,0.0621989873293504,0.2840336135527224,0.0652600322084731,0.1499330603855429,93.3,0,0
bidmc_04,310,0.6497142857142857,0.0053908463611752,0.1,0.0643069793878886,0.2914035323613976,0.0661547476853427,0.1482637923576894,93.0,0,0
bidmc_04,315,0.652,0.004,0.0954666666666666,0.0662615360546967,0.2809191759960179,0.0648819065882226,0.13879498949521,92.6,0,0
bidmc_04,320,0.6422857142857142,0.0233098034907098,0.0858666666666666,0.0738177226813449,0.2866928057862835,0.0921342182692085,0.1459588262387237,92.1,0,0
bidmc_04,325,0.6445714285714285,0.0123618900873051,0.1268571428571429,0.0626436155926739,0.2662880488979476,0.0963000238017728,0.1431679394726459,92.7,0,0
bidmc_04,330,0.6449230769230768,0.0049994082490067,0.0979999999999999,0.062313933363118,0.2313671887215039,0.0657274936099045,0.1089002862267705,93.0,0,0
bidmc_04,335,0.6508571428571427,0.0243041946492991,0.3702857142857144,0.0535978674518186,0.1307021195582732,0.0640395426106432,0.0719064890408605,92.9,0,0
bidmc_04,340,0.6565714285714285,0.0264405378314497,0.5322666666666666,0.0544208884224964,0.0353785282650874,0.0700209360555273,0.0300958569022379,92.6,0,0
bidmc_04,345,0.659076923076923,0.0038920340432841,0.5771428571428572,0.0581840018490734,0.170124046001814,0.0642549411436445,0.1097266651876183,91.4,0,0
bidmc_04,350,0.6582857142857143,0.003614031611621,0.1952,0.0599319429285979,0.2436562677763341,0.0645820600557377,0.1497641808474357,90.9,0,0
bidmc_04,355,0.6596923076923076,0.0039881481220971,0.0965714285714286,0.0639891892070735,0.2568789126917455,0.0662843497614599,0.1386747498468521,91.0,0,0
bidmc_04,360,0.6657142857142857,0.0053908463611752,0.0693333333333333,0.065689590346663,0.1957968815600657,0.0643221844829563,0.1074260568247113,91.0,0,0
bidmc_04,365,0.6695384615384616,0.0036923076923076,0.064,0.0646978764795867,0.217399902681088,0.0640485908921401,0.1141009668309858,90.5,0,0
bidmc_04,370,0.6691428571428572,0.0177878656185981,0.0624,0.0509647369774254,0.2737868797579347,0.063910594407148,0.1419388700689904,90.1,0,0
bidmc_04,375,0.6683076923076923,0.0364066448190745,0.0662857142857143,0.0562198321726297,0.2824360844064889,0.0638718407090567,0.1462806471371079,90.1,0,0
bidmc_04,380,0.6685714285714287,0.0039589732744431,0.0624,0.0674356087496413,0.2937590763550542,0.0637348679856396,0.1478430574031377,89.9,0,0
bidmc_04,385,0.6713846153846154,0.0037934855402886,0.06,0.0683054664536476,0.2991539779651154,0.0632747443966777,0.1496034800643303,89.9,0,0
bidmc_04,390,0.6657142857142856,0.0274107084690547,0.0588571428571428,0.0714113913407098,0.2898313917949234,0.0940363092015994,0.1434500763379363,89.5,0,0
bidmc_04,395,0.6726153846153846,0.0138427346205562,0.1205714285714286,0.0607912635652558,0.269962382791778,0.0948137254469416,0.1357818926899959,89.2,0,0
bidmc_04,400,0.6738461538461539,0.0046051167837217,0.1097142857142857,0.067816063237821,0.2904776586817967,0.0660623042962707,0.1383869577970837,89.2,0,0
bidmc_04,405,0.7406666666666665,0.1964337603932231,0.0493333333333333,0.0718562393698789,0.2919527421925249,0.0940983276695436,0.1381744751945534,88.7,1,3
bidmc_04,410,0.6806153846153845,0.0512212973456856,0.1405714285714286,0.1452635807220921,0.2658782232607508,0.1196033397799763,0.1324342554299346,88.5,0,0
bidmc_04,415,0.6657142857142856,0.0416986271980754,0.0496,0.1062197831443072,0.2637244185222583,0.0956301445244246,0.1397075718700662,88.6,0,0
bidmc_04,420,0.6658461538461538,0.0077840680865683,0.0434285714285714,0.067870932203399,0.2925628409978186,0.065056050966365,0.1478685183413673,89.6,0,0
bidmc_04,425,0.6806153846153846,0.011076923076923,0.028,0.0661488551025677,0.3128098190021708,0.0627367019236628,0.1504927659671711,90.0,0,0
bidmc_04,430,0.6941538461538461,0.0063952645202543,0.0131428571428571,0.0750890373036983,0.3025182077528354,0.0639693567875104,0.1549438743385069,88.4,0,0
bidmc_04,435,0.6984615384615384,0.0048455433070841,0.1114285714285714,0.0831691044245345,0.2920087321585142,0.0680719598544372,0.1451890965366326,86.8,0,0
bidmc_04,440,0.7064615384615384,0.0079286761395231,0.438153846153846,0.0902638743019619,0.2941693332502847,0.0586737811797917,0.1414970383506547,86.1,0,0
bidmc_04,445,0.7163076923076923,0.0074357205991351,0.7064615384615384,0.0849077968327143,0.3042058132973035,0.0592581573847241,0.146388166308292,85.4,0,0
bidmc_04,450,0.7212307692307692,0.0069076751755826,0.7101538461538461,0.0855035353558625,0.2981873451739753,0.0590244184216247,0.1454099957398781,84.3,0,0
bidmc_04,455,0.7212307692307692,0.0061538461538461,0.6634285714285714,0.0779245601457972,0.2975345361849337,0.0595807910012751,0.1465682511273791,83.4,0,0
bidmc_04,460,0.712,0.0070164641544562,0.5119999999999999,0.079409703132129,0.3019889544591442,0.065525864689877,0.1471727433168196,83.2,0,0
bidmc_04,465,0.7107692307692306,0.0350607250049086,0.4461538461538461,0.0889111553098143,0.2912704714596528,0.089727891185121,0.135114510913078,84.0,0,0
bidmc_04,470,0.7138461538461538,0.0166495375488845,0.5156923076923078,0.0813692426407516,0.2159173367993383,0.0886576239771746,0.10333401926132,84.4,0,0
bidmc_05,0,0.6133333333333333,0.0055936471902408,0.0799999999999999,0.5285351568744971,0.1358143259706516,0.1066078505399826,0.0908394210085079,98.0,0,0
bidmc_05,5,0.6114285714285713,0.0058274508726774,0.0853333333333333,0.5275568965271822,0.1357521183514228,0.1066644805417443,0.0908201235036753,98.0,0,0
bidmc_05,10,0.6095999999999999,0.0059866518188383,0.0864,0.5195722404259389,0.1270199523414857,0.1101828259813333,0.0855734110785357,98.0,0,0
bidmc_05,15,0.6117333333333332,0.0049459298642643,0.0858666666666666,0.5223879864427697,0.1341563179607241,0.1085379447764747,0.08978978143291,98.4,0,0
bidmc_05,20,0.6138666666666666,0.0045879068090894,0.089,0.5255571852607188,0.1332133993443028,0.1056622872128538,0.0901080315512872,98.4,0,0
bidmc_05,25,0.6165333333333333,0.0045879068090894,0.089,0.5291856730551818,0.1226068005802327,0.1065629430042719,0.0833751566141987,97.9,0,0
bidmc_05,30,0.6138666666666666,0.0045879068090894,0.092,0.5257264167453285,0.1238488268354604,0.1052930713195895,0.0832569326010921,97.4,0,0
bidmc_05,35,0.5994666666666665,0.0428794693167824,0.0965333333333333,0.497240751459541,0.1264370532737955,0.1061923900719853,0.0840710973110419,97.5,0,0
bidmc_05,40,0.6090666666666665,0.0057441757942768,0.0992,0.545708648645047,0.1235313589180827,0.1142594551167899,0.0835980124179886,98.0,0,0
bidmc_05,45,0.6106666666666666,0.0037712361663282,0.0954666666666666,0.5282427438416459,0.1257651654002164,0.108791240727095,0.0859803018996084,98.5,0,0
bidmc_05,50,0.6127999999999999,0.003919183588453,0.0965,0.5144932243633755,0.1327748042280806,0.1027880642396879,0.0890379669696809,98.6,0,0
bidmc_05,55,0.6149333333333332,0.0057441757942768,0.0975,0.5265080128788676,0.1318942672740034,0.1069695823398418,0.0885833726217499,98.0,0,0
bidmc_05,60,0.6127999999999999,0.0064,0.0995,0.5170180291059885,0.1265931001531103,0.1052259126881741,0.0844459330064895,97.6,0,0
bidmc_05,65,0.613142857142857,0.0048822878544671,0.1066666666666667,0.4969162196554255,0.1227393002198341,0.1046168470528031,0.0816157368373867,97.7,0,0
bidmc_05,70,0.6090666666666665,0.0076547733836839,0.1130666666666667,0.5246778109089972,0.1253113595820547,0.1088881058805073,0.084555709025823,98.0,0,0
bidmc_05,75,0.6101333333333332,0.006829999186595,0.1109333333333333,0.5209061709984294,0.1266407811379958,0.1086221955770228,0.0864721986648174,98.4,0,0
bidmc_05,80,0.6149333333333332,0.0064442911859171,0.1075,0.5279745215964984,0.1230103376954269,0.1064228070290865,0.0848977503353318,98.5,0,0
bidmc_05,85,0.6186666666666665,0.0037712361663282,0.0975,0.5266874888894444,0.1268251555144432,0.1059026035016906,0.0863317893267148,97.8,0,0
bidmc_05,90,0.6175999999999999,0.0043328204824725,0.0834999999999999,0.542604353752626,0.1347591118214328,0.1088368018525442,0.0919009041183703,97.2,0,0
bidmc_05,95,0.6143999999999998,0.0052255781179374,0.076,0.5262883594660823,0.1431796284706988,0.1055283693284497,0.0952068610776375,97.0,0,0
bidmc_05,100,0.613142857142857,0.0038332593899996,0.0805333333333333,0.5230723262988143,0.1495905793780869,0.105290269764895,0.0985173312013842,97.5,0,0
bidmc_05,105,0.6154285714285713,0.0036589281356759,0.088,0.5112077965592671,0.1352467219167242,0.1184119468575786,0.0935864208441744,97.9,0,0
bidmc_05,110,0.6101333333333333,0.0045879068090894,0.1248,0.509680532099729,0.1013501826540687,0.1201101666538136,0.0701597708737526,97.9,0,0
bidmc_05,115,0.608,0.0041311822359545,0.4853333333333333,0.5222829185232787,0.0625356453612563,0.1126101584205412,0.0421326999179998,98.2,0,0
bidmc_05,125,0.6159999999999999,0.0058423739467217,0.889,0.5211233601030849,0.0668988765039949,0.1047723549441208,0.0462111864728107,98.5,0,0
bidmc_05,130,0.6217142857142857,0.0047121207149916,0.1194666666666667,0.5058529504805761,0.0825515789861023,0.1027021709245083,0.055165183158007,97.7,0,0
bidmc_05,135,0.6047999999999999,0.0444750117106973,0.0794666666666666,0.4958824524915518,0.0901772647900861,0.1049198917366591,0.0544530192375826,96.9,0,0
bidmc_05,140,0.6114285714285713,0.0039589732744431,0.0837333333333333,0.5165616348502168,0.0877453990164984,0.1090535323397775,0.0550029187582636,96.9,0,0
bidmc_05,145,0.6133333333333333,0.0047702783519995,0.4533333333333332,0.5173095020625957,0.0962089709422601,0.106929482786086,0.1063723883749714,97.7,0,0
bidmc_05,150,0.6101333333333332,0.0054389541478323,0.4579999999999999,0.5058347366586311,0.0765804482686222,0.1023997955571017,0.1104321639839847,98.0,0,0
bidmc_05,155,0.6106666666666666,0.0055936471902408,0.104,0.5045867359607341,0.0961346367791218,0.1021266309233134,0.0658336214327781,98.2,0,0
bidmc_05,160,0.6143999999999998,0.0072736969050591,0.0965,0.5138240631954534,0.1173682779394998,0.1032960487028404,0.0808672563579274,98.3,0,0
bidmc_05,165,0.613142857142857,0.0098478216797794,0.0890666666666666,0.4971939650449405,0.1316917813000873,0.1010317985002599,0.0875235487658783,97.8,0,0
bidmc_05,170,0.6090666666666665,0.0057441757942768,0.0981333333333333,0.508926684195134,0.141340262617185,0.1054543056134431,0.0952638471894821,97.6,0,0
bidmc_05,175,0.6143999999999998,0.0066613311982916,0.0986666666666667,0.5201257852381926,0.143786492113237,0.1086611580020696,0.0988166250852379,98.1,0,0
bidmc_05,180,0.6138666666666666,0.0061737796814881,0.0844999999999999,0.5196902422007691,0.1389055410630361,0.1044180048866317,0.0945692404118946,98.1,0,0
bidmc_05,185,0.6085333333333333,0.0045879068090894,0.0834999999999999,0.5292330727870489,0.1390028531920783,0.106415230064461,0.096245601890879,97.9,0,0
bidmc_05,190,0.6063999999999999,0.0052255781179374,0.09,0.5360934842865583,0.1410213972152299,0.1086218220877649,0.094132448272775,98.4,0,0
bidmc_05,195,0.6097142857142855,0.0053908463611752,0.0912,0.5177761644014706,0.143557550007472,0.108438877783012,0.0968890399358763,98.9,0,0
bidmc_05,200,0.6127999999999999,0.0048880807412862,0.088,0.5277863045968716,0.1367619402364856,0.1102556235339342,0.0950974847089296,98.6,0,0
bidmc_05,205,0.6122666666666666,0.0049459298642643,0.089,0.5226353018064462,0.1245715867342539,0.106170680121169,0.0858583686422436,98.1,0,0
bidmc_05,210,0.6133333333333332,0.0047702783519995,0.086,0.514713986299384,0.1299786288534263,0.104251471881135,0.0880945737594929,98.0,0,0
bidmc_05,215,0.6143999999999998,0.0052255781179374,0.0915,0.5274510292697576,0.1369601991935288,0.1057477790254765,0.0932105838641275,98.0,0,0
bidmc_05,220,0.598,0.0445869936192159,0.097,0.4865947741799548,0.1349135759847776,0.1028694174571562,0.0904748595356636,97.9,0,0
bidmc_05,225,0.5983999999999998,0.0097761614825724,0.104,0.5076507255329246,0.1319179217184896,0.1073541407686725,0.0872999974385669,98.0,0,0
bidmc_05,230,0.6026666666666665,0.0075424723326565,0.105,0.5073184158784254,0.1233518868117154,0.1054754336940153,0.0884341808808591,99.4,0,0
bidmc_05,235,0.6090666666666666,0.0049459298642643,0.0975,0.5076411847076516,0.1254284559368732,0.1038297293719214,0.0847678886573954,100.1,1,2
bidmc_05,240,0.6125714285714284,0.0039589732744431,0.0992,0.510608622146928,0.1257002241429061,0.1036395743445895,0.0833583596234435,98.9,0,0
bidmc_05,245,0.6165714285714285,0.0056279187438834,0.0992,0.5117496670830897,0.1248531043063637,0.1029202732248467,0.0820874453562853,98.0,0,0
bidmc_05,250,0.6133333333333333,0.0085997415981851,0.1002666666666667,0.5206898430126626,0.1212112022447454,0.1078351483878016,0.0859393739201359,97.4,0,0
bidmc_05,255,0.5999999999999999,0.0123935467078637,0.1149999999999999,0.5141452187152163,0.116226047538179,0.1063654007669925,0.0830485499459135,97.6,0,0
bidmc_05,260,0.5865,0.0380230193435502,0.1225,0.5036825936169428,0.1183473907158058,0.1057646407882872,0.0801728696835849,99.2,0,0
bidmc_05,265,0.6010666666666665,0.0027194770739161,0.1173333333333333,0.5205801486361288,0.1263380733096707,0.1065251337842299,0.0835610471857271,100.4,1,2
bidmc_05,270,0.6063999999999999,0.0059866518188383,0.1115,0.523452695474525,0.1273999750438071,0.1084396663712613,0.0896760807374648,100.3,1,2
bidmc_05,275,0.6133333333333332,0.0055936471902408,0.0895,0.5211200728593621,0.1279336048592282,0.105429361157185,0.0859041841961715,99.5,0,0
bidmc_05,280,0.6149333333333332,0.0039911012125588,0.0804999999999999,0.5197010932162778,0.1232604210208583,0.1046737954688704,0.0832868280524531,98.3,0,0
bidmc_05,285,0.6125714285714284,0.0039589732744431,0.0869333333333333,0.5150990930075816,0.1226017318278028,0.1033013186501784,0.0819224442672657,97.8,0,0
bidmc_05,290,0.6148571428571428,0.0041206300291017,0.0848,0.5135778890233019,0.1421152440710461,0.1034242800163884,0.09521484335082,98.0,0,0
bidmc_05,295,0.6149333333333332,0.0039911012125588,0.0864,0.5281560661173845,0.1426637137759176,0.109082853660332,0.0973840310407829,97.7,0,0
bidmc_05,300,0.6138666666666666,0.0035377331097124,0.0815999999999999,0.4951557355012677,0.1342068557126529,0.1134282867266703,0.0894061026336699,97.6,0,0
bidmc_05,305,0.6143999999999998,0.0043328204824725,0.0853333333333333,0.5236845025083832,0.131908844647106,0.1066205239931517,0.0890275569079831,97.9,0,0
bidmc_05,310,0.6112,0.0064,0.0925,0.5234665102396537,0.1254386465898446,0.1064679941867603,0.0857189088515908,98.0,0,0
bidmc_05,315,0.6069333333333333,0.0039911012125588,0.0895,0.5065557594028098,0.1300846553981039,0.1023224366138367,0.0858804914156738,98.2,0,0
bidmc_05,320,0.6079999999999999,0.0030237157840738,0.096,0.519231442776084,0.1332961761993495,0.1069981759736533,0.0888517219322704,98.7,0,0
bidmc_05,325,0.6090666666666665,0.0027194770739161,0.0992,0.51090449775772,0.1226619491623288,0.1181699516542838,0.0851202113624029,99.0,0,0
bidmc_05,330,0.6127999999999999,0.0048880807412862,0.0986666666666667,0.5231793670801808,0.1225922329714349,0.1053179642228012,0.0836764484921576,98.8,0,0
bidmc_05,335,0.6143999999999998,0.0043328204824725,0.097,0.5229158205040177,0.1243387403432166,0.1055525920868607,0.0842011897437528,98.3,0,0
bidmc_05,340,0.6117333333333332,0.0039911012125588,0.096,0.5262359372912231,0.1257008862601178,0.106479865143723,0.083330739402393,98.0,0,0
bidmc_05,345,0.6119999999999999,0.004,0.0997333333333333,0.520109397053119,0.1292610933259503,0.1052507319954603,0.0851141353165699,98.0,0,0
bidmc_05,350,0.6085333333333333,0.0054389541478323,0.1082666666666667,0.5206180820021377,0.1257208555217225,0.1085739024667416,0.0847031465092566,98.0,0,0
bidmc_05,355,0.6074666666666666,0.0045879068090894,0.1104,0.5252232722955952,0.1231263305295367,0.1083771135138113,0.0854948838765687,98.3,0,0
bidmc_05,360,0.6170666666666665,0.0076547733836839,0.1056,0.5304033831053999,0.1321794199684412,0.1060171042157474,0.0894499189659994,98.7,0,0
bidmc_05,365,0.6218666666666667,0.0054389541478323,0.089,0.507366653452993,0.1350958437744567,0.1026968664527129,0.0915581622793173,97.9,0,0
bidmc_05,370,0.6175999999999998,0.0032,0.0804999999999999,0.52561328709059,0.1305497938332029,0.106599675310228,0.0887742509857457,96.7,0,0
bidmc_05,375,0.6170666666666665,0.0039911012125588,0.0774999999999999,0.5246213609058299,0.1332622315873234,0.1057042103988482,0.0893447722164137,96.7,0,0
bidmc_05,380,0.6142857142857141,0.0044629998148038,0.0789333333333333,0.5270251833365963,0.1416966698760892,0.105627629824974,0.0929885095874386,97.0,0,0
bidmc_05,385,0.6042666666666665,0.0378478826649816,0.0789333333333333,0.4928601932015601,0.1396586993858031,0.1057619594065758,0.0924167764967923,97.3,0,0
bidmc_05,390,0.6182857142857142,0.0047121207149916,0.0789333333333333,0.5291159516403807,0.1356751416565885,0.1081199531053937,0.0922825880305665,97.7,0,0
bidmc_05,395,0.6122666666666666,0.0057441757942768,0.0848,0.5356916973319983,0.1266622897989251,0.1104537483610921,0.0847203142437447,97.4,0,0
bidmc_05,400,0.6074666666666666,0.0035377331097124,0.0905,0.5185606518370391,0.1226703486350526,0.1275721441666568,0.0818299036919422,97.6,0,0
bidmc_05,405,0.6063999999999999,0.0043328204824725,0.091,0.5191224512122921,0.1215666999902581,0.1051845940920082,0.0816273754204946,98.6,0,0
bidmc_05,410,0.6063999999999999,0.0043328204824725,0.0935,0.5179075292590897,0.1277372907502666,0.1051010298833922,0.0846629123316573,99.0,0,0
bidmc_05,415,0.6074666666666666,0.0045879068090894,0.0954666666666666,0.514647714056567,0.1355602310729912,0.1081054684488052,0.0896864422900445,99.0,0,0
bidmc_05,420,0.6106666666666666,0.0047702783519995,0.0970666666666666,0.5240998525384716,0.1294465313917499,0.1086894014220932,0.0878552370821668,99.0,0,0
bidmc_05,425,0.6106666666666666,0.0037712361663282,0.0935,0.5166594987714053,0.1291558232174543,0.1040521738971417,0.0863160459511581,98.5,0,0
bidmc_05,430,0.608,0.0,0.097,0.5219811728521331,0.1264553370482336,0.1063140563879071,0.08602562983049,98.0,0,0
bidmc_05,435,0.6062857142857141,0.0032826072265931,0.1013333333333333,0.5221514816888558,0.12647770664621,0.1074150633862636,0.0860808898327741,98.5,0,0
bidmc_05,440,0.6069333333333333,0.0039911012125588,0.1018666666666667,0.5127511301650294,0.1257822493121211,0.1167065394912325,0.0846851336147041,99.0,0,0
bidmc_05,445,0.6090666666666666,0.0027194770739161,0.1084999999999999,0.518316453050109,0.1244819228606075,0.1054166409122895,0.0852380594607028,99.0,0,0
bidmc_05,450,0.6090666666666666,0.0039911012125588,0.1114999999999999,0.5259374318551147,0.130334742385576,0.1064019806486468,0.0883307766998589,98.9,0,0
bidmc_05,455,0.6069333333333332,0.0049459298642643,0.1099999999999999,0.5339977320540141,0.132018516183266,0.1087348174590837,0.0877127835739794,98.9,0,0
bidmc_05,460,0.6031999999999998,0.003919183588453,0.0949333333333333,0.5105085709387408,0.1239010970355487,0.1140481173381429,0.0822661982874531,99.0,0,0
bidmc_05,465,0.6042666666666665,0.0039911012125588,0.0824999999999999,0.5249110417078671,0.1261921395714993,0.1097188578200551,0.0862826693029383,99.4,0,0
bidmc_05,470,0.6085333333333333,0.0035377331097124,0.072,0.5169421520599533,0.1279895920642163,0.1039816200959098,0.0848965666085711,99.5,0,0
bidmc_06,90,0.7326666666666667,0.0060736223860962,0.0387692307692307,0.0926366229278882,0.3236760341191683,0.0469011932608411,0.1603085606472657,82.6,0,0
bidmc_06,95,0.7373333333333334,0.0266999791926677,0.1427692307692308,0.078053190155728,0.3154011594569236,0.0492510940064212,0.1523676264568937,82.0,0,0
bidmc_07,0,0.6658461538461538,0.0033706003538779,0.6153846153846152,0.4530717121150389,0.2687570482098039,0.1100123783123491,0.1544499701012207,90.0,0,0
bidmc_07,5,0.6651428571428571,0.002799416848895,0.6184615384615384,0.4583159755501521,0.2732236907242563,0.1110854888666152,0.1575826460776991,90.0,0,0
bidmc_07,10,0.6646153846153845,0.0021317548400847,0.6203076923076922,0.4560991798689275,0.2735832425804727,0.109730243860732,0.156159092274458,90.0,0,0
bidmc_07,15,0.6657142857142856,0.0032826072265931,0.6239999999999999,0.4603306656670609,0.2717897312458607,0.1114002859918283,0.1560296461066639,90.0,0,0
bidmc_07,20,0.6664615384615384,0.0036923076923076,0.6252307692307691,0.453536511189302,0.2688176766835528,0.1081416374632795,0.1550497475756663,90.0,0,0
bidmc_07,25,0.6668571428571429,0.0038332593899996,0.6227692307692306,0.4613167182823797,0.2743122704335215,0.1118828640400471,0.15757592747823,90.0,0,0
bidmc_07,30,0.6652307692307692,0.0028864096983528,0.6129230769230768,0.4590300927040798,0.2700607304798775,0.1090514130810448,0.1558641859596169,90.2,0,0
bidmc_07,35,0.6634285714285714,0.0020603150145508,0.6011428571428571,0.4597894915568775,0.2716008243923861,0.1110203382854378,0.1571355425992392,90.4,0,0
bidmc_07,40,0.6639999999999999,0.0031378581622109,0.5969230769230768,0.4531361674746818,0.2695779441666854,0.1088543405856012,0.1587562217949593,90.2,0,0
bidmc_07,45,0.6662857142857143,0.003614031611621,0.5999999999999999,0.4526066820867643,0.2702262786390572,0.1108701702898711,0.1556148990125712,90.0,0,0
bidmc_07,50,0.6664615384615384,0.0048455433070841,0.5999999999999999,0.459660181410599,0.2713204154955466,0.1084274797167068,0.160069520199155,90.0,0,0
bidmc_07,55,0.6651428571428571,0.0041206300291017,0.6017142857142855,0.4536379803611565,0.2728499668502634,0.1145103633707077,0.1574999540589925,90.0,0,0
bidmc_07,60,0.6658461538461538,0.0033706003538779,0.6049230769230768,0.4579658150754938,0.2727095813946595,0.1088574031699613,0.1612087898590507,90.0,0,0
bidmc_07,65,0.6651428571428571,0.0041206300291017,0.6045714285714284,0.4550363141618929,0.270714028867521,0.1091713966994786,0.1551561069500094,90.0,0,0
bidmc_07,70,0.6639999999999999,0.0031378581622109,0.6055384615384614,0.4540419939063871,0.2772811944279311,0.1093053895703078,0.1668635022589399,90.0,0,0
bidmc_07,75,0.6645714285714285,0.0036589281356759,0.6045714285714284,0.451552846691216,0.2698066273438196,0.1092291993399069,0.1548310699580965,90.0,0,0
bidmc_07,80,0.6658461538461538,0.0046051167837217,0.606153846153846,0.4507401871902645,0.2795694440459605,0.1083326780930808,0.1610510844426573,90.0,0,0
bidmc_07,85,0.6668571428571429,0.0038332593899996,0.6091428571428571,0.4539813927197252,0.2701055389642745,0.1115323465342694,0.1540200574514178,90.0,0,0
bidmc_07,90,0.6683076923076923,0.0039881481220971,0.6123076923076922,0.4564077752002392,0.2794246844379871,0.108934129081184,0.156936687030211,90.0,0,0
bidmc_07,95,0.6674285714285714,0.0039589732744431,0.6159999999999999,0.4551027447430859,0.273028929984518,0.1117301315972751,0.1567101288233039,90.0,0,0
bidmc_07,100,0.6658461538461538,0.0033706003538779,0.6184615384615384,0.4530338456507157,0.2767873924355907,0.1096059322408602,0.1601661221104132,90.0,0,0
bidmc_07,105,0.6668571428571427,0.0038332593899996,0.6205714285714284,0.4538794507602615,0.2690100591837308,0.110215222638566,0.1547885854166723,90.0,0,0
bidmc_07,110,0.6683076923076924,0.0039881481220971,0.6178461538461537,0.4589810178282288,0.2754250470794014,0.1089126486218901,0.1549111346604807,90.0,0,0
bidmc_07,115,0.6685714285714287,0.0039589732744431,0.6205714285714284,0.4394375830784749,0.272436878542295,0.1110083070792812,0.1565315363204072,90.0,0,0
bidmc_07,120,0.6676923076923077,0.0039881481220971,0.6203076923076922,0.453565632384299,0.2721166167924099,0.1096072614604332,0.1561357912436676,90.0,0,0
bidmc_07,125,0.6657142857142856,0.0032826072265931,0.6234285714285713,0.4557464013630714,0.2736133375984736,0.1089260070359547,0.1572816330902397,90.0,0,0
bidmc_07,130,0.6664615384615384,0.0036923076923076,0.6203076923076922,0.4594048674239791,0.2778657942411629,0.1097616144681468,0.1651401622091174,90.0,0,0
bidmc_07,135,0.6674285714285714,0.0039589732744431,0.6045714285714284,0.4593520488337761,0.2722839417794503,0.1102460851686957,0.1556121210203226,90.0,0,0
bidmc_07,140,0.6652307692307692,0.0028864096983528,0.5969230769230768,0.4557089407882868,0.2810541509995651,0.1091658008837358,0.1611789219169709,90.0,0,0
bidmc_07,145,0.6645714285714285,0.0020603150145508,0.5999999999999999,0.455217766834006,0.2688213260608749,0.1091356886598394,0.1540065029301477,90.0,0,0
bidmc_07,150,0.6664615384615384,0.0036923076923076,0.6036923076923075,0.4545639070825416,0.2784995526310247,0.1088869265468041,0.1614046434883924,90.0,0,0
bidmc_07,155,0.6645714285714285,0.0036589281356759,0.6005714285714284,0.4549699614645491,0.2728493469399634,0.1114523520386002,0.1560285615881012,90.2,0,0
bidmc_07,160,0.6627692307692308,0.0028864096983528,0.6018461538461537,0.4541549836827145,0.2825069938217847,0.1099254448102493,0.1607637429814496,90.3,0,0
bidmc_07,165,0.6634285714285714,0.0036589281356759,0.6028571428571426,0.454501005530209,0.271075377802342,0.1126653406370509,0.1546517616377205,90.1,0,0
bidmc_07,170,0.6542857142857141,0.0374231184686467,0.6036923076923075,0.4382009339145924,0.2818508475949003,0.110174088759903,0.1587199763067875,90.0,0,0
bidmc_07,175,0.6662857142857143,0.003614031611621,0.6085714285714284,0.4651714989437152,0.2743551863727264,0.110508343565572,0.1561074326796901,90.0,0,0
bidmc_07,180,0.6559999999999999,0.0378870501811446,0.6116923076923075,0.4348806891220781,0.2840044598725117,0.1096929965360507,0.1600416506268015,90.0,0,0
bidmc_07,185,0.6645714285714285,0.0047466422073817,0.6137142857142857,0.4539757762374095,0.2694891710952395,0.109373315416049,0.1535069558002526,90.0,0,0
bidmc_07,190,0.6646153846153845,0.0037934855402886,0.614153846153846,0.4551211945426789,0.2726300491942507,0.1098773095795867,0.1542532502361733,90.0,0,0
bidmc_07,195,0.6674285714285714,0.0039589732744431,0.6171428571428571,0.4350328844006472,0.2736840661374079,0.1096690615448943,0.1557657979487659,90.0,0,0
bidmc_07,200,0.6571428571428571,0.0382302369912633,0.611076923076923,0.4395082496149563,0.2853784307627854,0.1153192667092975,0.1601689594251886,90.0,0,0
bidmc_07,205,0.6668571428571427,0.0038332593899996,0.6148571428571428,0.4612471864320945,0.2736013544519937,0.1104195210457199,0.1557754519024307,90.0,0,0
bidmc_07,210,0.6652307692307692,0.0028864096983528,0.6166153846153845,0.4585845401118252,0.2783964166047666,0.110076502877643,0.1564433319402357,90.0,0,0
bidmc_07,215,0.6651428571428571,0.002799416848895,0.621142857142857,0.4572633672230818,0.2676872344072584,0.109793536484647,0.1537646329102397,90.0,0,0
bidmc_07,220,0.6658461538461538,0.0033706003538779,0.6246153846153846,0.4618764753936504,0.2742572745381396,0.1221970679787218,0.1553664070169934,90.0,0,0
bidmc_07,225,0.6662857142857143,0.003614031611621,0.6262857142857142,0.4557666119059709,0.2724952941778361,0.108798690621131,0.1550974583808091,90.0,0,0
bidmc_07,230,0.6683076923076924,0.0050745915392217,0.6258461538461538,0.4429775013355983,0.279687633965967,0.1285462666191446,0.1566928282412609,89.8,0,0
bidmc_07,235,0.6702857142857143,0.0044629998148038,0.6068571428571428,0.4632663330337612,0.2704535667805168,0.1098743083908752,0.1532520679981565,89.4,0,0
bidmc_07,240,0.6707692307692308,0.0028864096983528,0.598153846153846,0.4591949325457129,0.2828429794878216,0.1095706270997191,0.1609118429121162,89.6,0,0
bidmc_07,245,0.6685714285714285,0.0039589732744431,0.597142857142857,0.4576749026884587,0.2745000373473826,0.1089797903029425,0.1558470372907701,90.0,0,0
bidmc_07,250,0.6683076923076924,0.0039881481220971,0.5999999999999999,0.4548219306777761,0.2858136691454865,0.1100498636808681,0.1646887204817709,90.0,0,0
bidmc_07,255,0.6674285714285714,0.0039589732744431,0.6017142857142855,0.4515930673975523,0.270709714689854,0.110544307223993,0.1541923095114621,90.0,0,0
bidmc_07,260,0.6664615384615384,0.0036923076923076,0.6024615384615383,0.4544713354725797,0.2820575508307366,0.1089155376477889,0.1620061145263761,90.0,0,0
bidmc_07,265,0.668,0.004,0.6045714285714284,0.4560892495933492,0.2726444683020357,0.1114502236040812,0.1553149545646611,90.0,0,0
bidmc_07,270,0.6683076923076924,0.0039881481220971,0.6079999999999999,0.4566781563593161,0.2855324057454062,0.1085601448928589,0.1628837968611441,90.0,0,0
bidmc_07,275,0.6662857142857143,0.003614031611621,0.6114285714285713,0.4566072075982067,0.2765517391800653,0.112433201492057,0.1579875359829617,90.0,0,0
bidmc_07,280,0.6646153846153845,0.0037934855402886,0.6116923076923075,0.4579950597614691,0.2850579461603294,0.1095361519233907,0.163940928151881,90.4,0,0
bidmc_07,285,0.6628571428571428,0.002799416848895,0.6085714285714284,0.4562170665429796,0.2690791427002315,0.1120584033262971,0.15346091713692,90.5,0,0
bidmc_07,290,0.6639999999999999,1.1102230246251563e-16,0.6092307692307691,0.4562757369766985,0.2787924192241881,0.1087094373183058,0.1569882518803015,90.1,0,0
bidmc_07,295,0.6645714285714285,0.0020603150145508,0.613142857142857,0.4566808428606188,0.2716385202594892,0.1091946365139236,0.1544155153454173,90.0,0,0
bidmc_07,300,0.6652307692307692,0.0028864096983528,0.6159999999999999,0.4574496540884664,0.2740552430976934,0.1134693299003978,0.1544620419591361,90.0,0,0
bidmc_07,305,0.6645714285714285,0.0020603150145508,0.6182857142857142,0.4577358615175834,0.2669608022000743,0.1091059966688139,0.1532950317514722,90.0,0,0
bidmc_07,310,0.6646153846153845,0.0021317548400847,0.6209230769230769,0.4642379373441915,0.2751418683246049,0.1294645485473071,0.1552580806775395,90.0,0,0
bidmc_07,315,0.6657142857142856,0.0032826072265931,0.6217142857142857,0.457844183638119,0.272557432772296,0.1089037796016,0.1550075299828469,90.0,0,0
bidmc_07,320,0.6645714285714285,0.0036589281356759,0.6258461538461538,0.463787326572534,0.2733408901815983,0.1103578645714541,0.1561257526850852,90.0,0,0
bidmc_07,325,0.6652307692307692,0.0028864096983528,0.6252307692307691,0.4547251378063211,0.2657494711162311,0.1097525531786066,0.1519017169234081,90.0,0,0
bidmc_07,330,0.6645714285714285,0.0036589281356759,0.6171428571428571,0.4634686388792969,0.2714019726778562,0.1103589087745584,0.1575793050968927,90.0,0,0
bidmc_07,335,0.6658461538461538,0.0046051167837217,0.6006153846153844,0.4597455787159558,0.2737557244620643,0.108596348026777,0.1570711635810632,90.0,0,0
bidmc_07,340,0.6651428571428571,0.0041206300291017,0.5948571428571426,0.4600115191162322,0.2698243723604284,0.1108683337819,0.1552781906730801,90.2,0,0
bidmc_07,345,0.6621538461538461,0.0033706003538779,0.5963076923076922,0.4376043903128837,0.2615402618859736,0.1046751068033601,0.1519898784003469,90.6,0,0
bidmc_07,350,0.6628571428571428,0.0041206300291017,0.5999999999999999,0.4303277417138577,0.2706710041579651,0.1142180545593707,0.1553759429523195,90.4,0,0
bidmc_07,355,0.6646153846153845,0.0037934855402886,0.603076923076923,0.4491498518989246,0.273568386436655,0.1073727941511582,0.1622962368538683,90.0,0,0
bidmc_07,360,0.6634285714285714,0.0036589281356759,0.6068571428571428,0.4549916567681741,0.2702153648319966,0.1081095147299707,0.155344879084505,90.5,0,0
bidmc_07,365,0.6627692307692308,0.0028864096983528,0.6086153846153844,0.4568488093348791,0.2782475992271337,0.1086991366451745,0.1655382513119303,91.0,0,0
bidmc_07,370,0.6617142857142857,0.003614031611621,0.6039999999999999,0.4503094508664397,0.2624689269884858,0.1088076620858934,0.1511154130877837,90.9,0,0
bidmc_07,375,0.6525714285714285,0.0368737504112038,0.6024615384615383,0.4211099249890081,0.2711702280382784,0.1060186870885611,0.1535275550842507,90.4,0,0
bidmc_07,380,0.6657142857142856,0.0032826072265931,0.6057142857142856,0.4520054701907335,0.2684664589735108,0.1081415071292815,0.1535212161064615,90.0,0,0
bidmc_07,385,0.6658461538461538,0.0033706003538779,0.6098461538461537,0.4572576953183666,0.2728030457955825,0.1094435540539854,0.1546862907232714,90.2,0,0
bidmc_07,390,0.6634285714285715,0.0047466422073817,0.6125714285714284,0.457151786426511,0.2636148131562621,0.1095571380958917,0.1524647845725416,90.2,0,0
bidmc_07,395,0.6646153846153845,0.0049230769230769,0.6153846153846152,0.4636560433537422,0.2759774772998983,0.1204378859322713,0.1575994972385328,90.1,0,0
bidmc_07,400,0.6634285714285714,0.0036589281356759,0.6171428571428571,0.4635504878598142,0.2721562989949347,0.1106797490606426,0.1566440536121407,90.6,0,0
bidmc_07,405,0.66,0.004,0.6227692307692306,0.4512923882475224,0.2728962539602867,0.1169298833609187,0.159772537788512,91.0,0,0
bidmc_07,410,0.6609230769230768,0.0038920340432841,0.619076923076923,0.458676164719062,0.2705603190787293,0.1090898725759695,0.154982991257305,91.0,0,0
bidmc_07,415,0.6622857142857143,0.0032826072265931,0.6171428571428571,0.4574354395255848,0.2688422258557072,0.1103483963722294,0.1556433525557478,90.5,0,0
bidmc_07,420,0.6639999999999999,0.0044376015698018,0.6184615384615384,0.4539758646561819,0.2719675474781623,0.1086990158013232,0.162198159244808,90.0,0,0
bidmc_07,425,0.6628571428571428,0.0041206300291017,0.6211428571428571,0.4550311897295299,0.2748808392925989,0.1098609766587586,0.1568172464609522,90.0,0,0
bidmc_07,430,0.6646153846153845,0.0037934855402886,0.6221538461538461,0.4608852244161693,0.2874733199550544,0.1118540979175281,0.1678293173715833,90.0,0,0
bidmc_07,435,0.668,0.004,0.6079999999999999,0.4625514859507028,0.2747625779992753,0.1129574473176306,0.1551168663870441,90.0,0,0
bidmc_07,440,0.667076923076923,0.0038920340432841,0.5987692307692306,0.4581486479978079,0.2825281243472268,0.108915637316676,0.1618251899475782,90.1,0,0
bidmc_07,445,0.6639999999999999,0.0042761798705987,0.6017142857142855,0.4566363076114967,0.2669400167889029,0.1104544285117826,0.1524375440744477,90.3,0,0
bidmc_07,450,0.6633846153846152,0.0021317548400847,0.6024615384615383,0.4562677841307866,0.2784863924693302,0.1078882771499901,0.1582195642904333,90.2,0,0
bidmc_07,455,0.6651428571428571,0.002799416848895,0.6005714285714284,0.4569596550977006,0.2748035026717769,0.1100199795546726,0.1569460101228529,90.0,0,0
bidmc_07,460,0.6548571428571428,0.037505917900393,0.603076923076923,0.436517006911945,0.2802750080632712,0.1094293493977201,0.1579192825834329,90.0,0,0
bidmc_07,465,0.6634285714285715,0.0020603150145508,0.6034285714285713,0.4601148708570386,0.2695641827672747,0.1093724546437085,0.1539897516677822,90.0,0,0
bidmc_07,470,0.6633846153846152,0.0021317548400847,0.6055384615384614,0.4649781946922655,0.2774746858621651,0.1148815365888854,0.1565814594601104,90.0,0,0
bidmc_08,0,0.5875,0.0260720156489673,0.099,0.4157225712808589,0.2732363700715556,0.1124424923806976,0.1600582169776208,101.0,1,2
bidmc_08,5,0.5941333333333333,0.0045879068090894,0.0204999999999999,0.465092490908453,0.2703075963988726,0.1099526258047267,0.1661013934842995,101.0,1,2
bidmc_08,10,0.5962666666666665,0.0039911012125588,0.0175,0.4686715539434352,0.2897338553129517,0.1080172770463564,0.1693547011671531,101.0,1,2
bidmc_08,15,0.5983999999999998,0.0052255781179374,0.0145,0.4660103195310402,0.2790298651482019,0.1117087701046034,0.1628688635913257,101.6,1,2
bidmc_08,20,0.5973333333333332,0.0047702783519995,0.0195,0.4571966048799073,0.2764859923035664,0.1116569016622341,0.1574410178576331,102.0,1,2
bidmc_08,25,0.5973333333333333,0.0037712361663282,0.0205,0.475988683098364,0.2884749624533226,0.1144305204676358,0.164039709058407,101.4,1,2
bidmc_08,30,0.5989333333333332,0.0027194770739161,0.0225,0.4684764835147183,0.2800895496791599,0.1089745932020734,0.1658176753724212,100.6,1,2
bidmc_08,35,0.5983999999999999,0.0043328204824725,0.026,0.470568475002845,0.2818740767372871,0.1090077042041095,0.1621553675642659,100.2,1,2
bidmc_08,40,0.5985,0.0042130748865881,0.0275,0.480150982950229,0.2853075944869453,0.1129060840504521,0.1608532609371726,100.6,1,2
bidmc_08,45,0.5999999999999999,0.0029211869733608,0.2754999999999999,0.4694950034190284,0.2760081857423545,0.1110867292484499,0.1644894648861,100.6,1,2
bidmc_08,50,0.6021333333333332,0.0035377331097124,0.5573333333333331,0.4727802064645183,0.2796157704806221,0.1104748284171543,0.1615740465003562,100.1,1,2
bidmc_08,55,0.6015999999999999,0.0052255781179374,0.5546666666666664,0.4775547513609545,0.2872939872635439,0.1111401356886599,0.1630463364583042,100.0,0,0
bidmc_08,60,0.5989333333333332,0.0049459298642643,0.5225,0.4763069445466175,0.2791548762007836,0.1108868754033516,0.1686771792181281,100.0,0,0
bidmc_08,65,0.5973333333333332,0.0037712361663282,0.4794666666666665,0.4701948715410656,0.2802581678246922,0.1088645822705842,0.1620352965169762,100.0,0,0
bidmc_08,70,0.5974999999999999,0.0037080992435478,0.3637333333333332,0.472122059963703,0.2758582260777016,0.1112710647828288,0.1592238351225914,100.0,0,0
bidmc_08,75,0.5989333333333332,0.0039911012125588,0.269,0.4720793553424078,0.2740244925036094,0.1119717624906069,0.1663107333308266,100.0,0,0
bidmc_08,80,0.6005333333333331,0.0035377331097124,0.2319999999999999,0.4687575787614894,0.2800394405231017,0.1093198782594193,0.1613008965002981,100.1,1,2
bidmc_08,85,0.601,0.0038729833462074,0.1975,0.4727798664557753,0.2821066244674867,0.1108524911041871,0.1603722663652434,100.4,1,2
bidmc_08,90,0.5999999999999999,0.0050596442562694,0.0865,0.4722402769806473,0.2769518721014591,0.1120099433352,0.167651711134898,100.3,1,2
bidmc_08,95,0.5999999999999999,1.1102230246251563e-16,0.0495,0.4730375935453225,0.2799570184484999,0.1107985594505024,0.1605617041376949,100.0,0,0
bidmc_08,100,0.5994999999999999,0.0034278273002005,0.086,0.4768509844287957,0.2807213969261061,0.111455269485424,0.1596463671044148,100.0,0,0
bidmc_08,105,0.5994666666666665,0.0035377331097124,0.0485,0.474511409804639,0.2779138876822682,0.1116719569980397,0.1676664444743285,100.0,0,0
bidmc_08,110,0.6015999999999998,0.0032,0.012,0.4749589355227405,0.2818649202816209,0.109702519516022,0.1627568595134546,100.0,0,0
bidmc_08,115,0.6037333333333332,0.0039911012125588,0.0885,0.4743897611507012,0.2892209321441981,0.1126834918586545,0.1654155907424984,100.0,0,0
bidmc_08,120,0.6026666666666665,0.0055936471902408,0.016,0.4671406927010851,0.2761429813228588,0.1123426670104152,0.1680179143256709,100.0,0,0
bidmc_08,125,0.5994666666666666,0.0054389541478323,0.021,0.4732520861436591,0.2784411704445071,0.1093893957414402,0.1612344172223648,100.0,0,0
bidmc_08,130,0.5974999999999999,0.0037080992435478,0.0265,0.4708087408204233,0.2876200702441626,0.1124704691780797,0.163551810691043,99.8,0,0
bidmc_08,135,0.5994666666666665,0.0035377331097124,0.026,0.4711095204489572,0.2756607623344939,0.1109430288083864,0.1646095856538459,99.7,0,0
bidmc_08,140,0.6005333333333331,0.0045879068090894,0.0209999999999999,0.4749873543951425,0.2752209622438271,0.1106187073093926,0.1592103472537691,99.9,0,0
bidmc_08,145,0.5994666666666666,0.0045879068090894,0.2329999999999999,0.4673750648728677,0.2811048259487559,0.1111447613625997,0.1590899933486137,100.1,1,2
bidmc_08,150,0.6005333333333333,0.0045879068090894,0.5178666666666666,0.4657539638877986,0.2765508758355109,0.1097630679084044,0.1658945059870258,100.2,1,2
bidmc_08,155,0.6005333333333331,0.0054389541478323,0.5178666666666666,0.4690492708034157,0.2799127700577047,0.109472063727525,0.1613681874339667,100.1,1,2
bidmc_08,160,0.6005333333333333,0.0054389541478323,0.4799999999999998,0.4760813774319878,0.2848327897771039,0.1120850361923819,0.1607395039732329,100.0,0,0
bidmc_08,165,0.6010666666666665,0.0039911012125588,0.4165,0.4735932454895674,0.2755480596210038,0.11080614489308,0.1670540556196093,100.0,0,0
bidmc_08,170,0.6026666666666666,0.0037712361663282,0.3065,0.4707173254006336,0.2789853161593589,0.1099378825407749,0.1615264155793158,100.0,0,0
bidmc_08,175,0.6031999999999998,0.003919183588453,0.27,0.4777920679908731,0.2909466347283759,0.1108898457297928,0.1689006239420059,100.0,0,0
bidmc_08,180,0.6031999999999998,0.0048880807412862,0.3085,0.4738502994193086,0.2792616338730188,0.1166291327526393,0.1653205619958621,100.0,0,0
bidmc_08,185,0.6026666666666665,0.0047702783519995,0.4175,0.4714840135310748,0.2810256180923136,0.1117689778525408,0.1609830117226113,100.0,0,0
bidmc_08,190,0.6031999999999998,0.0048880807412862,0.344,0.4637285713474484,0.2814073196406629,0.1083521827673786,0.1586461761614961,100.0,0,0
bidmc_08,195,0.6005333333333331,0.0045879068090894,0.1817142857142857,0.4770691279566732,0.2786089600245444,0.1117186727760971,0.1605872437044683,99.9,0,0
bidmc_08,200,0.5999999999999999,0.0050596442562694,0.086,0.4770190392476483,0.2750107204545572,0.1115985877055155,0.1651251753267631,99.8,0,0
bidmc_08,205,0.6010666666666665,0.0049459298642643,0.013,0.4767222489633093,0.2780335593232013,0.1097008204513584,0.1594989387452736,99.7,0,0
bidmc_08,210,0.6005,0.0044440972086577,0.014,0.478495489670613,0.2830292060380228,0.1113717752769838,0.1602477372772723,99.7,0,0
bidmc_08,215,0.5994666666666665,0.0045879068090894,0.0185,0.4723909251162107,0.2769367025032999,0.1111279753451264,0.1678981031512573,99.9,0,0
bidmc_08,220,0.5994666666666665,0.0035377331097124,0.019,0.472841813292532,0.2802575959914259,0.1103441857984263,0.1606003534781251,100.0,0,0
bidmc_08,225,0.5985,0.0031224989991992,0.019,0.4792706378990637,0.2799501816073969,0.1119926594651936,0.1601741476674907,100.0,0,0
bidmc_08,230,0.5994666666666665,0.0035377331097124,0.0199999999999999,0.4791201856353722,0.276729727696798,0.1119167988445718,0.1668098041204734,100.0,0,0
bidmc_08,235,0.6005333333333331,0.0035377331097124,0.0209999999999999,0.4747744588312629,0.2788653623853895,0.1088662658877071,0.1601895483016303,100.0,0,0
bidmc_08,240,0.5999999999999999,0.0041311822359545,0.0234666666666666,0.4767916316052196,0.2828851039094355,0.1113746173674206,0.1613847497391053,100.0,0,0
bidmc_08,245,0.6026666666666666,0.0047702783519995,0.2901333333333333,0.479320300509177,0.2810625592854328,0.1118404443023054,0.1684345787266734,100.0,0,0
bidmc_08,250,0.6015999999999999,0.0052255781179374,0.5594999999999999,0.4732467036511676,0.2800872417046512,0.1102861218188953,0.160394655828157,100.0,0,0
bidmc_08,255,0.5934999999999999,0.0296942755426024,0.4997647058823529,0.4118681447222659,0.2754389092444275,0.1115404733583061,0.1622890283556657,100.0,0,0
bidmc_08,260,0.5935999999999999,0.0306655072244587,0.497,0.4089454932810975,0.2676535805921239,0.1122705562039526,0.1631232686993718,100.0,0,0
bidmc_08,265,0.6015999999999998,0.0052255781179374,0.4058666666666665,0.476255613948841,0.2837567697109999,0.1095650078733184,0.162303213845123,100.0,0,0
bidmc_08,270,0.6026666666666666,0.0047702783519995,0.4308571428571427,0.4821802131353615,0.2805244754016516,0.1125636941126798,0.1637828129730733,100.2,1,2
bidmc_08,275,0.6031999999999998,0.003919183588453,0.5221333333333332,0.4814613154997488,0.2784847332802783,0.1128398343260799,0.1603337562387385,101.0,1,2
bidmc_08,280,0.6031999999999998,0.0048880807412862,0.4554999999999999,0.481209970551667,0.2771598976180716,0.1095534571003668,0.1578713636097058,100.9,1,2
bidmc_08,285,0.6021333333333332,0.0054389541478323,0.383,0.4782156533021328,0.2833698515371761,0.1113689899684546,0.160564597381351,100.1,1,2
bidmc_08,290,0.6031999999999998,0.0048880807412862,0.236,0.4783020885777493,0.276664272102486,0.1144823877527515,0.168651384046943,100.0,0,0
bidmc_08,295,0.6042666666666665,0.0039911012125588,0.1245,0.4820970551240346,0.2787201526937283,0.1123947315110875,0.16134654592751,99.7,0,0
bidmc_08,300,0.6042666666666665,0.0049459298642643,0.0495,0.4755886379439805,0.2880058499005459,0.1124879352213337,0.1644289914000018,99.6,0,0
bidmc_08,305,0.6037333333333331,0.0049459298642643,0.0133333333333333,0.4815081222878137,0.2791127384099491,0.1126662170527289,0.1615011289952078,99.9,0,0
bidmc_08,310,0.6037333333333331,0.0039911012125588,0.0495,0.4816874075519669,0.2776415249320637,0.1125464046065428,0.1596445944292158,99.6,0,0
bidmc_08,315,0.6042666666666665,0.0049459298642643,0.1235,0.4813328736715511,0.27834404642208,0.1098541123479523,0.1596946182516285,99.2,0,0
bidmc_08,320,0.6069333333333333,0.0049459298642643,0.124,0.4832114860379143,0.2905770530907794,0.1089340704089892,0.168734226314284,99.2,0,0
bidmc_08,325,0.6069333333333333,0.0039911012125588,0.0138666666666666,0.4858037849657705,0.275693545960853,0.11246922295757,0.16419641102982,99.2,0,0
bidmc_08,330,0.6074666666666666,0.0045879068090894,0.015,0.4820582072600097,0.2749238398165333,0.1128848804545782,0.1581481852661235,99.2,0,0
bidmc_08,335,0.6063999999999999,0.0043328204824725,0.018,0.4816109052468872,0.2779026931095384,0.1109137905173675,0.1592070481041979,99.1,0,0
bidmc_08,340,0.6058666666666664,0.0035377331097124,0.023,0.4783679062673753,0.286490518984038,0.1104000961408067,0.1644792979995714,99.0,0,0
bidmc_08,345,0.6053333333333332,0.0037712361663282,0.2702857142857143,0.4837653621106755,0.2783597341872741,0.1136659893265951,0.1626418084917649,99.0,0,0
bidmc_08,350,0.6031999999999998,0.0048880807412862,0.5210666666666666,0.4765560668863661,0.2792748258642916,0.1125892347126573,0.1601184779665606,99.0,0,0
bidmc_08,355,0.5999999999999999,0.0050596442562694,0.4794666666666665,0.4763565672788578,0.2825089677492086,0.1096074106826998,0.1603955485668725,99.0,0,0
bidmc_08,360,0.5994666666666666,0.0045879068090894,0.4789333333333331,0.4813468823134982,0.2778840024139175,0.1127721905482413,0.1613811385161857,99.0,0,0
bidmc_08,365,0.6015999999999998,0.0052255781179374,0.5210666666666665,0.4662176041435089,0.276339172519538,0.1121714594822058,0.1612812584337566,99.1,0,0
bidmc_08,370,0.6031999999999998,0.0048880807412862,0.4534999999999999,0.4749540291976584,0.2767864866649515,0.1094369251160891,0.1583849627083722,99.6,0,0
bidmc_08,375,0.6026666666666666,0.0037712361663282,0.3663999999999999,0.478145974299567,0.2852912808540478,0.1115285472954151,0.1619172114182859,100.0,0,0
bidmc_08,380,0.6026666666666665,0.0037712361663282,0.2345,0.4761145984060462,0.2777251368523646,0.1145111737961851,0.1688678301567422,100.0,0,0
bidmc_08,385,0.6010666666666665,0.0049459298642643,0.123,0.4798599768269707,0.2785685615135952,0.1107538183945201,0.160741598788327,100.0,0,0
bidmc_08,390,0.5999999999999999,0.0050596442562694,0.0875,0.480364925895413,0.2878131598909643,0.1216721773325745,0.1644640978125503,100.0,0,0
bidmc_08,395,0.6005333333333333,0.0035377331097124,0.0855,0.4762061333329163,0.2777216725722093,0.11229456938889,0.1655785895052998,100.0,0,0
bidmc_08,400,0.6031999999999998,0.003919183588453,0.2355,0.4753446803916409,0.2802553645578677,0.11398372048926,0.1609026039066574,100.0,0,0
bidmc_08,405,0.6037333333333331,0.0039911012125588,0.1225,0.4737765182726951,0.2861215290718157,0.1112512393811099,0.1622818826631591,100.0,0,0
bidmc_08,410,0.6042666666666665,0.0039911012125588,0.0522666666666666,0.4878712560727875,0.278709022764887,0.1137098421911738,0.1599547469961733,100.0,0,0
bidmc_08,415,0.6031999999999998,0.003919183588453,0.0535,0.4826256706745329,0.2771746663445177,0.1132739508292699,0.1606954903540897,100.0,0,0
bidmc_08,420,0.5978666666666667,0.0246951187259524,0.059,0.411806826106121,0.277806067061277,0.109807862486837,0.160083206130802,99.7,0,0
bidmc_08,425,0.6047999999999999,0.0056944417344167,0.0576,0.4755008185697545,0.2752403186425812,0.1133709733488053,0.1575588940192004,99.2,0,0
bidmc_08,430,0.6037333333333331,0.0049459298642643,0.0195,0.4791719922845354,0.2756197768036334,0.1129993968060624,0.1615259417217444,99.2,0,0
bidmc_08,435,0.6026666666666666,0.0047702783519995,0.022,0.4848195177061072,0.2758366877922716,0.1103453211683503,0.1584967060859586,100.2,1,2
bidmc_08,440,0.6037333333333331,0.0057441757942768,0.0215,0.4882276728336848,0.287249160081322,0.1122796456454795,0.1642152912521488,100.5,1,2
bidmc_08,445,0.6053333333333332,0.0063104851019729,0.3263999999999999,0.4782117550705961,0.2780946835096837,0.1227762161092172,0.1675729374330202,99.6,0,0
bidmc_08,450,0.6042666666666665,0.0057441757942768,0.5575,0.486019587438132,0.281715049943278,0.1290962102624558,0.1624531995892729,99.5,0,0
bidmc_08,455,0.6058666666666664,0.0054389541478323,0.5978666666666665,0.4773457521372128,0.2820723239663034,0.1094563488626561,0.1591063532034657,99.7,0,0
bidmc_08,460,0.6045714285714284,0.0039589732744431,0.5988571428571428,0.4855942017000096,0.2862964251858114,0.1113125090686085,0.1620015551384159,99.3,0,0
bidmc_08,465,0.6042666666666665,0.0049459298642643,0.5275,0.4870650168327938,0.2758045556878661,0.1137346234650724,0.1691165406922122,99.0,0,0
bidmc_08,470,0.6047999999999998,0.0048880807412862,0.5295,0.4801697292855664,0.2798761064182493,0.110786402543312,0.1610608089415209,99.0,0,0
bidmc_09,0,0.7773333333333334,0.0044221663871405,0.5866666666666666,0.3360851511760346,0.2027384817861895,0.0957477967513841,0.1263369563530672,77.0,0,0
bidmc_09,5,0.7767272727272728,0.0041140758178126,0.589090909090909,0.3270130468686563,0.2089275673775925,0.0957550946715913,0.1253770215287072,77.0,0,0
bidmc_09,10,0.7745454545454545,0.0030855568633594,0.5926666666666666,0.3287879510309518,0.2145100415845967,0.0946559033268098,0.130935192685754,77.0,0,0
bidmc_09,15,0.7759999999999999,0.0032659863237109,0.5953333333333332,0.3313174052864074,0.2053846326954393,0.0927923489919796,0.1306055762948197,77.0,0,0
bidmc_09,20,0.7774545454545454,0.0030855568633594,0.5934545454545453,0.3361840598931584,0.2033744311361775,0.1006815547508694,0.1237346774418456,77.0,0,0
bidmc_09,25,0.778,0.0034641016151377,0.5913333333333332,0.3327206398480032,0.2059336181458714,0.095402128499417,0.128006584764138,77.0,0,0
bidmc_09,30,0.7803636363636364,0.0039834367818557,0.5934545454545453,0.3327161360735054,0.220136941234156,0.0949877315854035,0.1321561152015054,77.0,0,0
bidmc_09,35,0.7806666666666667,0.003944053188733,0.5959999999999999,0.3415238174272995,0.2058703580351576,0.0954270946697956,0.1265479716076716,77.0,0,0
bidmc_09,40,0.7759999999999999,0.0048241815132442,0.5963636363636362,0.3304715242746625,0.2061086985048955,0.0949983680045846,0.1218498345842827,77.1,0,0
bidmc_09,45,0.77,0.0034641016151377,0.6026666666666666,0.3359555984490832,0.2078520458848844,0.0959313000720634,0.127139108072229,77.6,0,0
bidmc_09,50,0.7693333333333333,0.0029814239699997,0.6053333333333332,0.3316724796195481,0.2034840937391091,0.0953055900555843,0.1275781304504264,78.0,0,0
bidmc_09,55,0.7723636363636364,0.0039834367818557,0.6059999999999999,0.3334518043210174,0.2001569946734173,0.0987408625645611,0.1238111334331472,78.0,0,0
bidmc_09,60,0.7753333333333333,0.003944053188733,0.6046666666666666,0.334114493386262,0.2098969486020402,0.0948440489893321,0.1323745477462786,77.5,0,0
bidmc_09,65,0.7767272727272728,0.0022998382983042,0.6029090909090908,0.3315122765845817,0.2237103981207367,0.0951323647591131,0.133705581712591,77.0,0,0
bidmc_09,70,0.7773333333333333,0.0029814239699997,0.6066666666666666,0.3344789169023829,0.2080556912561868,0.093073655234639,0.1286465261081479,77.0,0,0
bidmc_09,75,0.7781818181818182,0.0035628941713209,0.6087272727272727,0.3333768529923682,0.2125053008814355,0.0948776055518712,0.13044282851641,77.0,0,0
bidmc_09,80,0.778,0.0034641016151377,0.5986666666666666,0.3359604218918161,0.2018721151550719,0.0969598580261874,0.1247250048262658,77.0,0,0
bidmc_09,85,0.7759999999999999,1.1102230246251563e-16,0.5854545454545453,0.3312579889639245,0.2090957135977159,0.0953626944906032,0.1243253007187227,77.0,0,0
bidmc_09,90,0.7774545454545454,0.0030855568633594,0.5853333333333332,0.3340853797918821,0.2083186454585195,0.0965122809531018,0.1276077384967883,77.0,0,0
bidmc_09,95,0.7810909090909092,0.0038483655433666,0.5876363636363635,0.3385935250241718,0.2017231416415884,0.0942911405434976,0.1260639368733511,77.0,0,0
bidmc_09,100,0.7810909090909092,0.0038483655433666,0.5898181818181817,0.3365995319389072,0.2091123827114208,0.0944526953632966,0.123056988364318,77.0,0,0
bidmc_09,105,0.7800000000000001,0.004,0.5919999999999999,0.3235581289926823,0.2093877652908349,0.0947014051556799,0.1278038140125489,77.0,0,0
bidmc_09,110,0.7810909090909092,0.0038483655433666,0.5898181818181817,0.3384563337973761,0.2112858205782301,0.0955674263322148,0.1251384436797438,77.0,0,0
bidmc_09,115,0.7825454545454545,0.0030855568633594,0.5913333333333332,0.339443806695998,0.2014809916026498,0.0954770915250391,0.123881020108026,77.0,0,0
bidmc_09,120,0.7810909090909092,0.0038483655433666,0.5919999999999999,0.3353810101252089,0.2050712177857409,0.0952677620526472,0.1254730144636668,77.0,0,0
bidmc_09,125,0.7789090909090909,0.0038483655433666,0.5956363636363635,0.3365950111290123,0.2129387389727126,0.0945531802578108,0.1261883420762595,77.0,0,0
bidmc_09,130,0.7786666666666667,0.0037712361663282,0.5973333333333332,0.3367484792508243,0.20795340952913,0.0940878515232739,0.1261717270157663,77.0,0,0
bidmc_09,135,0.7789090909090909,0.0038483655433666,0.5985454545454544,0.3335336869558873,0.2133628842057388,0.0954839653644946,0.1282154631078509,77.0,0,0
bidmc_09,140,0.778,0.0034641016151377,0.6019999999999999,0.3398828536983895,0.2027908214466222,0.0966843164736798,0.1235049536684058,77.0,0,0
bidmc_09,145,0.7796363636363637,0.0039834367818557,0.602181818181818,0.3325525894015885,0.2082003682867955,0.0963372977753577,0.1225154784595055,77.0,0,0
bidmc_09,150,0.7825454545454545,0.0030855568633594,0.6007272727272727,0.3360296915381608,0.2102728969173621,0.0956857639293579,0.1239624141158161,77.0,0,0
bidmc_09,155,0.7813333333333334,0.0037712361663282,0.6013333333333332,0.3419117497479735,0.2016346303879826,0.094629653681477,0.1250205817241248,77.0,0,0
bidmc_09,160,0.7818181818181817,0.0035628941713209,0.605090909090909,0.3371703418433928,0.2130194640214097,0.0956586837221385,0.1289199704174743,77.0,0,0
bidmc_09,165,0.7839999999999999,0.0032659863237109,0.6113333333333332,0.3443824358439794,0.2076861260133675,0.0984657070318933,0.1275018663021119,77.0,0,0
bidmc_09,170,0.7847272727272727,0.0022998382983042,0.6123636363636362,0.3360470307015608,0.207898263863948,0.0969377259360835,0.1240066097380911,77.0,0,0
bidmc_09,175,0.7825454545454545,0.0045996765966085,0.6116363636363635,0.3343921848137478,0.2091953504586057,0.0947251149680784,0.1236105751748979,77.0,0,0
bidmc_09,180,0.7839999999999999,0.0056568542494923,0.6059999999999999,0.3372909527704749,0.203348041287555,0.0942791409030709,0.1244178440717044,76.7,0,0
bidmc_09,185,0.7883636363636364,0.0039834367818557,0.5883636363636362,0.3369231684886278,0.2080342300623373,0.0965996452425574,0.1221445799586233,76.2,0,0
bidmc_09,190,0.786909090909091,0.0038483655433666,0.5826666666666666,0.3372399275891544,0.2077461687363502,0.095099826114386,0.1244968204316207,76.0,0,0
bidmc_09,195,0.7853333333333334,0.0029814239699997,0.5813333333333331,0.3408599294578827,0.2134982188447718,0.0940752386693339,0.1326630524507071,76.0,0,0
bidmc_09,200,0.786909090909091,0.0038483655433666,0.5839999999999999,0.3415968793640265,0.2276544220182074,0.0964192193745809,0.13194185673906,76.0,0,0
bidmc_09,205,0.7883636363636364,0.0039834367818557,0.5899999999999999,0.3235388991445483,0.2257552553413074,0.0945559076966658,0.1347453369456566,76.0,0,0
bidmc_09,210,0.7876363636363636,0.0039834367818557,0.5927272727272727,0.3359938906060815,0.223678243608034,0.0948222851773629,0.1370904423063612,76.0,0,0
bidmc_09,215,0.7883636363636364,0.0039834367818557,0.5927272727272727,0.3413444676498851,0.2290581709594072,0.0954975238482239,0.1356576619074954,76.0,0,0
bidmc_09,220,0.7890909090909091,0.0038483655433666,0.5953333333333332,0.3403483997047987,0.2228766177795839,0.0969204560498802,0.134444705825537,76.0,0,0
bidmc_09,225,0.7905454545454546,0.0030855568633594,0.5999999999999999,0.3377780232438873,0.2246886472439268,0.0955248713012324,0.1351020525028424,76.0,0,0
bidmc_09,230,0.7898181818181819,0.0035628941713209,0.6007272727272727,0.3397950717300519,0.2290326158778492,0.0995331200633843,0.1346649484914382,76.0,0,0
bidmc_09,235,0.7905454545454546,0.0045996765966085,0.5966666666666666,0.3366335062788074,0.2207195460948576,0.0959055462878593,0.1316812610505486,76.0,0,0
bidmc_09,240,0.7861818181818182,0.0049326036240911,0.5963636363636362,0.3342048608566993,0.2229303302173443,0.0951992539547829,0.133508326105255,76.4,0,0
bidmc_09,245,0.7643636363636364,0.0524443821885671,0.5866666666666666,0.27671315301821,0.2246659009067364,0.0979751199096352,0.1340883765282845,77.4,0,0
bidmc_09,250,0.7847272727272727,0.0041140758178126,0.6014545454545454,0.3404779127811956,0.2171768442635091,0.0977693221210246,0.1275553534299996,77.6,0,0
bidmc_09,255,0.7818181818181817,0.0035628941713209,0.605090909090909,0.3379887979789004,0.2074529838342736,0.1043849429166526,0.1245997304172563,77.1,0,0
bidmc_09,260,0.7593333333333333,0.0910653001361599,0.5666666666666665,0.337520193069811,0.1929681496710814,0.1027020463486241,0.1156830556576796,77.8,0,0
bidmc_09,265,0.7599999999999999,0.0491971913462916,0.5905454545454544,0.3086752134499974,0.2122729921647785,0.0954768776167353,0.1240665402562616,79.0,0,0
bidmc_09,270,0.7653333333333333,0.0542913948573395,0.5993333333333333,0.2780535770889487,0.2047441593329661,0.0964110651370328,0.1264728871144429,78.7,0,0
bidmc_09,275,0.7687272727272727,0.0494866206144116,0.5934545454545453,0.3145060169223568,0.1946275599133428,0.0980867635253922,0.1159915144290613,77.7,0,0
bidmc_09,280,0.79,0.0034641016151377,0.6019999999999999,0.3386911029240256,0.1936014900377618,0.1003889724115832,0.1191492914658915,76.7,0,0
bidmc_09,285,0.7890909090909091,0.0038483655433666,0.5832727272727272,0.3356395774953391,0.2120359532565527,0.0972994930503303,0.1232254830202011,76.0,0,0
bidmc_09,290,0.7890909090909091,0.0038483655433666,0.581090909090909,0.3405903218914017,0.2177667897594431,0.097740303126015,0.126752086900092,76.0,0,0
bidmc_09,295,0.7886666666666667,0.003944053188733,0.5839999999999999,0.3412895951214203,0.2145833561225883,0.0956241884454359,0.1324844287463353,76.0,0,0
bidmc_09,300,0.786909090909091,0.0038483655433666,0.589090909090909,0.3264657432685961,0.2250313114413263,0.097252183186812,0.1306183818391345,76.0,0,0
bidmc_09,305,0.784,0.0048241815132442,0.5879999999999999,0.3390933548108801,0.2275277493460399,0.0966214439264834,0.1362068169321183,76.4,0,0
bidmc_09,310,0.7833333333333333,0.0051207638319124,0.5906666666666666,0.3380158030794872,0.2143125774474925,0.0955498243974333,0.1357996271530881,76.7,0,0
bidmc_09,315,0.7861818181818182,0.0059972445463529,0.594181818181818,0.3326913619802037,0.2156052334299995,0.0964527195027465,0.1321294239691248,76.3,0,0
bidmc_09,320,0.786909090909091,0.0038483655433666,0.5913333333333332,0.3407160215250653,0.2161473574662044,0.1018797694029134,0.1324187098145993,76.0,0,0
bidmc_09,325,0.7861818181818182,0.0035628941713209,0.5912727272727272,0.3415284371113968,0.2225940625298551,0.0953278719407867,0.1315398347370892,76.0,0,0
bidmc_09,330,0.7861818181818182,0.0035628941713209,0.5949090909090908,0.3404025981832065,0.2208147757081386,0.0959499096123128,0.1299405078385547,76.0,0,0
bidmc_09,335,0.7839999999999999,0.004618802153517,0.5979999999999999,0.3449632515054934,0.2077705391078568,0.0991480298027682,0.1267439669735401,76.7,0,0
bidmc_09,340,0.7629090909090909,0.0450322198702915,0.5832727272727272,0.3122613033593053,0.2239010923598002,0.0968343575128479,0.1302856833634945,77.7,0,0
bidmc_09,345,0.7679999999999999,0.0853541641241558,0.5653333333333331,0.3075255900661739,0.2206129971889416,0.0982103535992189,0.1320907684473652,77.4,0,0
bidmc_09,350,0.7890909090909091,0.0038483655433666,0.6029090909090908,0.3376206602929257,0.2132747776730049,0.0994404789272558,0.1240938219810932,76.4,0,0
bidmc_09,355,0.7883636363636364,0.0039834367818557,0.6043636363636362,0.3378263286364029,0.2074962507576965,0.0970160722279229,0.1197787000965499,76.0,0,0
bidmc_09,360,0.7880000000000001,0.004,0.6053333333333332,0.3368307765744846,0.2180744189609015,0.1003538176674226,0.1312355703265072,76.0,0,0
bidmc_09,365,0.7854545454545455,0.0045996765966085,0.6029090909090908,0.3394369257008054,0.2292763691345493,0.0980355808455017,0.1338825189043051,76.0,0,0
bidmc_09,370,0.7847272727272727,0.0041140758178126,0.6039999999999999,0.3383113963967813,0.2187427909845154,0.0967221046750538,0.130528224877126,76.0,0,0
bidmc_09,375,0.786,0.0034641016151377,0.6079999999999999,0.3420851158314276,0.2171791107452539,0.0949285630322889,0.1365231725377478,76.0,0,0
bidmc_09,380,0.784,0.0,0.6072727272727272,0.3433747490201917,0.2372812166085605,0.0970936344529021,0.1425019448916124,76.4,0,0
bidmc_09,385,0.7826666666666666,0.0029814239699997,0.5913333333333332,0.3478208041685917,0.2200920098192964,0.0973951240743166,0.133300179304047,76.9,0,0
bidmc_09,390,0.7832727272727272,0.0022998382983042,0.5839999999999999,0.3382832872692242,0.2048170854039903,0.0968222131821765,0.1194596257613959,76.9,0,0
bidmc_09,395,0.7854545454545455,0.0045996765966085,0.5883636363636362,0.343870800235443,0.2153979307650081,0.0971364770931948,0.1257437923827323,76.4,0,0
bidmc_09,400,0.7833333333333333,0.0051207638319124,0.5913333333333332,0.3429921559319619,0.2277352397941723,0.0961078177141459,0.1376121271088717,76.5,0,0
bidmc_09,405,0.7818181818181817,0.0076967310867333,0.5883636363636362,0.3041026971306511,0.2200666278583139,0.0972414499083384,0.1296243445296802,77.0,0,0
bidmc_09,410,0.7825454545454545,0.0112198171785756,0.5879999999999999,0.3284778543981086,0.2011047183099193,0.0997593585417502,0.121361023949,76.9,0,0
bidmc_09,415,0.782,0.0047609522856952,0.5893333333333332,0.3445294601431685,0.2082721817324184,0.0955641710464123,0.1290496335398788,76.9,0,0
bidmc_09,420,0.7818181818181817,0.0049326036240911,0.5912727272727272,0.3445083139959692,0.2311956952800286,0.107471030872954,0.1335872758245326,77.0,0,0
bidmc_09,425,0.7800000000000001,0.004,0.5926666666666666,0.3366143734269538,0.2123037431331248,0.1034280015306899,0.1275420048556549,77.0,0,0
bidmc_09,430,0.7789090909090909,0.0038483655433666,0.5956363636363635,0.3395965687233779,0.2053128774980009,0.0964041022920109,0.1184265929700627,77.0,0,0
bidmc_09,435,0.7810909090909092,0.0051425947722658,0.5979999999999999,0.3453706984692001,0.2055403154454801,0.104171504335404,0.1230015135710371,77.0,0,0
bidmc_09,440,0.7854545454545455,0.0045996765966085,0.6014545454545454,0.3397268311176826,0.2079271901883919,0.0960037333445765,0.1292013578840763,76.6,0,0
bidmc_09,445,0.7876363636363636,0.0039834367818557,0.6029090909090908,0.3448602039732361,0.215260335995386,0.102521074112182,0.1301759682263529,76.1,0,0
bidmc_09,450,0.7880000000000001,0.004,0.6006666666666666,0.351939197323776,0.2098676214042019,0.1022449110575325,0.1274403319511652,76.0,0,0
bidmc_09,455,0.7861818181818182,0.0035628941713209,0.6007272727272727,0.3479015495107285,0.2237289099674495,0.0968168142604268,0.1306071315934089,76.0,0,0
bidmc_09,460,0.7861818181818182,0.0049326036240911,0.6043636363636362,0.3457939013243822,0.2359830540144268,0.0965485756039836,0.1378421597285465,76.0,0,0
bidmc_09,465,0.7866666666666666,0.0049888765156985,0.6059999999999999,0.3497194426914553,0.2142609323990859,0.0973128213347448,0.1306346714235433,76.0,0,0
bidmc_09,470,0.7861818181818182,0.0049326036240911,0.6079999999999999,0.3412792959881995,0.2130748347913283,0.0984141054524693,0.1242056366387587,76.0,0,0
bidmc_10,0,0.6966153846153845,0.0145366299212525,0.5230769230769231,0.3327888724174799,0.2390060044173026,0.1033283485763774,0.1421185180965229,85.7,0,0
bidmc_10,5,0.7199999999999999,0.0261278905896872,0.4849230769230769,0.4231368780465413,0.1957026924991632,0.1462169500480568,0.1412939671996817,86.1,0,0
bidmc_10,10,0.7253333333333333,0.0037712361663282,0.326,0.4571773887279937,0.1556687457791989,0.1461480768082372,0.1143519980371213,88.7,0,0
bidmc_10,15,0.7233333333333333,0.0051207638319124,0.4933333333333332,0.4719068341734597,0.2005720488360866,0.1080277551444084,0.1266930430757877,90.1,0,0
bidmc_10,20,0.7119999999999999,0.0486621002423857,0.6553846153846153,0.4558139781987909,0.2553119267633824,0.0966564064436324,0.1417226799456236,85.9,0,0
bidmc_10,25,0.7346666666666666,0.0314677965898825,0.6333333333333332,0.3631252117693458,0.245233812569156,0.0974150156260555,0.1341951042741998,83.0,0,0
bidmc_10,30,0.7413333333333333,0.0059628479399994,0.6826666666666665,0.4490349539132223,0.2522337255106632,0.100215445987517,0.1338698027699037,82.4,0,0
bidmc_10,35,0.7353333333333333,0.0051207638319124,0.6813333333333332,0.4492840362024525,0.2734937914962029,0.091947006744935,0.1426315642054629,81.2,0,0
bidmc_10,40,0.7326666666666667,0.003944053188733,0.6639999999999998,0.4541593863959679,0.2674964252201649,0.1044869835872532,0.1391140765352505,81.1,0,0
bidmc_10,45,0.7293333333333333,0.0044221663871405,0.6579999999999999,0.4477970252235365,0.2596713223018603,0.0953054502352743,0.1341188388537447,81.8,0,0
bidmc_10,50,0.7306666666666666,0.0059628479399994,0.6619999999999999,0.4481851504937697,0.2580998595463483,0.0955649215472097,0.1452050131504694,82.0,0,0
bidmc_10,55,0.7323076923076923,0.0050745915392217,0.6596923076923076,0.4504319888124344,0.2549887690233799,0.0957750010071239,0.1438883875574488,82.0,0,0
bidmc_10,60,0.73,0.0047609522856952,0.6566666666666666,0.4484749170231658,0.2610042782526077,0.0948889771039703,0.1334979169406464,82.0,0,0
bidmc_10,65,0.73,0.0034641016151377,0.6579999999999999,0.4477581896023391,0.2724857363034662,0.091832217023944,0.139635348782413,82.0,0,0
bidmc_10,70,0.7293333333333333,0.0044221663871405,0.6573333333333332,0.4469833967856714,0.2678308241527239,0.0916158135982429,0.1366049049334699,82.0,0,0
bidmc_10,75,0.7286666666666667,0.003944053188733,0.6626666666666666,0.4508974551904395,0.2614061483136355,0.0942492332638436,0.1371860630568823,82.0,0,0
bidmc_10,80,0.7293333333333334,0.0044221663871405,0.6666666666666666,0.4501133817522349,0.2669597757242414,0.0945293250346266,0.1414689199684758,82.0,0,0
bidmc_10,85,0.7306666666666666,0.0037712361663282,0.6699999999999999,0.4472092542429016,0.2569779162970673,0.094677738552267,0.1417375068522966,82.1,0,0
bidmc_10,90,0.7273846153846153,0.0021317548400847,0.6719999999999999,0.4466082759991603,0.2632769415730287,0.1005240722924649,0.140308259496148,82.1,0,0
bidmc_10,95,0.7286666666666667,0.003944053188733,0.6713333333333332,0.4458089319994241,0.2587329011475262,0.0935670499898268,0.1345977573469637,82.1,0,0
bidmc_10,100,0.7326666666666667,0.003944053188733,0.6733333333333333,0.4358184792169958,0.2687077345379786,0.0902142853333406,0.1373909007474353,82.2,0,0
bidmc_10,105,0.706,0.071114930452988,0.5846153846153845,0.3845864423942438,0.2562963111190711,0.0987734657352247,0.1361982792821493,82.1,0,0
bidmc_10,110,0.7239999999999999,0.1183215956619923,0.592,0.4743438560415979,0.2650825610900231,0.0971452682924385,0.1367166081304482,82.7,1,3
bidmc_10,115,0.7399999999999999,0.0095219045713904,0.6706666666666666,0.4646346200621455,0.2767328103459442,0.1191546451123889,0.1389322753688214,83.0,0,0
bidmc_10,120,0.7273333333333333,0.0060736223860962,0.6733333333333333,0.4509338702987673,0.2678949023733417,0.0948913499373307,0.1441646184339938,82.1,0,0
bidmc_10,125,0.72,0.005434929763894,0.6756923076923076,0.4454806926461098,0.2687864707572742,0.0945675020151252,0.1388381477892184,82.0,0,0
bidmc_10,130,0.7193846153846154,0.0049230769230769,0.6763076923076923,0.4466733010714588,0.2784568276453386,0.0945221342584256,0.1451387277462184,82.8,0,0
bidmc_10,135,0.7255384615384616,0.0057728193967057,0.6799999999999999,0.4448362156091729,0.2781139684525215,0.095474121685155,0.1472610919482148,83.3,0,0
bidmc_10,140,0.7326666666666667,0.0089193921068397,0.628,0.4314310622265344,0.2657624179170383,0.0910395060448001,0.1413835853564456,83.2,0,0
bidmc_10,145,0.7433333333333333,0.0089193921068397,0.6173333333333333,0.436428941391225,0.2375982794898407,0.0909112187196963,0.137867562940668,82.4,0,0
bidmc_10,150,0.7486666666666667,0.0051207638319124,0.6613333333333332,0.446768870444047,0.2518070227065223,0.0938873558008486,0.1498315935181978,81.2,0,0
bidmc_10,155,0.7353333333333333,0.0128409068561721,0.6546666666666666,0.4599599576162244,0.2994187967653132,0.0957624664152868,0.1640924903399833,80.3,0,0
bidmc_10,160,0.7132307692307692,0.0246768463455549,0.6036923076923076,0.378708525226024,0.2658625770460059,0.0953941925811012,0.1493790181406633,80.8,0,0
bidmc_10,165,0.7095384615384616,0.0423767268939983,0.6159999999999999,0.4100018881138346,0.2249415336394447,0.095719224351778,0.1418277783448822,82.7,0,0
bidmc_10,170,0.716923076923077,0.0038920340432841,0.6217142857142857,0.4477761433675833,0.2276889929088286,0.0966318765369387,0.1406228263010267,84.1,0,0
bidmc_10,175,0.7193846153846153,0.0049230769230769,0.6633846153846152,0.4532170944593642,0.2521275564590114,0.0953826228867307,0.1397742900633619,84.2,0,0
bidmc_10,180,0.7230769230769231,0.0066847879945847,0.6626666666666666,0.4466934070825687,0.2767319889752894,0.0948033730388717,0.1503890952744925,83.5,0,0
bidmc_10,185,0.7306666666666667,0.0067986926847903,0.672,0.4445635147529315,0.2829285019006443,0.092619114517119,0.1529426534141155,83.0,0,0
bidmc_10,190,0.7360000000000001,0.004618802153517,0.6706666666666666,0.445509201595477,0.2292625509670662,0.091208253074853,0.1243938381698479,82.6,0,0
bidmc_10,195,0.7346666666666666,0.0054974741674902,0.6753333333333332,0.4507788066741284,0.2257995132524327,0.0952206465225087,0.126919927233725,81.9,0,0
bidmc_10,200,0.7313333333333333,0.0060736223860962,0.6786666666666666,0.4460609857442333,0.2568487107190919,0.0965102545848552,0.1491710196146263,81.8,0,0
bidmc_10,205,0.736,0.0076861513826441,0.6763076923076923,0.4467792831637713,0.2762311777229028,0.097004428997373,0.1457150348956604,82.0,0,0
bidmc_10,210,0.7373333333333334,0.0054974741674902,0.6773333333333333,0.4426250149062588,0.2759210945769222,0.092359611602091,0.1417456683732942,81.8,0,0
bidmc_10,215,0.7306666666666666,0.0037712361663282,0.6819999999999999,0.4441325622285202,0.2587852410268106,0.0911261810480688,0.1486644265164796,81.5,0,0
bidmc_10,220,0.7286666666666667,0.003944053188733,0.6659999999999999,0.44379318556922,0.224581281255405,0.0938652018036138,0.1381887039092393,81.7,0,0
bidmc_10,225,0.7273333333333333,0.003944053188733,0.6886666666666666,0.4485297192175692,0.2458543682041979,0.0951462653233443,0.1341627375484565,82.0,0,0
bidmc_10,230,0.7279999999999999,0.0032659863237109,0.6919999999999998,0.4507552328356689,0.2669131507085244,0.0950470157542266,0.1437665882845707,82.4,0,0
bidmc_10,235,0.7298461538461538,0.0033706003538779,0.6953846153846153,0.4454961797135817,0.2637992671112694,0.0976193300560996,0.1415901613382206,82.5,0,0
bidmc_10,240,0.7249230769230769,0.0080236337294801,0.6824615384615385,0.4479040550034981,0.2540337777450752,0.0957345935788841,0.1382701567831605,82.1,0,0
bidmc_10,245,0.7107692307692306,0.0098461538461538,0.6603076923076923,0.4356900914000673,0.2483687035843459,0.0924062711924918,0.1358722061419074,82.4,0,0
bidmc_10,250,0.7175384615384615,0.0123076923076923,0.6566153846153846,0.4431390818942026,0.2531012722533873,0.0951640087333936,0.1343839775062266,83.6,0,0
bidmc_10,255,0.73,0.0034641016151377,0.6613333333333332,0.4506266839375862,0.2684908692110475,0.0944319355788675,0.1387218343652672,84.2,0,0
bidmc_10,260,0.7286666666666667,0.003944053188733,0.6653333333333332,0.4463471382223699,0.2797349022038365,0.0928138876479566,0.1508467305703631,83.2,0,0
bidmc_10,265,0.7306666666666667,0.0049888765156985,0.6699999999999999,0.446079473298111,0.2677744761925086,0.1137044988105378,0.1426938560868305,82.2,0,0
bidmc_10,270,0.7373333333333333,0.0054974741674902,0.676,0.4385853118898186,0.2844497361378384,0.0930156725046093,0.1504119205928372,82.0,0,0
bidmc_10,275,0.7476363636363637,0.0062562365578491,0.6785454545454545,0.4270743895364164,0.2652678181382821,0.0928995732732446,0.1573746140272932,81.7,0,0
bidmc_10,280,0.7526666666666667,0.0051207638319124,0.6839999999999998,0.4298910178271813,0.2327146117684415,0.0886298079656355,0.1347440298902989,80.9,0,0
bidmc_10,285,0.7506666666666666,0.0063944420310836,0.6826666666666665,0.4456123824163585,0.2221461605928204,0.0926277419572756,0.1303065056923822,80.2,0,0
bidmc_10,290,0.797090909090909,0.2015582273395567,0.5219999999999999,0.4587025141756773,0.1835537140854014,0.2137379009293289,0.1292807859974035,80.0,1,3
bidmc_10,295,0.7046153846153846,0.0505440226421687,0.4559999999999999,0.4219815083982278,0.1912191781567566,0.2166075733810717,0.1204697611510721,80.9,0,0
bidmc_10,300,0.7076923076923076,0.0758047944651611,0.5501538461538461,0.4250754800273268,0.238496715741467,0.0979903816891862,0.1340042829036444,83.6,0,0
bidmc_10,305,0.7286153846153846,0.0296791521274769,0.6319999999999999,0.3801455087858416,0.2604256803402213,0.0963257553431065,0.1393321673466837,84.9,0,0
bidmc_10,310,0.7316923076923076,0.0050745915392217,0.6812307692307692,0.4611115365397178,0.2737786634761734,0.0969097814570671,0.1471967054928988,83.2,0,0
bidmc_10,315,0.73,0.0034641016151377,0.6833333333333332,0.459105249664941,0.2844730827000433,0.0931064082846713,0.1494073305934931,82.0,0,0
bidmc_10,320,0.734,0.0047609522856952,0.6986666666666667,0.4553139329787627,0.2543241365829506,0.0945991134339651,0.1466389390662065,82.0,0,0
bidmc_10,325,0.7399999999999999,0.0051639777949432,0.698,0.453487299928813,0.2298140090214578,0.1012555391706331,0.1378972582027237,82.0,0,0
bidmc_10,330,0.7446666666666667,0.0022110831935702,0.6853333333333332,0.4427536849660616,0.2777170153947943,0.1002009960274738,0.1485559477536348,81.5,0,0
bidmc_10,335,0.7493333333333333,0.0059628479399994,0.6859999999999999,0.4526388333874612,0.2917007910114986,0.0923865743338903,0.1532417886038477,81.0,0,0
bidmc_10,340,0.7546666666666666,0.0049888765156985,0.6846666666666666,0.4490123149191246,0.2646442608793556,0.0925229616013222,0.1389324371880192,80.5,0,0
bidmc_10,345,0.7473333333333333,0.0082999330653258,0.6699999999999999,0.4356201418906349,0.2665049931194094,0.0987892995692969,0.1435800266611493,80.0,0,0
bidmc_10,350,0.7446666666666667,0.0060736223860962,0.6626666666666666,0.4277679586895434,0.285459580071499,0.0892923648981378,0.1469601906315077,80.0,0,0
bidmc_10,355,0.7480000000000001,0.004,0.6659999999999999,0.4345507084626143,0.2841229783917614,0.089924750769145,0.1443969535407658,80.3,0,0
bidmc_10,360,0.7533333333333334,0.0044221663871405,0.672,0.4464915956233959,0.2947364153494098,0.0992227258005206,0.1553784538164364,80.3,0,0
bidmc_10,365,0.7513333333333333,0.0076303487615064,0.6699999999999999,0.4500616989736071,0.2940300733829749,0.09166733505245,0.1523579570159463,80.0,0,0
bidmc_10,370,0.7373333333333333,0.0078881063774661,0.6619999999999999,0.4447162490970111,0.2693300658976907,0.0909757674290865,0.1358036383400038,80.0,0,0
bidmc_10,375,0.7253333333333333,0.0049888765156985,0.6599999999999999,0.4511717373135184,0.2758991945116656,0.0949451699915726,0.1415697359145188,80.7,0,0
bidmc_10,380,0.7313333333333333,0.0094985378991833,0.6639999999999999,0.4478730120481747,0.2680109495252244,0.0948036232390434,0.1462387390510972,82.1,0,0
bidmc_10,385,0.7426666666666666,0.0054974741674902,0.6693333333333333,0.4423673663066843,0.2559695251620689,0.0948466195603477,0.1404447455833827,82.6,0,0
bidmc_10,390,0.7446666666666667,0.003944053188733,0.6673333333333332,0.4507661979881101,0.26210009118909,0.0965996795576789,0.1421787062402318,81.7,0,0
bidmc_10,395,0.7393333333333333,0.003944053188733,0.6686666666666666,0.4615520764647436,0.2781510747555991,0.09898516290845,0.1454129038075335,81.0,0,0
bidmc_10,400,0.734,0.0297769485788364,0.6686666666666666,0.3806729245570282,0.2784253541772105,0.0976736943701637,0.143748931694551,81.1,0,0
bidmc_10,405,0.7466666666666667,0.035677568427359,0.6286666666666666,0.4536334693560138,0.261168368897511,0.0951181562691998,0.1387830471956124,81.6,0,0
bidmc_10,410,0.7366666666666667,0.0051207638319124,0.676,0.4419691577892271,0.271128324855013,0.0913228429460687,0.1401442624073623,81.8,0,0
bidmc_10,415,0.7426666666666666,0.0044221663871405,0.6753333333333332,0.4456485546121514,0.2780002312727347,0.0909056825255484,0.1415409279181906,81.5,0,0
bidmc_10,420,0.7446666666666667,0.0082999330653258,0.6773333333333333,0.4606315321907329,0.28548779253492,0.0934542347448176,0.1528849613018317,81.2,0,0
bidmc_10,425,0.7246666666666667,0.0154775823549918,0.6773333333333332,0.4467458619505488,0.2636437869296125,0.0947754329535655,0.1478773566119708,80.7,0,0
bidmc_10,430,0.7224615384615384,0.0130832563849041,0.6781538461538462,0.4300550479512739,0.2598432435583769,0.0923358504476722,0.1373705731696511,81.3,0,0
bidmc_10,435,0.7439999999999999,0.0117756811551038,0.6819999999999999,0.4414321712594628,0.274356255686743,0.0903164273055443,0.1410565904813488,82.6,0,0
bidmc_10,440,0.7533333333333333,0.0054974741674902,0.6859999999999999,0.4486283230345827,0.2594261334821083,0.0913717692196302,0.1324077924720707,81.9,0,0
bidmc_10,445,0.7566666666666667,0.003944053188733,0.6779999999999999,0.4315210670760464,0.2723867252606995,0.0994085978812992,0.1485622893520963,80.4,0,0
bidmc_10,450,0.7527272727272727,0.00634021664515,0.6683636363636363,0.4426217831603388,0.2684147724386734,0.0923673400783821,0.1469464876538766,79.7,0,0
bidmc_10,455,0.7493333333333333,0.0037712361663282,0.6579999999999999,0.4625444419124938,0.2462290590569894,0.0943976267262729,0.1301898345915846,79.7,0,0
bidmc_10,460,0.7366666666666667,0.0666499979161456,0.6186666666666666,0.4405132538675197,0.2360964275942438,0.2169851579900513,0.1342996405559134,80.2,0,0
bidmc_10,465,0.7206153846153847,0.0079762962441942,0.6756923076923076,0.463243218674347,0.1883931451156204,0.230519469332374,0.1227914850108009,80.8,0,0
bidmc_10,470,0.7206153846153847,0.0049230769230769,0.6732307692307693,0.4558516396596839,0.220434291294139,0.0962040152773197,0.1254032667629818,82.1,0,0
bidmc_11,0,0.6308571428571428,0.0200244748204974,0.0782857142857142,0.7110863483005159,0.0924358649115655,0.1661693890669414,0.0509622439549912,94.4,0,0
bidmc_11,5,0.6514285714285714,0.0115987332172482,0.1925333333333333,0.7114795554106096,0.1068540359512221,0.1669633143287447,0.055897384912537,95.1,0,0
bidmc_11,10,0.6609230769230768,0.0096910866141683,0.2508571428571429,0.7237232266802588,0.1193800545136792,0.170277226515406,0.059787279615568,93.1,0,0
bidmc_11,15,0.6622857142857143,0.0109767844070277,0.3232,0.7352447778417722,0.1081893869416166,0.1672747216001611,0.054806930685615,91.3,0,0
bidmc_11,20,0.661142857142857,0.0103015750727542,0.2502857142857143,0.7384802488368493,0.1085477858981254,0.1707495261134848,0.0560002163152251,90.9,0,0
bidmc_11,25,0.6627692307692308,0.0112465642353828,0.368,0.7334479744688726,0.10739690794701,0.1661290568206584,0.0560290303105573,90.9,0,0
bidmc_11,30,0.661142857142857,0.0107361681303176,0.3648,0.7315721276562464,0.1272291710879202,0.1664964395757407,0.064745580833295,90.7,0,0
bidmc_11,35,0.6559999999999999,0.0083019923466043,0.1097142857142857,0.7315846461183533,0.1290960304586688,0.1668182078745423,0.0636871800756689,90.6,0,0
bidmc_11,40,0.6605714285714285,0.0134255315708236,0.1962666666666667,0.7344192824635953,0.116452526501228,0.1725259034173775,0.0584010386807575,91.1,0,0
bidmc_11,45,0.6596923076923076,0.0127905290405086,0.1182857142857143,0.7295981870489195,0.1150574531674576,0.1727413269281344,0.0588058137415843,91.2,0,0
bidmc_11,50,0.6422857142857142,0.021684189669726,0.0405333333333333,0.7220675201931498,0.0999415200862994,0.1670223309063492,0.0509732701349073,91.2,0,0
bidmc_11,55,0.6257142857142856,0.009160696881075,0.0576,0.7159860411059324,0.1230372856521087,0.1646549202876805,0.0673133468501773,93.0,0,0
bidmc_11,60,0.6331428571428571,0.0084756554138236,0.0458666666666666,0.7176218467967649,0.1459581095392514,0.1637242402298409,0.0722561655861539,95.1,0,0
bidmc_11,65,0.6405714285714285,0.015846199570128,0.2091428571428571,0.7259983828955672,0.1202591154368614,0.1726098526907618,0.0631992281186583,95.2,0,0
bidmc_11,70,0.6474285714285714,0.013678524804098,0.4367999999999999,0.7495460823750651,0.111660122870107,0.1720714801438183,0.0575251204460426,94.0,0,0
bidmc_11,75,0.6377142857142857,0.0082412600582034,0.2388571428571428,0.7620538876693191,0.1137549247821371,0.1740748805836305,0.0584141561108836,93.2,0,0
bidmc_11,80,0.6314666666666666,0.0098918597285287,0.1434666666666667,0.7659170368648709,0.1026165634798222,0.1813712994136379,0.0538825141945696,93.9,0,0
bidmc_11,85,0.6354285714285713,0.0147246842591144,0.2336,0.7580456893917576,0.0909419394377989,0.1729684968112816,0.0458420273622679,94.8,0,0
bidmc_11,90,0.6491428571428571,0.0089988661417277,0.3130666666666667,0.7398854344034876,0.0833009975601268,0.1709118805110894,0.0403597174835898,94.1,0,0
bidmc_11,95,0.6565714285714285,0.0129929337153166,0.2925714285714286,0.7425676947201794,0.0913826771249996,0.1715988199797763,0.0464171713670387,92.6,0,0
bidmc_11,100,0.6566153846153846,0.0079762962441942,0.2646153846153846,0.7266398558732713,0.1029561275453968,0.1709628342252998,0.0508664673810721,91.6,0,0
bidmc_11,105,0.6554285714285715,0.0082610470256005,0.3189333333333333,0.7762020953815537,0.1014122197009128,0.1761710900732079,0.0503117565035979,91.4,0,0
bidmc_11,110,0.6542857142857142,0.0086472834002408,0.3405714285714286,0.8318986732179844,0.1070639288923628,0.1823525155289208,0.0539123069239792,91.7,0,0
bidmc_11,115,0.6617142857142857,0.0139970842444753,0.4031999999999999,0.8145196568026641,0.1084982214378667,0.1792345401974458,0.0566734021484312,91.7,0,0
bidmc_11,120,0.6588571428571427,0.0164527771987291,0.2948571428571429,0.7475411403374924,0.0901385040736016,0.1808261380612735,0.0511925064558761,91.2,0,0
bidmc_11,125,0.6523076923076923,0.0202423190195674,0.2085714285714286,0.7449961207750887,0.0899524284573405,0.178971232577813,0.04817480391611,91.2,0,0
bidmc_11,130,0.6291428571428571,0.021931246928452,0.1722666666666667,0.7394103486569673,0.1116529299729212,0.1743538760605479,0.0585875617787274,92.4,0,0
bidmc_11,135,0.6314285714285713,0.0143313556616965,0.0416,0.7535454613082945,0.1258271923691798,0.2019586303783963,0.0611771708618055,94.7,0,0
bidmc_11,140,0.6457142857142857,0.0082412600582034,0.0341333333333333,0.7434915091905892,0.1265366687269307,0.1707266444623328,0.0631599248141328,95.2,0,0
bidmc_11,145,0.6457142857142857,0.0097645757089343,0.0346666666666666,0.7152019956841735,0.1321881409469426,0.169172221719427,0.070572680482767,93.6,0,0
bidmc_11,150,0.6445714285714285,0.0089259996296076,0.036,0.726695967927445,0.1360973429570957,0.169285859666358,0.0690470846618876,93.0,0,0
bidmc_11,155,0.6479999999999999,0.0117108008753824,0.0330666666666666,0.7275670206984621,0.1464444890143647,0.1712575378679281,0.0735826670368949,93.1,0,0
bidmc_11,160,0.6468571428571428,0.015959131478593,0.0362666666666666,0.716231756939097,0.1682587527825035,0.1688409284137161,0.0842909245793525,92.8,0,0
bidmc_11,165,0.6399999999999999,0.0120948631362952,0.0834285714285714,0.7232711644641729,0.1401444651252004,0.1679178810446124,0.0744382159642075,92.8,0,0
bidmc_11,170,0.6492307692307692,0.0093327697772942,0.244,0.7336400348213272,0.1331677812215637,0.1881608694789156,0.0715263615874607,93.3,0,0
bidmc_11,175,0.6485714285714285,0.0082610470256005,0.2256,0.7232809193580708,0.1671314561400959,0.169850100882284,0.0821149791516858,92.8,0,0
bidmc_11,180,0.6508571428571427,0.0137261853136735,0.2005714285714286,0.7252367155830272,0.1910627195144296,0.1764921025123304,0.0944674914039775,92.6,0,0
bidmc_11,185,0.6566153846153846,0.011076923076923,0.2028571428571428,0.7267305736399126,0.1761301674778266,0.1867546791319863,0.091201904781192,92.6,0,0
bidmc_11,190,0.6542857142857141,0.009160696881075,0.0997333333333333,0.721770935512467,0.1743065470321066,0.171268833490965,0.0873280143615499,91.8,0,0
bidmc_11,195,0.6502857142857142,0.0110804111026659,0.1024,0.7227820961278913,0.2253091540908329,0.2028177905798252,0.113495776628577,91.7,0,0
bidmc_11,200,0.6405714285714286,0.0146468635634014,0.0704,0.7035177522109319,0.2226189056820571,0.1858014125328074,0.1158639570970155,92.3,0,0
bidmc_11,205,0.6422857142857142,0.0146357125427036,0.0272,0.710784283926118,0.2189808611496529,0.1694308346510102,0.1086620626564268,93.3,0,0
bidmc_11,210,0.6388571428571428,0.0120407471461174,0.0288,0.7155604995038679,0.1866475784146485,0.1659216976297895,0.0957656743335893,93.6,0,0
bidmc_11,215,0.6274285714285713,0.0137618223757626,0.0405333333333333,0.7260837735952657,0.1873985149627395,0.1694693020172213,0.0950560961300133,94.0,0,0
bidmc_11,220,0.6217142857142857,0.0114855721384238,0.048,0.7282394346495791,0.2210718085096297,0.1772867250333835,0.1135821887660975,95.4,0,0
bidmc_11,225,0.5946666666666666,0.0205869430033267,0.075,0.7036691977574856,0.1763597836901803,0.1680810474327207,0.0969225060517797,96.6,0,0
bidmc_11,230,0.5882666666666665,0.014856947495663,0.0824999999999999,0.6975885015266959,0.1718249183180888,0.1979239037663672,0.0887478315721586,99.7,0,0
bidmc_11,235,0.6165714285714284,0.0180068014361014,0.0522666666666666,0.7125926587274409,0.2230010928819918,0.1615980538224747,0.1077822703545772,101.5,1,2
bidmc_11,240,0.6405714285714286,0.013678524804098,0.0325333333333333,0.7132215744729348,0.2102550336957508,0.1670093496810025,0.1058442263265371,98.4,0,0
bidmc_11,245,0.6508571428571427,0.0071599794777952,0.0245714285714285,0.7125210162435222,0.205028588993364,0.1726869114144113,0.1068767384483417,94.5,0,0
bidmc_11,250,0.6621538461538461,0.0104796223790316,0.1634285714285714,0.7289341882867435,0.2390357274037255,0.16537336754442,0.1142168815484517,92.3,0,0
bidmc_11,255,0.6617142857142857,0.0118769198233294,0.1562666666666667,0.7416399233827294,0.244573603716024,0.167472803730926,0.1192517066464947,91.0,0,0
bidmc_11,260,0.6547692307692307,0.0124909434647288,0.0308571428571428,0.736764880196801,0.2492025264826684,0.1673784809879856,0.1297087245422457,90.8,0,0
bidmc_11,265,0.6548571428571428,0.0104119240904506,0.032,0.7229554345352832,0.2722423448200124,0.1729651973099172,0.1337882801897519,91.5,0,0
bidmc_11,270,0.6508571428571429,0.0115564276663752,0.072,0.7220711714048347,0.2998093197506639,0.1704858179673062,0.1465654623093863,91.9,0,0
bidmc_11,275,0.6559999999999999,0.0070164641544562,0.3593846153846153,0.723988023068843,0.3020366569306588,0.1641680793455374,0.1501662475410795,92.0,0,0
bidmc_11,280,0.6537142857142857,0.0106598617749586,0.4410666666666666,0.717073196636827,0.2873758399633843,0.1698802619030843,0.1405962134459055,91.7,0,0
bidmc_11,285,0.6537142857142857,0.0097645757089343,0.4098461538461538,0.7285387254232175,0.2948188429416892,0.1687921042947861,0.1497931119908226,91.7,0,0
bidmc_11,290,0.6523076923076923,0.0059663752091277,0.1977142857142857,0.7219902971393732,0.3032128766133005,0.1654936117426035,0.1494907695262906,92.0,0,0
bidmc_11,295,0.6514285714285714,0.0098974331861078,0.104,0.7140554323495075,0.275469281142282,0.1677212921741993,0.137292153187308,92.2,0,0
bidmc_11,300,0.6599999999999999,0.0134376868757769,0.2971428571428571,0.7326050815586903,0.2758756721405858,0.170400885913154,0.1365843854758153,92.1,0,0
bidmc_11,305,0.6769230769230768,0.0181720899202872,0.5206153846153845,0.7468928926438848,0.2502097375013561,0.1693815649772643,0.1235985128401412,91.2,0,0
bidmc_11,310,0.6769230769230768,0.0164665700433964,0.4331428571428571,0.744760228458838,0.243296829972607,0.1683589615928673,0.1196552026049965,89.8,0,0
bidmc_11,315,0.6565714285714285,0.0114997781699989,0.204,0.711810935485771,0.2477212082638619,0.1714538029336651,0.1200744123483591,89.2,0,0
bidmc_11,320,0.6331428571428571,0.0271894337219893,0.1626666666666666,0.7213714480791154,0.1806407224153066,0.1661070099307572,0.0986317070718835,90.8,0,0
bidmc_11,325,0.5978666666666665,0.0173968068589867,0.0554666666666666,0.7171846872856107,0.155942092708615,0.1659134974895125,0.0761527085043475,94.6,0,0
bidmc_11,330,0.6026666666666666,0.0129546216549238,0.0559999999999999,0.7167954125926836,0.175767743147058,0.1654290246830632,0.0903488105313066,99.0,0,0
bidmc_11,335,0.6090666666666666,0.0057441757942768,0.056,0.7174614727236758,0.1710844879066599,0.1697232734542619,0.0884814264100046,99.9,0,0
bidmc_11,340,0.6149333333333332,0.0086984034294933,0.0545,0.7393009506797474,0.1534992707883238,0.1724721974676094,0.0768737939727123,98.6,0,0
bidmc_11,345,0.6251428571428571,0.0084756554138236,0.0469333333333333,0.7528200711829122,0.1506644308801557,0.1687107899097283,0.0754140660692674,97.8,0,0
bidmc_11,350,0.6319999999999999,0.0067612340378281,0.0448,0.7550325946787516,0.1665581654748628,0.1686440772165484,0.0811121903605876,96.5,0,0
bidmc_11,355,0.6354285714285713,0.0049815987926179,0.0469333333333333,0.7491559304202684,0.1682667738720725,0.1670105774063437,0.0836344694865261,95.4,0,0
bidmc_11,360,0.6428571428571429,0.0071599794777952,0.0368,0.7621908050004457,0.1768789834629598,0.1843290446901702,0.0931714557207046,94.5,0,0
bidmc_11,365,0.6405714285714285,0.0106751666812968,0.0298666666666666,0.7577263730473062,0.1911225691814597,0.1690625172820917,0.0954734446491221,93.6,0,0
bidmc_11,370,0.6359999999999999,0.0116128008188009,0.1189333333333333,0.772198237173118,0.2100539944033715,0.2093101149502806,0.1115970469029976,93.8,0,0
bidmc_11,375,0.6439999999999999,0.0107968249301092,0.4268571428571427,0.7825880385889535,0.1738304844888571,0.1750430623778158,0.0999799754798802,94.1,0,0
bidmc_11,380,0.6514285714285714,0.0049815987926179,0.6006153846153846,0.7821154206232931,0.1452444749078835,0.1729233080138948,0.0742351464496294,93.3,0,0
bidmc_11,385,0.6508571428571427,0.0064901809666288,0.3782857142857142,0.7773126818510216,0.1515612493360006,0.16920369593083,0.0730505781308216,92.4,0,0
bidmc_11,390,0.6485714285714285,0.0087970310390518,0.2451428571428571,0.7874349512013564,0.1549826963785778,0.1765765464457449,0.0759631013432975,92.2,0,0
bidmc_11,395,0.659076923076923,0.0164665700433964,0.3434285714285714,0.7803266716541394,0.1668671047276174,0.1736181135735103,0.0884331374819049,92.3,0,0
bidmc_11,400,0.6662857142857143,0.0136665837064015,0.4490666666666666,0.717812425614169,0.2081372996468274,0.1663734884909248,0.1039804286138865,91.4,0,0
bidmc_11,405,0.6683076923076923,0.0158812158776171,0.4646153846153845,0.6781260651786619,0.2568120359439397,0.16368523539581,0.1261580156870644,90.5,0,0
bidmc_11,410,0.6769230769230768,0.0115456387934114,0.6154285714285713,0.7083016280833709,0.2516140331892044,0.1646818743820157,0.1246951340749859,89.9,0,0
bidmc_11,415,0.6603076923076923,0.0097300851082104,0.2908571428571428,0.7355712226507661,0.2498845365063583,0.171764276419958,0.1224171770069197,89.3,0,0
bidmc_11,420,0.6554285714285714,0.0114997781699989,0.1461333333333333,0.736158454878786,0.2343398890544473,0.17226723629397,0.120607506341286,90.4,0,0
bidmc_11,425,0.6594285714285714,0.0107816927223504,0.2971428571428571,0.7548896185877891,0.2616643988346197,0.1679058735547383,0.1348551713157675,91.3,0,0
bidmc_11,430,0.651076923076923,0.0119644443662914,0.212,0.7452820541035676,0.221536298373823,0.1660440821950554,0.1144945290689698,91.0,0,0
bidmc_11,435,0.6542857142857142,0.0139151950421553,0.1130666666666666,0.7352802737233408,0.1778605545883004,0.1668612198038661,0.0914949092123249,91.6,0,0
bidmc_11,440,0.6571428571428571,0.010842094834863,0.1634285714285714,0.7401521453926614,0.2096016916966142,0.1684463837732563,0.1035715578064853,91.9,0,0
bidmc_11,445,0.6508571428571427,0.0140552844299986,0.1989333333333333,0.7356846131409528,0.179539767005231,0.1638559133396563,0.0953839718793814,91.6,0,0
bidmc_11,450,0.6531428571428571,0.0172662227768435,0.1530666666666666,0.7370357537584461,0.1723190528937964,0.1665442475320225,0.0927559024706362,91.8,0,0
bidmc_11,455,0.6491428571428571,0.0138091953983938,0.0245714285714285,0.7550962905617239,0.1909562058118752,0.167743416177349,0.1033597249460724,91.8,0,0
bidmc_11,460,0.6572307692307692,0.0103340649992287,0.0691428571428571,0.7468446630230615,0.1720219781342527,0.1653736763007448,0.0827330757704565,91.9,0,0
bidmc_11,465,0.6519999999999999,0.012,0.0714666666666666,0.7372097438509664,0.1490018839958692,0.1662923044085771,0.0739369251885934,91.9,0,0
bidmc_11,470,0.6559999999999999,0.0133128047094055,0.0268571428571428,0.734372381685585,0.1703265678447139,0.1702511591562321,0.0869481091756418,91.8,0,0
bidmc_12,0,0.6594285714285714,0.0049815987926179,0.6135384615384614,1.1208051096382614,0.1259879011822347,0.2200168411161167,0.0724300946637405,91.6,0,0
bidmc_12,5,0.6542857142857142,0.0068809111878813,0.6108571428571427,1.1075239172092877,0.1290135357359685,0.2103008843914035,0.0724953015239419,91.0,0,0
bidmc_12,10,0.6457142857142857,0.0070450445748216,0.6119999999999999,1.1074819551115582,0.1293936964746011,0.2101968256825423,0.0739987847431715,91.4,0,0
bidmc_12,15,0.6457142857142857,0.0055988336977901,0.613142857142857,1.1125117066951786,0.1261581520499919,0.2166308784581897,0.0758186793933194,92.4,0,0
bidmc_12,20,0.6535384615384614,0.0057728193967057,0.6184615384615384,1.0363800628223043,0.13597752257668,0.2091878354523214,0.0788223285577403,93.0,0,0
bidmc_12,25,0.6571428571428571,0.0041206300291017,0.6217142857142857,1.1033850991080534,0.1328578613272971,0.2095439086914925,0.0760639867295133,92.5,0,0
bidmc_12,30,0.6548571428571428,0.002799416848895,0.6251428571428571,1.1120485719567277,0.1300245473509146,0.2175491718757632,0.07532548972201,91.6,0,0
bidmc_12,35,0.6571428571428571,0.0051110125199995,0.6274285714285713,1.1082775192535783,0.134261035674194,0.2088932549567732,0.0758912958435011,91.5,0,0
bidmc_12,40,0.6594285714285714,0.0039589732744431,0.6297142857142857,1.1136033377816144,0.1338715119586307,0.2104090854491991,0.0767548138095962,91.5,0,0
bidmc_12,45,0.6596923076923076,0.0050745915392217,0.6258461538461538,1.1106342939678135,0.1334438617439654,0.2105178081105364,0.0818212894988971,91.1,0,0
bidmc_12,50,0.66,0.0058554004376912,0.6228571428571428,1.0854261182688758,0.13060174585507,0.2122786087613466,0.0743772696767265,91.0,0,0
bidmc_12,55,0.6633846153846152,0.0066278951472424,0.6196923076923077,1.110708610869528,0.1356490386113767,0.2130916563182457,0.0757132656560781,91.0,0,0
bidmc_12,60,0.6674285714285714,0.0049815987926179,0.6079999999999999,1.118356953948319,0.1317654745443436,0.2121617586196799,0.0751395654684391,90.6,0,0
bidmc_12,65,0.6627692307692308,0.0042635096801695,0.6036923076923075,1.1227863700538825,0.1300275725775624,0.2326677262645239,0.074619976632952,90.1,0,0
bidmc_12,70,0.6582857142857143,0.0063631592718057,0.6039999999999999,1.1224570827704925,0.1254871666263295,0.2132539711052869,0.0717515162005958,90.3,0,0
bidmc_12,75,0.6639999999999999,0.008,0.606153846153846,1.1241296425895475,0.1297981761689324,0.2137341290645656,0.0749220682599268,90.8,0,0
bidmc_12,80,0.6701538461538461,0.0033706003538779,0.6116923076923075,1.112384292774251,0.1290655978945641,0.2099448361438098,0.0767202113907092,90.6,0,0
bidmc_12,85,0.6645714285714285,0.0063887656499994,0.6108571428571427,1.1170252557115183,0.1299792337159009,0.2131588553159385,0.0757811920730797,90.0,0,0
bidmc_12,90,0.659076923076923,0.0038920340432841,0.6073846153846152,1.1137359272120575,0.1274096485012188,0.211616794839067,0.0743133334738423,90.1,0,0
bidmc_12,95,0.6565714285714285,0.0047466422073817,0.6074285714285713,1.1170762337374982,0.1281081609397556,0.2130475841515346,0.0728704256860461,90.7,0,0
bidmc_12,100,0.6572307692307692,0.0052937386258723,0.6079999999999999,1.1118978442679222,0.1335689516421937,0.2127345104748307,0.0785615642270978,91.2,0,0
bidmc_12,105,0.6588571428571427,0.0038332593899996,0.6119999999999999,1.113667643192096,0.131114784424318,0.2096192085101138,0.0740518116676025,91.2,0,0
bidmc_12,110,0.6548571428571428,0.0051110125199995,0.6171428571428571,1.0959962634605351,0.1274173927682905,0.2353053302422514,0.0740010176426148,91.0,0,0
bidmc_12,115,0.6553846153846153,0.0066278951472424,0.6178461538461537,1.1152181426407235,0.1288564425827471,0.2123706249800868,0.0741409892761464,91.3,0,0
bidmc_12,120,0.66,0.005014265364224,0.6188571428571427,1.120893529269342,0.1334287021837542,0.2142490324011475,0.0754277879666791,91.6,0,0
bidmc_12,125,0.6615384615384615,0.0036923076923076,0.6203076923076922,1.1210321700688406,0.1358382433908647,0.2143745478132511,0.077598366808373,91.3,0,0
bidmc_12,130,0.6617142857142857,0.0047121207149916,0.6188571428571427,1.1195563077343462,0.1291926822641983,0.2135189910718329,0.0736216973311027,91.0,0,0
bidmc_12,135,0.6559999999999999,0.0052372293656638,0.6184615384615384,1.1263237099604793,0.129068503503837,0.2205692679940297,0.0748689540515563,91.0,0,0
bidmc_12,140,0.6542857142857142,0.0032826072265931,0.6222857142857142,1.115110715451373,0.1261307173202447,0.2119479579505116,0.071633645030751,91.3,0,0
bidmc_12,145,0.6525714285714285,0.0039589732744431,0.6251428571428571,1.1147131598051787,0.1228534252275295,0.2120919847287372,0.0710862614443593,91.8,0,0
bidmc_12,150,0.6514285714285714,0.0039589732744431,0.6264615384615383,1.1226519389444864,0.1151481377856071,0.2205054960101642,0.0703371066749145,92.0,0,0
bidmc_12,155,0.653142857142857,0.0048822878544671,0.6234285714285714,1.1161010163276597,0.1117822132350804,0.2114984765935232,0.0645152755621907,92.0,0,0
bidmc_12,160,0.6559999999999999,0.0042761798705987,0.6057142857142856,1.118868825661327,0.1170435731747954,0.2125687927446636,0.0670366152608888,92.0,0,0
bidmc_12,165,0.6609230769230768,0.0066847879945847,0.6006153846153844,1.114251425959484,0.133420678001009,0.2149925563289853,0.0752046281713166,91.6,0,0
bidmc_12,170,0.6634285714285715,0.0047466422073817,0.6034285714285713,1.1177209835706887,0.1261799608521607,0.2121003705613777,0.0714730160209188,91.0,0,0
bidmc_12,175,0.66,0.004,0.603076923076923,1.12327542716852,0.1162877055413132,0.2204914837016411,0.0681667678777534,90.5,0,0
bidmc_12,180,0.6559999999999999,0.0067612340378281,0.6011428571428571,1.1178471654337758,0.1219850060384553,0.2131300636995363,0.0694099168159601,90.6,0,0
bidmc_12,185,0.653142857142857,0.0071599794777952,0.6034285714285713,1.1282934497739368,0.1265086479934491,0.2138436063258584,0.0748405684387521,91.3,0,0
bidmc_12,190,0.6491428571428571,0.0094932844147635,0.6055384615384614,1.129348364892879,0.1180778442003755,0.2217288180415091,0.0792083021930508,91.8,0,0
bidmc_12,195,0.6309333333333332,0.010062913207527,0.6218666666666665,1.1106247818265853,0.1030511328925402,0.2227586796209281,0.0736728409576914,92.2,0,0
bidmc_12,200,0.6229333333333333,0.0049459298642643,0.6842666666666666,1.0987975705373874,0.082771610539337,0.2212181187229021,0.0728285813142806,93.8,0,0
bidmc_12,205,0.6325714285714286,0.0106751666812968,0.6097142857142855,1.106428527584049,0.0941102844472254,0.2404495402068336,0.0623905298662732,95.8,0,0
bidmc_12,210,0.6491428571428571,0.0089988661417277,0.5794285714285713,1.1053799263094086,0.088323654862353,0.2119360840555546,0.0559124863360497,95.5,0,0
bidmc_12,215,0.6514285714285714,0.007228063223242,0.4703999999999999,1.1218476584297443,0.0989781706389968,0.2689509285146969,0.055161921166322,93.5,0,0
bidmc_12,220,0.6422857142857142,0.0055988336977901,0.403076923076923,1.126150926398272,0.0999385719529807,0.2214933967593526,0.0578080146111773,92.3,0,0
bidmc_12,225,0.6434285714285713,0.0058274508726774,0.424,1.1080463358909691,0.0932146368852011,0.2105571185280934,0.0572924547614659,92.9,0,0
bidmc_12,230,0.6525714285714285,0.0098974331861078,0.5959999999999999,1.0932459991931642,0.0934697665187224,0.2078800047880147,0.0553536268933881,93.2,0,0
bidmc_12,235,0.6658461538461538,0.0104796223790316,0.6393846153846153,1.0506527450737937,0.1082067214265093,0.205094041650796,0.0622759729971571,92.3,0,0
bidmc_12,240,0.6702857142857143,0.0061809450436525,0.5573333333333331,1.0828128509398132,0.1156681665530941,0.2038703132072634,0.0658409091874602,91.1,0,0
bidmc_12,245,0.6571428571428571,0.0116549017453549,0.4639999999999999,1.1017543179851752,0.1171388766308567,0.2147466956618187,0.06789703782939,89.9,0,0
bidmc_12,250,0.6399999999999999,0.0120948631362952,0.2266666666666666,1.1060210400478556,0.119245681769567,0.2181379698404633,0.0722836756477556,90.4,0,0
bidmc_12,255,0.6245333333333333,0.0054389541478323,0.1062857142857142,1.1289592030591658,0.1251474133934365,0.2218722448863067,0.0775069390981622,92.8,0,0
bidmc_12,260,0.6165333333333333,0.0054389541478323,0.425,1.122698387571778,0.1278196885889508,0.219975149475418,0.0793326558032943,95.2,0,0
bidmc_12,265,0.6106666666666666,0.0037712361663282,0.3864999999999999,1.1223509794082895,0.1292775233636341,0.2212418816241795,0.0797440729820358,96.9,0,0
bidmc_12,270,0.6090666666666666,0.0027194770739161,0.348,1.1115838058066418,0.1311226256755167,0.2208709911741571,0.0815807096025559,97.9,0,0
bidmc_12,275,0.6074285714285713,0.0020603150145508,0.5217142857142856,1.1327830573894462,0.141300269402359,0.2214225783413154,0.0886779153960908,98.5,0,0
bidmc_12,280,0.6058666666666664,0.0035377331097124,0.4463999999999998,1.1356703462175877,0.1369867624605495,0.2289764045472386,0.087040796542682,98.9,0,0
bidmc_12,285,0.6063999999999999,0.0043328204824725,0.2365,1.1272758061658985,0.1418366759328853,0.228530063583585,0.0864699262886248,99.0,0,0
bidmc_12,290,0.6069333333333332,0.0039911012125588,0.2744999999999999,1.1263046469552018,0.1491793412033378,0.2228585597186158,0.0894842947412276,99.0,0,0
bidmc_12,295,0.6069333333333333,0.0027194770739161,0.2744999999999999,1.1251964088117767,0.1602850902537366,0.2207622605804694,0.0978132323791245,99.0,0,0
bidmc_12,300,0.608,0.0029211869733608,0.3108571428571429,1.1294253577594242,0.1503835930223286,0.2288014680347125,0.0937341617037159,99.0,0,0
bidmc_12,305,0.6106666666666666,0.0037712361663282,0.5285333333333332,1.1214494426468211,0.1460047751433063,0.2268513950299906,0.090142426722585,99.0,0,0
bidmc_12,310,0.6144,0.0043328204824725,0.5722666666666665,1.124302205534978,0.1430373076691413,0.2207623452418115,0.085948610580199,98.5,0,0
bidmc_12,315,0.6186666666666666,0.0047702783519995,0.5343999999999999,1.1256307031320896,0.1435548420277879,0.2219743457784575,0.0871878492666401,97.8,0,0
bidmc_12,320,0.6202666666666665,0.0039911012125588,0.5354666666666664,1.130195503244938,0.1429384382767022,0.2225920626147391,0.0878856303543397,97.3,0,0
bidmc_12,325,0.6181333333333332,0.0035377331097124,0.5409999999999999,1.1295456204770238,0.1519613808959109,0.2203000069242601,0.0914529325319715,97.0,0,0
bidmc_12,330,0.6182857142857142,0.003614031611621,0.5314285714285713,1.1284573058187417,0.1606624287114227,0.220786968437636,0.0951147302788874,97.0,0,0
bidmc_12,335,0.6239999999999999,0.0052372293656638,0.4925714285714284,1.1223461438557305,0.1643524887418537,0.2205055027238437,0.0966390776210126,97.0,0,0
bidmc_12,340,0.6314285714285715,0.0047466422073817,0.5822857142857142,1.1269790256263077,0.1648318680869425,0.2198130080043937,0.0995265940175886,96.5,0,0
bidmc_12,345,0.6331428571428571,0.002799416848895,0.6239999999999999,1.1292916775181292,0.1727937422253994,0.2191009562056722,0.1076425074587796,95.5,0,0
bidmc_12,350,0.6319999999999999,1.1102230246251563e-16,0.5765714285714285,1.1304807496479958,0.1729612713818827,0.2196134252832877,0.1054361034810786,95.0,0,0
bidmc_12,355,0.6330666666666666,0.0027194770739161,0.5674666666666665,1.0904237884937122,0.1657475610269923,0.2203518626676124,0.0988967431624622,95.0,0,0
bidmc_12,360,0.6335999999999999,0.0032,0.5954285714285713,1.132886268760191,0.1756778011318281,0.2218667632861394,0.103675382337925,95.0,0,0
bidmc_12,365,0.6365714285714285,0.0039589732744431,0.5994285714285713,1.125009224754136,0.177514870205885,0.2163160180925304,0.1043010355155115,95.0,0,0
bidmc_12,370,0.6422857142857142,0.0047121207149916,0.6017142857142855,1.130544228434246,0.163342026927615,0.2140842812928277,0.0957041810374851,94.6,0,0
bidmc_12,375,0.6485714285714286,0.0047466422073817,0.6022857142857142,1.143075539492611,0.1519620503915806,0.2755273507814559,0.0908520062730016,93.8,0,0
bidmc_12,380,0.6485714285714285,0.0047466422073817,0.603076923076923,1.1332570684850976,0.1546432420409776,0.2219347448030661,0.0952244538699536,93.2,0,0
bidmc_12,385,0.6468571428571428,0.0041206300291017,0.6028571428571426,1.1251879734452734,0.163848422311555,0.2131508282103914,0.0971621394991891,93.0,0,0
bidmc_12,390,0.6491428571428571,0.0051110125199995,0.5988571428571428,1.1260801498742006,0.1439528764105861,0.2138907990228013,0.0836746401466941,93.0,0,0
bidmc_12,395,0.6519999999999999,0.004,0.5994285714285713,1.1077756690666083,0.1399512058521689,0.2363625515732449,0.0824448074038167,92.6,0,0
bidmc_12,400,0.6516923076923077,0.0039881481220971,0.6024615384615383,1.124936900149421,0.1588185963484126,0.2135263403054739,0.0933849063724077,92.1,0,0
bidmc_12,405,0.6542857142857141,0.0044629998148038,0.6074285714285713,1.1278452117411033,0.1466621160690388,0.2141347919783676,0.086142818769897,92.0,0,0
bidmc_12,410,0.6525714285714285,0.0058274508726774,0.6091428571428571,1.1257933578620534,0.1346016499371562,0.2206182562443931,0.0809240058806926,92.0,0,0
bidmc_12,415,0.6537142857142857,0.0063631592718057,0.6085714285714284,1.1195675629253872,0.13698608490517,0.212576383411101,0.0793996725897263,92.0,0,0
bidmc_12,420,0.6571428571428571,0.0051110125199995,0.6097142857142855,1.119466054343906,0.1389289039610309,0.213323107905837,0.080873525582698,92.0,0,0
bidmc_12,425,0.6603076923076923,0.0059663752091277,0.614153846153846,1.1220237607682135,0.1408089542235932,0.2131529930853901,0.0836349618417744,91.7,0,0
bidmc_12,430,0.6594285714285714,0.0058274508726774,0.6159999999999999,1.123475719268191,0.1317393084824574,0.2131842232308991,0.0775777640301951,91.2,0,0
bidmc_12,435,0.6537142857142857,0.0047121207149916,0.6125714285714284,1.1203491803081576,0.1317507340533692,0.2193067574644892,0.0775323127534143,91.0,0,0
bidmc_12,440,0.6529230769230769,0.0049994082490067,0.6147692307692306,1.122254995130516,0.1352380152789009,0.2131554420081887,0.080318243789261,91.5,0,0
bidmc_12,445,0.6542857142857142,0.0044629998148038,0.6171428571428571,1.1250664496806837,0.1321893583326124,0.2136892259962906,0.07544771919651,92.0,0,0
bidmc_12,450,0.6559999999999999,0.0042761798705987,0.5796923076923076,1.1282354070916274,0.1324922757058403,0.2212215063195376,0.0789890859393656,92.0,0,0
bidmc_12,455,0.6572307692307692,0.0042635096801695,0.5618461538461538,1.1190373679426977,0.1293088126189566,0.2137922859343185,0.0755162229208992,91.8,0,0
bidmc_12,460,0.6542857142857141,0.0044629998148038,0.5908571428571427,1.1149412262739091,0.1198340304163221,0.2127889450203475,0.067566349501622,91.4,0,0
bidmc_12,465,0.652,0.0263167518621016,0.5913846153846152,1.045988106332041,0.129316977996331,0.2175024278892319,0.072687493738328,91.6,0,0
bidmc_12,470,0.6634285714285715,0.0047466422073817,0.5959999999999999,1.1172705281999904,0.1276262294107526,0.2106055449816806,0.0714408546940381,91.6,0,0
bidmc_13,0,0.6428571428571429,0.385302637479916,0.552,0.2443612780122103,0.242111808518199,0.269728538929868,0.1135355590309452,66.2,1,3
bidmc_13,5,0.6923076923076923,0.330528570769116,0.468923076923077,0.1033774035489647,0.254228647046007,0.2671472662650415,0.1166965246323284,66.7,1,3
bidmc_13,10,0.8784000000000001,0.4693184846135936,0.4512,0.2367152436711593,0.2591210972261807,0.298394336300857,0.11838634199334,67.0,1,3
bidmc_13,15,0.9312,0.5320715741326537,0.5464,0.095614120478182,0.2607775950039515,0.2664305184980512,0.1225397059187018,67.0,1,3
bidmc_13,20,1.095,0.4464157255294665,0.505,0.4171223695114436,0.2548436887373885,0.2685618555261154,0.116518790086016,67.0,1,3
bidmc_13,25,0.7460000000000001,0.3570415475356708,0.464,0.3132004084255873,0.2611971717826239,0.2688944719763969,0.120368414089093,67.0,1,3
bidmc_13,30,0.6923076923076923,0.2266788255237537,0.5052307692307694,0.4163568033972261,0.2633271034307785,0.2776454902349896,0.1208417411484488,67.0,1,3
bidmc_13,35,0.5975,0.1950326895676722,0.492,0.1394349738754009,0.2569083178494685,0.2765921510981801,0.1206596157983572,67.1,1,3
bidmc_13,40,0.5946666666666668,0.2373123586237252,0.5205333333333334,0.402148211856504,0.2564257274456364,0.268707143879639,0.1218545289396475,67.5,1,3
bidmc_13,45,0.7320000000000001,0.1683013170873399,0.418,0.3437039555371439,0.2508609943381488,0.2691977094470765,0.1139683607675379,67.4,1,3
bidmc_13,50,0.6462857142857142,0.2428060450446077,0.4857142857142859,0.4384866170655812,0.2606874024122299,0.2678384848321019,0.1155714603669585,67.0,1,3
bidmc_13,55,0.9128,0.473684451929763,0.4656,0.321062113805886,0.2514053108437835,0.2694127818403887,0.1146537146650842,66.6,1,3
bidmc_13,60,0.5308235294117647,0.2032755982850167,0.511,0.1391304786073767,0.2560192662697761,0.2671957738923471,0.1179024835846784,66.2,1,3
bidmc_13,65,0.7367272727272728,0.3795875970071373,0.5153333333333333,0.225812958495989,0.2451854150044875,0.2879000856552672,0.1117336206925844,66.6,1,3
bidmc_13,70,0.6422857142857143,0.2450222813691582,0.4842666666666668,0.4254467117704721,0.2331134281028737,0.2714483669892562,0.1089773798869105,67.0,1,3
bidmc_13,75,0.8152727272727275,0.3670098068813794,0.4458181818181819,0.4450339818245246,0.2384520718854574,0.2679605961755243,0.1078915061947242,67.0,1,3
bidmc_13,80,0.6966153846153846,0.3824901282711125,0.5433846153846156,0.2436288379243259,0.2388394988887848,0.2947208126967057,0.1093478412869814,67.0,1,3
bidmc_13,85,0.6898461538461539,0.3252213083552245,0.4984615384615385,0.0023015760578583,0.2619913052693444,0.2688829890489683,0.1247448997845724,67.0,1,3
bidmc_13,90,0.908,0.4712842030028165,0.54,0.1327047179784979,0.2577710323338882,0.2698400211089667,0.1174416269971484,67.0,1,3
bidmc_13,95,1.0,0.518129970824567,0.432,0.2257347394646928,0.2397800724740402,0.2693356070694547,0.111415644981308,67.0,1,3
bidmc_13,100,0.6246153846153846,0.1747215536268354,0.4965714285714285,0.1395181648425611,0.2329018471921837,0.2899091836858385,0.1073390763700279,67.0,1,3
bidmc_13,105,0.5571764705882353,0.2000271261881064,0.5505882352941176,0.2858786243894305,0.2358662154037302,0.2685737268211368,0.1099101481890576,67.0,1,3
bidmc_13,110,0.8305454545454545,0.3519143396898439,0.5374545454545455,0.1585727419260434,0.2333562279259685,0.268459993901454,0.1058937330904765,66.8,1,3
bidmc_13,115,0.5655,0.2519637870806041,0.4715294117647058,0.0151102770476058,0.2161260061081119,0.2707971141684569,0.1123563641691507,66.4,1,3
bidmc_13,120,0.5545,0.314918640286662,0.516,0.0337097957084483,0.1959167238082841,0.2683270570228855,0.1076096508313761,66.1,1,3
bidmc_13,125,0.6547692307692307,0.3120054619458186,0.5594285714285715,0.1660707599214709,0.2233612610198851,0.2914185086513413,0.1070700919133056,66.0,1,3
bidmc_13,130,0.6068571428571429,0.191328758626483,0.5205333333333333,0.0744928243587076,0.2463690835743223,0.268530712971862,0.1125747199743509,66.0,1,3
bidmc_13,135,0.4697777777777777,0.1294585113958889,0.519578947368421,0.0858923863935128,0.2462679339936274,0.293014118249411,0.1125895123044455,66.0,1,3
bidmc_13,140,0.7533333333333334,0.2871437889900382,0.4593333333333334,0.1751626633382605,0.2439944692072837,0.2686134756300742,0.1132789028241053,66.0,1,3
bidmc_13,145,0.6775384615384615,0.2988945312788482,0.4904615384615385,0.1135475608392086,0.2377424384990706,0.2998194644568205,0.1102696396733333,66.0,1,3
bidmc_13,150,0.5487058823529412,0.2517449140104002,0.511,-0.0735006056729896,0.2430836215877855,0.2686719388209629,0.1163825352192464,66.1,1,3
bidmc_13,155,0.7593333333333333,0.4006455901278447,0.5393333333333333,0.0433569378904846,0.2537407673806591,0.2702106099047461,0.1160392924249216,66.6,1,3
bidmc_13,160,0.8196363636363636,0.4582256833259176,0.4648,0.2599045396907419,0.269624360201848,0.2684170477190245,0.1227373277202232,67.0,1,3
bidmc_13,165,0.5378823529411765,0.1893051947184885,0.5783529411764706,0.1910350724731893,0.2612310242919666,0.2682273064079734,0.1179711461781687,67.0,1,3
bidmc_13,170,0.6445714285714287,0.4440202238453486,0.4732307692307693,0.2455919530188078,0.2630333459783118,0.2695962816505807,0.117543661293569,66.7,1,3
bidmc_13,175,0.4515555555555555,0.1960901782973623,0.5376842105263158,0.2454023796237628,0.2488694837937505,0.2847786513710884,0.1120931237753683,66.3,1,3
bidmc_13,180,0.451047619047619,0.1170683464153581,0.5527619047619049,0.1698300215979794,0.2463252178061805,0.2675002265101938,0.1141674407118962,66.3,1,3
bidmc_13,185,0.5065000000000001,0.2047382475259569,0.5684705882352942,0.0885311036932737,0.2515842876304519,0.2696161049885698,0.1141385881510093,66.5,1,3
bidmc_13,190,0.5,0.1550397798416049,0.5330526315789473,0.0499589999940098,0.2541519004503491,0.2700157618785788,0.118084288261795,66.8,1,3
bidmc_13,195,0.7493333333333334,0.4041033971096451,0.4290909090909091,0.1759516699614823,0.2499343169717976,0.2688134120752014,0.1151180668711147,67.0,1,3
bidmc_13,200,0.876,0.354396388243447,0.4072,0.4197553110393563,0.2517900558680311,0.2902381683532372,0.1149653271642564,67.0,1,3
bidmc_13,205,0.7480000000000001,0.3676737684415356,0.5054545454545455,0.2342323867624077,0.2706619146989446,0.2682860470857242,0.1299863107272658,67.0,1,3
bidmc_13,210,0.4866666666666666,0.1751748333015396,0.556888888888889,0.1742453266067988,0.2636908371256379,0.2686305321470973,0.1190943888554186,67.0,1,3
bidmc_13,215,0.689846153846154,0.3038405062766284,0.5329230769230769,0.1610066252403426,0.2576451137297911,0.2693164320706856,0.1177203064068889,67.0,1,3
bidmc_13,220,0.6245714285714286,0.2173179745000774,0.4765714285714285,0.3603472257464192,0.2597379019836425,0.2898360374179153,0.1152843191233732,67.0,1,3
bidmc_13,225,0.5962666666666667,0.346796283460798,0.421,0.1320421210158587,0.205396697216529,0.2753241624113988,0.0978078571142396,67.0,1,3
bidmc_13,230,0.9946666666666668,0.448,0.4977777777777778,0.3493555998054545,0.2059018457515404,0.2688454770872826,0.095930378940804,67.0,1,3
bidmc_13,235,0.6978461538461539,0.4713910423341743,0.4830769230769232,0.1789056089364198,0.2347528234814381,0.267778592188844,0.1081069613893336,67.0,1,3
bidmc_13,240,0.4720000000000001,0.1292569859661466,0.5693333333333334,0.151635486533969,0.2372559947259123,0.2679164942846019,0.1088108782638233,67.0,1,3
bidmc_13,245,0.5615,0.2212007007222174,0.5325000000000001,0.1339672215083602,0.2446909980370572,0.2709811204341991,0.1121164193515209,67.0,1,3
bidmc_13,250,0.5905,0.2013200188754213,0.4905,0.048640296619973,0.2515001624270365,0.268147167532512,0.118066820280036,67.0,1,3
bidmc_13,255,0.6017142857142856,0.2403460090819746,0.5210666666666667,0.3722268840279907,0.2529768388321625,0.27450288302799,0.1150253259967178,67.0,1,3
bidmc_13,260,0.5625,0.1853152719016973,0.4785882352941177,0.1061055954097187,0.2560934149094567,0.2714701941150227,0.1179700935744675,67.0,1,3
bidmc_13,265,0.6,0.386105339685083,0.5194285714285715,0.0996429137204804,0.2617842251022389,0.2688710780489141,0.1187954001591293,67.0,1,3
bidmc_13,270,0.4623157894736842,0.129063449362005,0.5553684210526315,-0.0204407202722003,0.2611272218785715,0.2976189362402561,0.1195530683270269,67.0,1,3
bidmc_13,275,0.4892631578947369,0.1660389434678576,0.5875555555555555,0.0318710899196331,0.255172789136574,0.2694452386442752,0.1262892864159495,67.0,1,3
bidmc_13,280,0.6462857142857141,0.2339460953087357,0.5154285714285715,0.375766227121893,0.2290367329144659,0.2714589432796487,0.1075823692449535,67.0,1,3
bidmc_13,285,0.5952,0.1868372553855359,0.4684999999999999,0.1315851142529034,0.239942564693241,0.2682400431433116,0.1138745245124207,67.0,1,3
bidmc_13,290,0.927111111111111,0.4853544968930657,0.4920000000000001,0.3427153775007906,0.2588373488021914,0.2849835050014782,0.1193400740456458,67.0,1,3
bidmc_13,295,0.644,0.2968905522242161,0.4661333333333334,-0.020720147209006,0.2649778519598827,0.2713789333936575,0.122078751872024,67.0,1,3
bidmc_13,300,0.7101538461538462,0.4198889681357802,0.572923076923077,0.1317994069161541,0.2717962166890176,0.2659172141321864,0.1217496649934439,67.0,1,3
bidmc_13,305,0.8503999999999999,0.2909196452630863,0.4843636363636364,0.2148002213244694,0.2742792231893199,0.2931555546674079,0.1229920312006465,66.5,1,3
bidmc_13,310,1.0053333333333334,0.2863409001716505,0.4773333333333334,0.268416861905585,0.2575249401466754,0.2680631923920689,0.116516342815572,66.0,1,3
bidmc_13,315,0.9104,0.2330404256776064,0.4456,0.2384302430264304,0.2322558865432474,0.2995080030738617,0.1050676723354565,66.0,1,3
bidmc_13,320,0.6645714285714286,0.2232121714185581,0.4756923076923077,0.140266590917163,0.2379021969108908,0.269035852989741,0.1136251102478514,66.3,1,3
bidmc_13,325,0.7566666666666668,0.3562839067684958,0.4686666666666667,-0.0096898451126707,0.2220487486211953,0.270684103367932,0.1016325512335205,66.8,1,3
bidmc_13,330,0.4986666666666666,0.1811567767923071,0.4898823529411764,0.0492747238447544,0.2191504944578296,0.2694730829945766,0.100600608314939,67.0,1,3
bidmc_13,335,0.730909090909091,0.3137252574946471,0.4526666666666667,0.3434416991623744,0.2256153267117919,0.2814421461346192,0.1020397359858744,67.0,1,3
bidmc_13,340,0.5941333333333333,0.199272632898304,0.5,0.0967520926709593,0.2267033851738561,0.2715079010619084,0.1043402139607732,67.0,1,3
bidmc_13,345,0.6382857142857142,0.2227347649339996,0.5009230769230769,0.162492295576541,0.2282762820587632,0.2686507183628588,0.1044985090136899,67.0,1,3
bidmc_13,350,0.4857777777777778,0.1321495598662345,0.56,0.0914683252736556,0.2340774414453626,0.2678805204661317,0.1073076109566509,67.0,1,3
bidmc_13,355,0.561,0.2956467486714508,0.5265,0.1018597278140569,0.2502166505329165,0.2687535712014272,0.1168008265763338,67.0,1,3
bidmc_13,360,0.5584000000000001,0.3347557915854481,0.5595,0.1406061308174468,0.2416201107919788,0.2696599115345164,0.1102558233235581,67.0,1,3
bidmc_13,365,0.7840000000000001,0.4777614467493165,0.536,0.0488068187770754,0.2392499609778248,0.2687688202939701,0.1127629077796258,67.0,1,3
bidmc_13,370,0.7719999999999999,0.3486124878237535,0.6286666666666666,0.1508490114316633,0.2510040903319804,0.2728601932831847,0.1160249413134087,67.0,1,3
bidmc_13,375,0.754,0.4128357219685977,0.5353333333333334,0.2627173175169117,0.2421875885721144,0.2750690745693061,0.1216052879247518,67.0,1,3
bidmc_13,380,0.8414545454545457,0.2146033820102748,0.4254545454545455,0.0776936744785914,0.2277979538181421,0.2676237959804735,0.1225498971092949,67.0,1,3
bidmc_13,385,0.908,0.221507561947668,0.444,-0.0921225071017871,0.2462867023110154,0.2701453821672634,0.1126957953514321,67.0,1,3
bidmc_13,390,0.5308235294117648,0.1858007266794241,0.5025000000000001,0.0955992873195046,0.2711522544690383,0.2686848309508944,0.1194816507619414,67.0,1,3
bidmc_13,395,0.5887999999999999,0.2214868543879448,0.5301333333333333,0.3490919395685966,0.2624592418195688,0.2763165564139478,0.1176893617616165,67.0,1,3
bidmc_13,400,0.6947692307692308,0.2680591650668399,0.4153333333333333,0.0214703731922701,0.2604241792962802,0.2684661924153619,0.120179660088525,66.5,1,3
bidmc_13,405,0.9013333333333332,0.4587441794968326,0.4176,0.3470227427161941,0.2328624300383791,0.283274344718067,0.106874038607245,66.3,1,3
bidmc_13,410,0.8145454545454546,0.4440582196957273,0.4566666666666668,0.3173983533435349,0.2256311569120078,0.2708620121134113,0.1005268223323983,66.8,1,3
bidmc_13,415,0.5589999999999999,0.1983708647962195,0.516,0.1340662191686155,0.2446850641695955,0.2693303097360487,0.1074717428143649,67.0,1,3
bidmc_13,420,0.7286666666666667,0.3653886819386842,0.5,0.1049010684671206,0.2368781576806876,0.2991062763884188,0.1067453676354527,67.0,1,3
bidmc_13,425,0.6910769230769233,0.2819979436745707,0.4326666666666667,0.2014465164191441,0.240693290714621,0.26798275802212,0.1115359120319598,67.0,1,3
bidmc_13,430,0.6069333333333333,0.3218462296742896,0.5765333333333333,0.1778730505167941,0.2455132824869141,0.2676716847929987,0.1095436815752585,67.0,1,3
bidmc_13,435,0.8181818181818182,0.360041870843282,0.4336,0.1953990130955233,0.2479617211284642,0.2676470001462456,0.1124966046302994,67.0,1,3
bidmc_13,440,0.6739999999999999,0.3315277766140669,0.4886153846153846,0.2148821761107324,0.2446156441323068,0.2890936716409976,0.1090703155258464,67.0,1,3
bidmc_13,445,0.6910769230769233,0.2612450843228255,0.4714285714285715,0.0484366473120399,0.2447266735158462,0.2669899052602247,0.1128798725568948,67.0,1,3
bidmc_13,450,0.6,0.1923774068508739,0.4768,0.0701852923289969,0.2054205622089776,0.2651740536563343,0.1314585762075136,67.0,1,3
bidmc_13,455,0.6233846153846153,0.1833557024187343,0.488,0.1277072619309563,0.1939763087679426,0.2951302037620302,0.1346305499152712,67.0,1,3
bidmc_13,460,0.6422857142857143,0.2386328406843057,0.4098461538461538,0.1844049992289901,0.2602723788186943,0.269412623157631,0.1171743735287584,67.0,1,3
bidmc_13,465,0.6502857142857144,0.4081952314013178,0.476,0.1135274588689902,0.2780069722098384,0.2685973034335284,0.1269451896521947,67.0,1,3
bidmc_13,470,0.4516,0.1261231144556777,0.5688421052631579,-0.0003112909900251,0.2806517649962236,0.269577581927892,0.1319270248457278,67.0,1,3
bidmc_14,0,0.6417142857142856,0.0061809450436525,0.1312,0.6692630573982383,0.2452935334613236,0.1524256497352376,0.152837081142421,94.0,0,0
bidmc_14,5,0.6405714285714286,0.0056279187438834,0.1317333333333333,0.658818813606084,0.2575193642900257,0.15335812540095,0.1617419290582757,93.7,0,0
bidmc_14,10,0.6359999999999999,0.004,0.1392,0.656601957054129,0.2378916007808833,0.1540458923347972,0.155164267788153,93.7,0,0
bidmc_14,15,0.6337142857142856,0.0044629998148038,0.1450666666666666,0.661476524074415,0.2292001733789068,0.1538527844382546,0.145405972917044,94.1,0,0
bidmc_14,20,0.6314285714285713,0.0047466422073817,0.1413333333333333,0.6675780293425218,0.2485735115060018,0.1558056973504234,0.1623538260837987,94.6,0,0
bidmc_14,25,0.6293333333333333,0.0037712361663282,0.1226666666666667,0.6610831157352989,0.22164567204574,0.1545219925028325,0.1516272385129034,95.0,0,0
bidmc_14,30,0.6298666666666666,0.0054389541478323,0.1178666666666666,0.6668009170338125,0.1801575378225658,0.1573625449398578,0.1276662229088406,95.0,0,0
bidmc_14,35,0.6314666666666666,0.0061737796814881,0.1221333333333333,0.6997707718636124,0.1577855426997576,0.1621043578512358,0.1244809711521478,95.0,0,0
bidmc_14,40,0.6342857142857142,0.0055988336977901,0.1114666666666667,0.6850151467004647,0.2106019055765829,0.1582390239624528,0.1398129486298972,95.0,0,0
bidmc_14,45,0.6365714285714285,0.0039589732744431,0.1125333333333333,0.661162439891239,0.2491358135978615,0.1555464964752984,0.1559712506510088,94.6,0,0
bidmc_14,50,0.636,0.004,0.1178666666666667,0.6604971181851048,0.2393094568523107,0.1543284790018565,0.1518712189900562,94.1,0,0
bidmc_14,55,0.6337142857142856,0.0032826072265931,0.1248,0.6567373667945081,0.2396591298793252,0.1620561913806293,0.157349465640909,94.2,0,0
bidmc_14,60,0.6319999999999999,0.0030237157840738,0.1269333333333333,0.6429190236627813,0.238530340227579,0.1648217674224571,0.1564881687465109,94.7,0,0
bidmc_14,65,0.6308571428571428,0.0041206300291017,0.1237333333333333,0.6666153001788887,0.2376169465948318,0.1593870519327915,0.1511494333308189,95.0,0,0
bidmc_14,70,0.6308571428571428,0.0041206300291017,0.1237333333333333,0.6738940836239987,0.2408880617539274,0.1607207596967746,0.1539789491108441,95.0,0,0
bidmc_14,75,0.628,0.004,0.1648,0.6848372882852422,0.2504715912890336,0.1614351102999389,0.1579417492225208,95.0,0,0
bidmc_14,80,0.6261333333333333,0.0035377331097124,0.2133333333333333,0.6737753917318017,0.1950167427661539,0.1602715620340935,0.129939533351501,95.5,0,0
bidmc_14,85,0.6282666666666666,0.0039911012125588,0.1770666666666667,0.6599477170538202,0.2011709225319501,0.1581070719354373,0.1309652041541491,96.0,0,0
bidmc_14,90,0.6314666666666666,0.0045879068090894,0.1312,0.6541876987559169,0.253891597289785,0.1647788155659984,0.1580985360972042,95.7,0,0
bidmc_14,95,0.6335999999999998,0.0043328204824725,0.1312,0.6723236470180314,0.2376877993446352,0.1590903115221285,0.1506409211234146,95.2,0,0
bidmc_14,100,0.6314666666666666,0.0045879068090894,0.1805714285714285,0.6662921258358638,0.2302495290612173,0.1562664557203693,0.1534262586602342,95.0,0,0
bidmc_14,105,0.6285714285714284,0.0039589732744431,0.2314666666666667,0.6587431354119211,0.1741582849906101,0.1559182425138702,0.1341526424784326,95.1,0,0
bidmc_14,110,0.6297142857142857,0.0047121207149916,0.1488,0.6815355620066614,0.1826684720997739,0.1559772763242717,0.1219462954485978,95.2,0,0
bidmc_14,115,0.6314285714285713,0.0047466422073817,0.1397333333333333,0.6665817407709851,0.2427325365771116,0.1527199265563403,0.1557134076275526,95.1,0,0
bidmc_14,120,0.6285714285714284,0.0049815987926179,0.2298666666666667,0.6486207423247314,0.2063925380036208,0.1535441867132073,0.1453399013273234,95.0,0,0
bidmc_14,125,0.6274285714285713,0.0039589732744431,0.1754666666666667,0.6607497471979319,0.193665833179814,0.1560783761118898,0.1311150696778492,95.4,0,0
bidmc_14,130,0.6291428571428571,0.0038332593899996,0.1141333333333333,0.6692284768273276,0.2314924334562965,0.1563662862158513,0.149031090025672,95.8,0,0
bidmc_14,135,0.6302857142857141,0.0032826072265931,0.1274285714285714,0.6746464593274747,0.23046137591153,0.15624732326944,0.151555373146955,95.4,0,0
bidmc_14,140,0.6279999999999999,0.004,0.1765333333333333,0.6633554290366086,0.1933685403238976,0.1582375906918549,0.1322667032423301,95.1,0,0
bidmc_14,145,0.6314285714285715,0.0047466422073817,0.1178666666666667,0.6579714263551639,0.2022164554029243,0.1536332716723697,0.133663247211211,95.4,0,0
bidmc_14,150,0.6348571428571427,0.0038332593899996,0.1125333333333333,0.6611927731823267,0.2396495616815517,0.153047682808902,0.1524156987766945,95.3,0,0
bidmc_14,155,0.6348571428571427,0.0038332593899996,0.1142857142857143,0.6583500126885039,0.238864286117114,0.1539698377200195,0.1491169546512099,94.7,0,0
bidmc_14,160,0.6335999999999998,0.0032,0.1189333333333333,0.6639998647305887,0.2497333823681254,0.1555214039645812,0.1540900695045548,94.5,0,0
bidmc_14,165,0.6304,0.0043328204824725,0.1242666666666666,0.6695359556885223,0.2500283833890595,0.1559921720583271,0.1569057136278258,94.8,0,0
bidmc_14,170,0.6245333333333334,0.0045879068090894,0.1322666666666667,0.6647631662070297,0.2038971341861729,0.1565723768332308,0.139504043957408,95.2,0,0
bidmc_14,175,0.6239999999999999,0.0050596442562694,0.1765333333333333,0.6767513608102889,0.1978080630344977,0.1602355240094686,0.1333273793257275,95.7,0,0
bidmc_14,180,0.6298666666666666,0.0061737796814881,0.1744,0.6825475637230916,0.2256192996473054,0.1604137486195999,0.1429094532251286,96.0,0,0
bidmc_14,185,0.6331428571428571,0.0181062623060055,0.1861333333333333,0.6119652063598863,0.2305115229791796,0.1701449296715776,0.1473317833585146,95.5,0,0
bidmc_14,190,0.6342857142857142,0.032766334141329,0.184,0.6513840628424793,0.1932169817345374,0.1605495959927261,0.1360951600144548,95.0,0,0
bidmc_14,195,0.6394285714285713,0.0047466422073817,0.1221333333333333,0.6649603762393342,0.1954968442407246,0.1866482881219761,0.1303417691601642,94.6,0,0
bidmc_14,200,0.6428571428571429,0.0048822878544671,0.1194666666666667,0.6816001692702852,0.2509587884633287,0.1572985581908982,0.1614790082338464,94.0,0,0
bidmc_14,205,0.6399999999999999,0.0322844500384583,0.1302857142857142,0.6378232742990804,0.2462997253560513,0.1587159156146257,0.1528068748243317,93.7,0,0
bidmc_14,210,0.6362666666666665,0.0154206211144543,0.1344,0.5437821194583208,0.2414298197996419,0.1639407939352865,0.1524036265489177,93.8,0,0
bidmc_14,215,0.6348571428571427,0.0048822878544671,0.1397333333333333,0.6896169019375292,0.251001088676973,0.1680510321139479,0.1573275430630292,94.0,0,0
bidmc_14,220,0.6359999999999999,0.004,0.1418666666666666,0.6756971520814086,0.2540800847895433,0.1561913616352566,0.157797613129276,94.3,0,0
bidmc_14,225,0.6354285714285713,0.0039589732744431,0.1317333333333334,0.6769034777555979,0.2462150997210249,0.1623751189074644,0.156773283275775,94.3,0,0
bidmc_14,230,0.6331428571428571,0.0041206300291017,0.1178666666666667,0.6636620337124017,0.2346626505570627,0.1551038977943139,0.1517864360295528,94.3,0,0
bidmc_14,235,0.6285714285714284,0.0039589732744431,0.1690666666666667,0.6464979984165465,0.2269465317632375,0.1537797635671441,0.1546471794789552,94.8,0,0
bidmc_14,240,0.6257142857142856,0.0032826072265931,0.1696,0.6468223756547982,0.2003118354067039,0.153357886227701,0.1458766233952142,95.5,0,0
bidmc_14,245,0.6274285714285713,0.0039589732744431,0.1162666666666667,0.6667021741667081,0.1982813886560041,0.1563378880486477,0.1301854734161037,96.0,0,0
bidmc_14,250,0.6262857142857142,0.003614031611621,0.1621333333333333,0.6754815092421496,0.2141802339315037,0.1586373405899712,0.1345539738251742,96.0,0,0
bidmc_14,255,0.6262857142857142,0.003614031611621,0.1248,0.6669085697637583,0.2274011632339075,0.1570593639313412,0.1461636764539624,96.0,0,0
bidmc_14,260,0.6297142857142857,0.003614031611621,0.1285333333333333,0.660469010425372,0.2456731082758252,0.1558906180530315,0.158121391596409,96.0,0,0
bidmc_14,265,0.6302857142857142,0.0032826072265931,0.1297142857142857,0.6644373116540027,0.2555706603314255,0.1555851651064987,0.1639916586140229,95.5,0,0
bidmc_14,270,0.6261333333333333,0.0045879068090894,0.2065,0.6626979822024159,0.1820706258736152,0.15333961931522,0.1310942969932353,95.2,0,0
bidmc_14,275,0.6261333333333332,0.0045879068090894,0.1955,0.6611760959346396,0.1690776681566515,0.1560470087661999,0.1120471072555841,95.7,0,0
bidmc_14,280,0.6309333333333332,0.0039911012125588,0.128,0.6536838827562426,0.2279740423181146,0.1548562542378133,0.1423593910970144,95.8,0,0
bidmc_14,285,0.6330666666666666,0.0039911012125588,0.1274666666666667,0.6596789425256715,0.2403676052403563,0.1592210319793565,0.1499724120946441,95.3,0,0
bidmc_14,290,0.6319999999999999,0.0041311822359545,0.1296,0.6835171559246873,0.2545234804687313,0.1599924746039963,0.1602655555661345,95.0,0,0
bidmc_14,295,0.6293333333333333,0.0055936471902408,0.2122666666666667,0.6739082948897515,0.2151754053406203,0.1580457304998252,0.1409804827145275,95.0,0,0
bidmc_14,300,0.6279999999999999,0.004,0.2144,0.6618722114758218,0.1661829461985659,0.155251722131628,0.1197361801051481,95.1,0,0
bidmc_14,305,0.6297142857142857,0.003614031611621,0.1328,0.6485940950140247,0.224068073662201,0.1519259525129131,0.141042934150027,95.3,0,0
bidmc_14,310,0.6314285714285713,0.0047466422073817,0.1354666666666666,0.6613191600396067,0.2229194339028672,0.1525885738656388,0.1452510794648991,95.2,0,0
bidmc_14,315,0.6308571428571428,0.0041206300291017,0.1402666666666666,0.680962160776248,0.2088138113451489,0.1580545751579027,0.1370297110690974,95.0,0,0
bidmc_14,320,0.629142857142857,0.0038332593899996,0.1386666666666666,0.6727692985565324,0.2084721191976945,0.1578647647343566,0.1382119965823076,95.1,0,0
bidmc_14,325,0.6319999999999999,0.0042761798705987,0.1333333333333333,0.6567429826252822,0.2233685530359599,0.1561840451789873,0.1473369724630514,95.1,0,0
bidmc_14,330,0.6337142857142856,0.0044629998148038,0.1210666666666667,0.6579105450541626,0.2431014359757894,0.1585009628846503,0.1543853931361716,95.0,0,0
bidmc_14,335,0.6325714285714285,0.0036589281356759,0.1162666666666667,0.66243635168838,0.2337921216414951,0.1538367163878538,0.1496514341026455,95.0,0,0
bidmc_14,340,0.6291428571428571,0.0038332593899996,0.1242666666666666,0.6551066615871234,0.2415881647407962,0.1527065032491382,0.1546875167621717,95.0,0,0
bidmc_14,345,0.6250666666666667,0.0049459298642643,0.1265,0.6534321618571343,0.2427127343477667,0.1528089648412731,0.1570163400852346,95.3,0,0
bidmc_14,350,0.6218666666666667,0.0045879068090894,0.152,0.6566276388437395,0.2276773351835146,0.1540238927792525,0.1448350884666567,95.8,0,0
bidmc_14,355,0.6202666666666665,0.0039911012125588,0.2475,0.6570321553661302,0.1851049534081315,0.1541795249498784,0.125141672235465,96.4,0,0
bidmc_14,360,0.6228571428571428,0.0051110125199995,0.1749333333333333,0.6615989653052419,0.2074404170368434,0.1542711167089146,0.1368974815929796,96.9,0,0
bidmc_14,365,0.6251428571428571,0.0051110125199995,0.1269333333333333,0.6597702108480538,0.2100060305081753,0.1566025096616616,0.1478601184190159,96.5,0,0
bidmc_14,370,0.6257142857142856,0.0053908463611752,0.1781333333333334,0.6700056376231192,0.1796594021434632,0.1588253381812715,0.1317309432661729,96.0,0,0
bidmc_14,375,0.6297142857142857,0.0063631592718057,0.128,0.6748426909950952,0.2232395127946365,0.1575089642880233,0.1402167631809119,96.0,0,0
bidmc_14,380,0.6354285714285713,0.0049815987926179,0.1234285714285714,0.6713447248024175,0.2400909322306664,0.1559449631369163,0.1495848659976816,95.5,0,0
bidmc_14,385,0.6373333333333334,0.0037712361663282,0.1232,0.6794771460872773,0.2244534671077887,0.1595188084029605,0.1401191053828029,94.7,0,0
bidmc_14,390,0.636,0.004,0.1776,0.6774356077239703,0.2158876589794618,0.1586654791314825,0.1346430849844519,94.2,0,0
bidmc_14,395,0.6245333333333333,0.0302828150753672,0.1882666666666667,0.6450997893995094,0.2195723835085626,0.1551334840155875,0.1396705978483113,94.2,0,0
bidmc_14,400,0.6291428571428571,0.0038332593899996,0.1978666666666667,0.6642260193154351,0.1784469785234513,0.1518135913893014,0.1268780184269193,94.7,0,0
bidmc_14,405,0.6285714285714284,0.0049815987926179,0.1514666666666667,0.6593331981418068,0.1892240975016639,0.1540941499205391,0.1289688871599004,95.3,0,0
bidmc_14,410,0.6325714285714285,0.0056279187438834,0.1306666666666667,0.6564121702474506,0.2425436492312825,0.1549393963445886,0.1627061505172232,95.3,0,0
bidmc_14,415,0.6319999999999999,0.0052372293656638,0.1338666666666667,0.6515474190052366,0.2410384046326768,0.1527842380815293,0.1584763940484574,95.0,0,0
bidmc_14,420,0.6314285714285713,0.0047466422073817,0.1397333333333333,0.6581055192843499,0.2316112629858054,0.1556971268812781,0.1490428258996544,95.0,0,0
bidmc_14,425,0.6308571428571428,0.0059384599116647,0.1418666666666666,0.6641625680503618,0.2393169693335625,0.154657377801651,0.151920416300823,95.0,0,0
bidmc_14,430,0.6274285714285713,0.0049815987926179,0.1872,0.6608545348777433,0.2233165294752138,0.1534300602398316,0.1461833896924133,95.0,0,0
bidmc_14,435,0.6268571428571429,0.0038332593899996,0.1781333333333333,0.6575011368538353,0.1787782641728491,0.1513438079540442,0.1290478864495965,95.5,0,0
bidmc_14,440,0.6304,0.0052255781179374,0.1477333333333333,0.647660440031219,0.1495409358600542,0.1507740908059467,0.1404363431453739,95.8,0,0
bidmc_14,445,0.6277333333333334,0.0064442911859171,0.144,0.697741042351528,0.1544956640852174,0.1620875090995578,0.1445647935824396,95.4,0,0
bidmc_14,450,0.6213333333333334,0.0047702783519995,0.1195,0.7218686458503871,0.2280148735171527,0.1682524632651709,0.148433956108831,95.7,0,0
bidmc_14,455,0.6213333333333332,0.0047702783519995,0.119,0.6727151008697119,0.2459027177866745,0.1609404567055467,0.1583494703168085,96.6,0,0
bidmc_14,460,0.6250666666666667,0.0049459298642643,0.1169999999999999,0.6570078084166193,0.2163285292140035,0.1577807112374097,0.1429585737009733,96.7,0,0
bidmc_14,465,0.6277333333333334,0.0039911012125588,0.1642666666666667,0.6782957049416332,0.2140969871123156,0.1590823933314038,0.1406910984854452,96.2,0,0
bidmc_14,470,0.6293333333333333,0.0037712361663282,0.1274666666666667,0.6794070448527136,0.2400626187181619,0.1590532605595263,0.1527139129000443,95.8,0,0
bidmc_15,0,0.5525,0.007193747284969,0.0174117647058823,0.0415131298796033,0.2235253621246773,0.2882802815795075,0.1486640129121395,109.0,1,2
bidmc_15,5,0.5535000000000001,0.0058094750193111,0.0169411764705882,0.0465839131504999,0.2277191510105025,0.2903766631722231,0.1547407661187956,108.7,1,2
bidmc_15,10,0.552,0.0056568542494923,0.084235294117647,0.0641058129659318,0.2371288092118477,0.2899868318829774,0.1612330056181607,108.6,1,2
bidmc_15,15,0.5505,0.0050744457825461,0.088,0.0651559253402214,0.2226259157081245,0.2970791432378353,0.1551824362698616,109.0,1,2
bidmc_15,20,0.5525,0.0052678268764263,0.0188235294117647,0.0456836188049022,0.2158199726983997,0.2902813807369095,0.1425500996266779,108.9,1,2
bidmc_15,25,0.5545,0.0067638746292343,0.0155294117647058,0.0474106168905847,0.2315595598936244,0.2890325191125728,0.1533792136255968,108.3,1,2
bidmc_15,30,0.552,0.004,0.0216470588235294,0.0195883932135593,0.2345331531013001,0.2940039555614918,0.1530227450996283,108.2,1,2
bidmc_15,35,0.547764705882353,0.004845002419288,0.0545882352941176,0.0397467396239029,0.2070271059920702,0.2951304834904983,0.1428404515411256,108.9,1,2
bidmc_15,40,0.548235294117647,0.0055680750899761,0.0524444444444444,0.041672082061336,0.2015656895097738,0.3203740744477795,0.1349411384999701,109.5,1,2
bidmc_15,45,0.5515294117647059,0.005801801414559,0.0177777777777777,0.0323685892576699,0.2191025255787279,0.2938214861701609,0.1457310763030131,109.3,1,2
bidmc_15,50,0.5510588235294119,0.0060631052831647,0.0173333333333333,0.0390101636272971,0.2279786192604994,0.2894568634522549,0.1518400837991795,109.0,1,2
bidmc_15,55,0.5515294117647059,0.005801801414559,0.0195555555555555,0.0484584873180241,0.2277127624705846,0.2863246486114899,0.1531834571849613,109.0,1,2
bidmc_15,60,0.554,0.0082462112512352,0.0484705882352941,0.0597177802321441,0.2226494312036558,0.2855701260654972,0.1485523381301271,108.7,1,2
bidmc_15,65,0.5525,0.007193747284969,0.0470588235294117,0.0645619797471218,0.2182223442870818,0.2903108291240655,0.1464880981029661,108.5,1,2
bidmc_15,70,0.5535000000000001,0.00646142399166,0.0461176470588235,0.0584998756878473,0.2304796632382029,0.2930028972960511,0.1524586447881454,108.6,1,2
bidmc_15,75,0.558,0.0066332495807107,0.076235294117647,0.0405324348778596,0.2401619051005263,0.2869721907791791,0.1621354907700828,108.2,1,2
bidmc_15,80,0.5565,0.0063047601064592,0.0145882352941176,0.0507626439859084,0.2301105488632748,0.28658211471914,0.1558917440607869,107.8,1,2
bidmc_15,85,0.556,0.0056568542494923,0.0484705882352941,0.0535624259979766,0.2224389316583417,0.2897039706597394,0.1488975852670794,107.9,1,2
bidmc_15,90,0.557,0.00556776436283,0.0155294117647058,0.0443483029671805,0.2331771083531402,0.2895372405714827,0.1544015440142558,107.8,1,2
bidmc_15,95,0.553,0.0038729833462074,0.0221176470588235,0.0398950568625754,0.2020987758159622,0.2874116912798519,0.1394668074413252,108.0,1,2
bidmc_15,100,0.551,0.0047958315233127,0.0272941176470588,0.0483334718541574,0.1636588668980743,0.2931488944316229,0.116470632549362,108.7,1,2
bidmc_15,105,0.5515000000000001,0.0052678268764263,0.0263529411764705,0.0575506310390531,0.1795902794037785,0.2949800541438869,0.1268875746968032,109.0,1,2
bidmc_15,110,0.5545,0.0054543560573178,0.0216470588235294,0.054097356107184,0.2071270028719347,0.2920044108662416,0.1386709013765039,108.7,1,2
bidmc_15,115,0.5535000000000001,0.00646142399166,0.0221176470588235,0.0627777744120601,0.1988836559413016,0.293179726576989,0.1393492263486155,108.5,1,2
bidmc_15,120,0.555,0.006855654600401,0.0216470588235294,0.0646951200202171,0.2038146990273723,0.2937662164204013,0.1385176976263121,108.4,1,2
bidmc_15,125,0.556,0.0063245553203367,0.0192941176470588,0.0570683931679529,0.2204294770999011,0.2921523844443454,0.1486150907502272,108.1,1,2
bidmc_15,130,0.556,0.0069282032302754,0.0178823529411764,0.0478268843162137,0.2187350559249872,0.2915947081505651,0.1513960018550479,108.0,1,2
bidmc_15,135,0.5575000000000001,0.0078581168227508,0.0174117647058823,0.0429190293825176,0.2166244120106241,0.2949545468832737,0.1503086899038407,107.8,1,2
bidmc_15,140,0.557,0.006855654600401,0.0174117647058823,0.0557235594879621,0.2044523919169295,0.2955494301772702,0.144748010519701,107.8,1,2
bidmc_15,145,0.559,0.0062449979983983,0.0164705882352941,0.0589169272702171,0.1989187994508728,0.2970121138878673,0.1342228890872352,107.7,1,2
bidmc_15,150,0.5585,0.005809475019311,0.0155294117647058,0.0576076939763299,0.1958071959134725,0.2955390180172023,0.1345002404939785,107.7,1,2
bidmc_15,155,0.557,0.00556776436283,0.0164705882352941,0.0736651415787977,0.2005812848551754,0.2924802904473945,0.1360961533566128,107.9,1,2
bidmc_15,160,0.5585,0.00646142399166,0.0479999999999999,0.074673563764678,0.2186021293545869,0.293669942672201,0.1441334923323432,107.9,1,2
bidmc_15,165,0.5625,0.0073314391493075,0.0799999999999999,0.0683584474501815,0.2259837188953792,0.2976070191935908,0.1498353879632519,107.5,1,2
bidmc_15,170,0.5630000000000001,0.006855654600401,0.1205,0.0649445560031593,0.2296569363608036,0.2930226078921428,0.1503785341189656,106.6,1,2
bidmc_15,175,0.5581176470588235,0.0075294117647058,0.0851764705882353,0.0760845467447267,0.216366569267697,0.2926878782112537,0.1447465943559003,106.8,1,2
bidmc_15,180,0.5562352941176472,0.0073206349111077,0.0209999999999999,0.0673826642934286,0.2170700177540535,0.2932820513118339,0.1439237078496397,107.7,1,2
bidmc_15,185,0.5585,0.0070533679898329,0.0494117647058823,0.0537809260006193,0.2201958319116467,0.2889630432410391,0.1442970477011831,107.9,1,2
bidmc_15,190,0.557,0.00556776436283,0.0183529411764705,0.0366961177500819,0.208333264671599,0.2882229608434821,0.1379860142160367,107.8,1,2
bidmc_15,195,0.559,0.006855654600401,0.0169411764705882,0.0432368581063417,0.2161285039721734,0.2991006641572761,0.1401270468502101,107.7,1,2
bidmc_15,200,0.562,0.0066332495807107,0.0461176470588235,0.0571380750990462,0.2336511128034306,0.2874043060304085,0.1559189033108495,107.3,1,2
bidmc_15,205,0.5635000000000001,0.0063047601064592,0.0494999999999999,0.0552316277376497,0.2345703679129317,0.3169748764000429,0.1580571099377306,106.7,1,2
bidmc_15,210,0.5605,0.0066143782776614,0.0503529411764705,0.0683637897291246,0.2053134090339768,0.2897179070567481,0.1397184623288801,106.8,1,2
bidmc_15,215,0.558,0.0059999999999999,0.0178823529411764,0.0709315125778815,0.1986478128165559,0.2932190180655425,0.1300257292830304,107.5,1,2
bidmc_15,220,0.562,0.0059999999999999,0.0145882352941176,0.043111426976001,0.2016651783484947,0.2991752533646559,0.1376602363058943,107.3,1,2
bidmc_15,225,0.561,0.006855654600401,0.0823529411764706,0.0733883930966043,0.1967686841997187,0.2928552241009137,0.1390630299143107,106.7,1,2
bidmc_15,230,0.559,0.0055677643628299,0.0207058823529411,0.0764522415919047,0.193372096991576,0.2911729714546929,0.1316885691196582,106.9,1,2
bidmc_15,235,0.5625,0.0067638746292343,0.0832941176470588,0.094477625931205,0.1970884631645209,0.2974470209130243,0.1305541166223563,107.1,1,2
bidmc_15,240,0.5615000000000001,0.00646142399166,0.0479999999999999,0.0806898411583299,0.1953717899156416,0.2957079791766255,0.1323839164351576,106.8,1,2
bidmc_15,245,0.5595294117647059,0.005801801414559,0.0155294117647058,0.0750167578623059,0.2001149781889265,0.2916964833024352,0.1326250552628169,107.0,1,2
bidmc_15,250,0.56,0.0056568542494923,0.0150588235294117,0.0546892959315878,0.2025598791466069,0.2916064296390084,0.1328024834137531,107.3,1,2
bidmc_15,255,0.5595000000000001,0.0059791303715506,0.0145882352941176,0.0766680309072052,0.2094649518348241,0.294920424127659,0.1380613606044815,107.3,1,2
bidmc_15,260,0.561,0.0062449979983983,0.0136470588235294,0.0717081031438594,0.2239537057796263,0.2840903496034266,0.1479388571825545,107.1,1,2
bidmc_15,265,0.5635000000000001,0.0063047601064592,0.0748235294117647,0.0688513515038787,0.218902028300771,0.3184035362027425,0.1441760746551827,106.7,1,2
bidmc_15,270,0.5625,0.0073314391493075,0.1105882352941176,0.0700644726792289,0.2151052362857102,0.2929649299509068,0.1414544421935198,106.4,1,2
bidmc_15,275,0.559,0.006855654600401,0.0503529411764705,0.0872598883933064,0.2008860185762033,0.2977799479443482,0.1361028430843659,106.6,1,2
bidmc_15,280,0.5595000000000001,0.0059791303715506,0.0536470588235294,0.0878479191956306,0.1952568646417016,0.2907694574154792,0.1349429142618486,107.1,1,2
bidmc_15,285,0.5565,0.0048733971724044,0.0536470588235294,0.0708969983812438,0.1853197997805341,0.2938023710667993,0.132235864844315,107.5,1,2
bidmc_15,290,0.5575000000000001,0.0061441028637222,0.0508235294117647,0.0670597343039951,0.2046997765961971,0.2933609708778396,0.1368212736454331,107.9,1,2
bidmc_15,295,0.5605,0.0059791303715506,0.0479999999999999,0.0695942964741123,0.2289133716199529,0.2895526502323801,0.1548213174985683,107.5,1,2
bidmc_15,300,0.559,0.0062449979983983,0.0512941176470588,0.0483937214313047,0.2227176028415179,0.2890349571177565,0.1499305654083948,107.1,1,2
bidmc_15,305,0.5575000000000001,0.0046636895265443,0.0188235294117647,0.0520602707143933,0.2212240493422038,0.2902931129787701,0.1460438909910679,107.5,1,2
bidmc_15,310,0.56,0.0069282032302754,0.0785882352941176,0.09138810128473,0.2285271073696674,0.2968558613423699,0.1510058348553608,107.7,1,2
bidmc_15,315,0.5625,0.0061441028637222,0.1421176470588235,0.0722792257405791,0.2376412273679645,0.2914680951414198,0.1551878498093938,107.2,1,2
bidmc_15,320,0.5625,0.0061441028637222,0.1091764705882353,0.0646159638447052,0.2378187744618946,0.2916273121793559,0.1536280049707628,106.7,1,2
bidmc_15,325,0.5605,0.0066143782776614,0.044235294117647,0.0763711613427279,0.2322729740748937,0.2898036077480216,0.1506086637022856,106.8,1,2
bidmc_15,330,0.562,0.0072111025509279,0.0790588235294117,0.0845745109084463,0.2322524750928647,0.3084919644672502,0.1538440726438064,107.0,1,2
bidmc_15,335,0.5655000000000001,0.0061441028637222,0.1449411764705882,0.0821159429714291,0.2244192631009215,0.3225232354255303,0.1466845971095064,106.6,1,2
bidmc_15,340,0.5665,0.00646142399166,0.1110588235294117,0.0796772269318993,0.2239675922804071,0.2894528389542845,0.1465808154706049,106.1,1,2
bidmc_15,345,0.5650000000000001,0.0062449979983983,0.0785882352941176,0.0886395535262351,0.2220264369778957,0.2916758716407808,0.1545817266082091,106.0,1,2
bidmc_15,350,0.562,0.0044721359549995,0.0127058823529411,0.1123233241664746,0.2221529102363526,0.3000077765209059,0.1481274278782244,106.5,1,2
bidmc_15,355,0.5648,0.0063999999999999,0.151,0.1009373457208124,0.2255711054637993,0.2943634550065749,0.1478007403829072,106.7,1,2
bidmc_15,360,0.5645,0.0063047601064592,0.2418823529411764,0.095786262522313,0.2350146182526179,0.2854711049653595,0.152845804330862,106.2,1,2
bidmc_15,365,0.561,0.0074161984870956,0.1129411764705882,0.0592624575272868,0.2296641571564424,0.2800739056834072,0.1496486543680575,106.3,1,2
bidmc_15,370,0.5595000000000001,0.0052678268764263,0.0795294117647058,0.0899932074642526,0.2040856645223763,0.2817806985610675,0.1356866877130515,106.8,1,2
bidmc_15,375,0.5615000000000001,0.0042130748865881,0.1435294117647059,0.092272420157303,0.1921303369621306,0.2731066004505699,0.1268590534275124,106.9,1,2
bidmc_15,380,0.5630000000000001,0.0047958315233126,0.2075294117647059,0.0831315749924609,0.2155592951816227,0.2714025904237268,0.1437614688319004,106.7,1,2
bidmc_15,385,0.5630000000000001,0.0055677643628299,0.1119999999999999,0.0766164411294251,0.224977739802543,0.2713427831417202,0.1572541203235985,106.7,1,2
bidmc_15,390,0.5645,0.0063047601064592,0.1454117647058823,0.0993153036273526,0.2218500860554539,0.2752948742232355,0.1543949436263049,106.6,1,2
bidmc_15,395,0.5625,0.0046636895265443,0.0498823529411764,0.0673628671978378,0.2217528779569744,0.2777899471200459,0.1490451177699824,106.6,1,2
bidmc_15,400,0.5635000000000001,0.0056347138347922,0.0150588235294117,0.0852340381399007,0.2223640666982342,0.2798397274640988,0.1457664915672746,106.7,1,2
bidmc_15,405,0.57,0.0044721359549995,0.2089411764705882,0.0825104293689925,0.2248979974580878,0.2725201384130305,0.1481462463701683,106.0,1,2
bidmc_15,410,0.5685,0.0066143782776614,0.1783529411764706,0.0684726914503231,0.221692324185765,0.2860473216345603,0.1463720177498115,105.5,1,2
bidmc_15,415,0.5625,0.0067638746292343,0.0470588235294117,0.0804906205957212,0.2146596462824654,0.2790622025421895,0.1456067430272846,106.0,1,2
bidmc_15,420,0.5645,0.0048733971724044,0.0141176470588235,0.0735672028255827,0.2227836794321522,0.2763334993150099,0.1534653011144367,106.4,1,2
bidmc_15,425,0.5695999999999999,0.0043328204824725,0.083,0.0642775967846335,0.2306525629906922,0.2755440676883279,0.1561678193981853,106.0,1,2
bidmc_15,430,0.569,0.0055677643628299,0.1143529411764705,0.0717957339214393,0.2386931943428726,0.2682378285370429,0.1576227425946613,105.4,1,2
bidmc_15,435,0.5675000000000001,0.0066143782776614,0.0475294117647058,0.0676746749058393,0.2313396408259836,0.269458000730558,0.152394132303274,105.6,1,2
bidmc_15,440,0.5695,0.005074445782546,0.1472941176470588,0.0803619435828942,0.2268350406445243,0.2751378221959475,0.1505748479632329,105.7,1,2
bidmc_15,445,0.567,0.0062449979983983,0.1171764705882353,0.1009262637896837,0.2257719822555499,0.2823392587064232,0.1546589209827939,105.5,1,2
bidmc_15,450,0.5625,0.0061441028637222,0.0512941176470588,0.1000042097651111,0.2274194636393083,0.2773515326860029,0.1544386001675155,106.1,1,2
bidmc_15,455,0.5604705882352942,0.0058018014145589,0.0150588235294117,0.0708160682103637,0.2252760475661943,0.2740614965590542,0.1508631494983529,106.8,1,2
bidmc_15,460,0.5595294117647059,0.005801801414559,0.0178823529411764,0.0808180802534024,0.2215251269642785,0.2737597876751788,0.1476381852218052,107.2,1,2
bidmc_15,465,0.56,0.0039999999999999,0.0150588235294117,0.0628602821063675,0.2257980460748946,0.2773777728313928,0.1479918278036777,107.3,1,2
bidmc_15,470,0.5645,0.0063047601064592,0.0825,0.0599498897405626,0.2385991918661185,0.2700291314891567,0.1587288308284913,106.8,1,2
bidmc_16,0,0.5455000000000001,0.0031224989991992,0.0423529411764705,0.2596517406411877,0.2779768990012532,0.0642362738638904,0.1394154836485072,110.0,1,2
bidmc_16,5,0.5458823529411765,0.0033934600239661,0.04,0.263270788944791,0.2737034437675192,0.0644338033024669,0.1366788365905869,110.0,1,2
bidmc_16,10,0.5454117647058825,0.0030497603286625,0.0404705882352941,0.2636285958804791,0.2634407467498332,0.0766178032546976,0.1351687603165578,110.0,1,2
bidmc_16,15,0.5425882352941177,0.0030497603286625,0.044,0.2653386004259675,0.2748144054721685,0.0629117199497594,0.1367797830753816,110.0,1,2
bidmc_16,20,0.5402352941176471,0.0039930735878769,0.048,0.2626973747214789,0.2787425508052942,0.0619373566629702,0.1352735229455839,110.5,1,2
bidmc_16,25,0.5392941176470589,0.003937223654278,0.052235294117647,0.2633689210953875,0.283262693625002,0.0639895656334275,0.138781408158518,111.0,1,2
bidmc_16,30,0.540235294117647,0.0039930735878769,0.0542222222222222,0.254154285518754,0.2666198232971551,0.0631267558108809,0.1420199126891171,111.0,1,2
bidmc_16,35,0.5392941176470589,0.0047990771892638,0.0853333333333333,0.2467109566715891,0.2712756811417843,0.0647476951441494,0.1381496520641529,111.2,1,2
bidmc_16,40,0.5405,0.0039686269665968,0.088,0.2662808313007277,0.2752845086404882,0.0641699987994878,0.135053837463507,111.2,1,2
bidmc_16,45,0.5411764705882354,0.0038230768962992,0.0564705882352941,0.2623053510617634,0.2811418798455966,0.0638441304745957,0.1393342065899521,111.0,1,2
bidmc_16,50,0.5425882352941177,0.0030497603286625,0.0527058823529411,0.2649793550880162,0.2714423589074658,0.0648308581771963,0.1446876337707059,111.0,1,2
bidmc_16,55,0.544,0.0027439773622801,0.0528888888888889,0.2708284497658493,0.2804192281033991,0.0652213280204195,0.1400437412531674,110.8,1,2
bidmc_16,60,0.5454117647058825,0.0030497603286625,0.0537777777777777,0.2762971215667559,0.2858357303910516,0.0647755895075477,0.1390795225674465,110.3,1,2
bidmc_16,65,0.5465,0.0037080992435478,0.0545882352941176,0.2720919992079799,0.2907547908600951,0.0637153867373573,0.1423901897317309,110.0,1,2
bidmc_16,70,0.5421176470588236,0.021870964778583,0.0574117647058823,0.2661697965072068,0.2857560809238771,0.0648198831091044,0.139505630544687,110.0,1,2
bidmc_16,75,0.5463529411764706,0.0045625222187447,0.0945882352941176,0.2365924425469899,0.2769497291251174,0.0639147393152939,0.1500080109102331,110.1,1,2
bidmc_16,80,0.5458823529411765,0.0033934600239661,0.0992941176470588,0.2347136681765988,0.2753614425733612,0.0632973400861888,0.1468049256792742,109.9,1,2
bidmc_16,85,0.5430588235294118,0.0037647058823529,0.0737777777777777,0.2343173217323058,0.2778154080229221,0.0601603302021422,0.1452522266157866,109.8,1,2
bidmc_16,90,0.5411764705882354,0.0038230768962992,0.068,0.2330887482655682,0.2766340435548218,0.0594454071735353,0.1411220524115599,110.5,1,2
bidmc_16,95,0.5405,0.0039686269665968,0.0508235294117647,0.2294794165781375,0.2848699669858902,0.0653607963039822,0.1465432541615217,111.0,1,2
bidmc_16,100,0.5397647058823529,0.0039930735878769,0.0470588235294117,0.2198294444381832,0.2760028677614893,0.0636333003857635,0.1482603958464654,111.0,1,2
bidmc_16,105,0.5402352941176471,0.0039930735878769,0.0533333333333333,0.2067405979806373,0.2803355497703836,0.0671927080210488,0.1442077559292579,111.0,1,2
bidmc_16,110,0.5750000000000001,0.0607865116617165,0.100235294117647,0.1902346491589748,0.2220213254170465,0.1010648816903951,0.1348624894911757,111.0,1,2
bidmc_16,115,0.5658666666666667,0.0500424708511568,0.1045,0.273263982972181,0.1997589735891954,0.1010695098096855,0.127659445783693,111.0,1,2
bidmc_16,120,0.543529411764706,0.0033275613232308,0.0574117647058823,0.2312740574416586,0.260105326150887,0.0628791053328571,0.1354825597728353,110.9,1,2
bidmc_16,125,0.5449411764705883,0.0025775179176713,0.056,0.2320944584415519,0.260095810209425,0.0655812318780381,0.1411710912134025,110.4,1,2
bidmc_16,130,0.5435294117647059,0.0033275613232308,0.0564444444444444,0.2370465955233278,0.2592048110515075,0.0633239556616735,0.1376338048959765,110.0,1,2
bidmc_16,135,0.5407058823529411,0.003937223654278,0.0586666666666666,0.2335851482342073,0.2513456289910272,0.0596528937377673,0.128649119371055,110.2,1,2
bidmc_16,140,0.5388235294117647,0.0038230768962992,0.0597647058823529,0.2293306701237498,0.2642227020997065,0.0601179899404285,0.139205661548663,110.7,1,2
bidmc_16,145,0.5392941176470589,0.003937223654278,0.0616470588235294,0.2261282792921616,0.265151156254769,0.0600780624753763,0.1458880486082947,111.0,1,2
bidmc_16,150,0.5388235294117647,0.0038230768962992,0.0644444444444444,0.2278638643319348,0.269928022432608,0.0600879799386034,0.1402499034121919,111.0,1,2
bidmc_16,155,0.5383529411764706,0.0036451607964305,0.0657777777777777,0.2242882642626603,0.2805435560432716,0.0598082661529908,0.1416179496591128,111.3,1,2
bidmc_16,160,0.5392941176470589,0.003937223654278,0.0663529411764706,0.2296151573008603,0.2834814438206279,0.0609907025792428,0.1457766819008287,111.5,1,2
bidmc_16,165,0.540235294117647,0.0039930735878769,0.0684444444444444,0.2287776110561047,0.2766453717949566,0.0608044300853204,0.1503911266783608,111.2,1,2
bidmc_16,170,0.5421176470588236,0.0033934600239661,0.0693333333333333,0.2285101027255224,0.2862138963949123,0.060828357349793,0.1496926281957173,111.0,1,2
bidmc_16,175,0.5445,0.0034278273002005,0.0668235294117647,0.22339704674882,0.2843588811719771,0.0647704623930144,0.1448354605464341,110.7,1,2
bidmc_16,180,0.5425882352941177,0.0647738680274596,0.1501176470588235,0.2244867349015427,0.2951547044325252,0.069039097823153,0.1480524527984924,110.5,1,2
bidmc_16,185,0.5425882352941177,0.0633041758900714,0.1529411764705882,0.2158399855757324,0.2724417793651405,0.0773508205478715,0.1386646151155082,107.2,1,2
bidmc_16,190,0.5463529411764706,0.0036451607964305,0.0687058823529411,0.2176002378976129,0.2613743566129795,0.0989522519720513,0.142207527086049,105.2,1,2
bidmc_16,195,0.5454117647058825,0.0030497603286625,0.0595555555555555,0.2054900483508593,0.2667203156175698,0.1161106100731231,0.1392567880634626,108.3,1,2
bidmc_16,200,0.5449411764705883,0.0025775179176713,0.0488888888888889,0.2104502653002002,0.2577419609303314,0.0968881233801906,0.1314673537202071,110.0,1,2
bidmc_16,205,0.545,0.0026457513110645,0.0503529411764705,0.2166662700784233,0.2630304848578383,0.0662592763167983,0.1348262659972625,110.0,1,2
bidmc_16,210,0.5455000000000001,0.0031224989991992,0.0517647058823529,0.2242652646153545,0.2796020885626249,0.0660701468222212,0.148728222770577,110.0,1,2
bidmc_16,215,0.5458823529411765,0.0033934600239661,0.0517647058823529,0.2362373256529209,0.2610297367277457,0.0643903300616527,0.1422893719402013,110.0,1,2
bidmc_16,220,0.5454117647058825,0.0030497603286625,0.0502222222222222,0.2344656566969778,0.2604389410093125,0.0620194814507471,0.1389557774247657,110.0,1,2
bidmc_16,225,0.544,0.0304321811091289,0.0555294117647058,0.2405345874639627,0.2479037111701397,0.0619161746693315,0.1290829234905596,110.0,1,2
bidmc_16,230,0.5444705882352942,0.0153933432788669,0.0524444444444444,0.2015158598747283,0.2527520879510707,0.0623952473506196,0.1319098581026694,110.0,1,2
bidmc_16,235,0.5465,0.0037080992435478,0.0545882352941176,0.2333085633424765,0.2650896243448445,0.061540689763523,0.1391052874030919,110.0,1,2
bidmc_16,240,0.548,0.004,0.0550588235294117,0.2387166239885549,0.269122996214742,0.0682427981263645,0.1475052734420597,110.0,1,2
bidmc_16,245,0.5487058823529413,0.003937223654278,0.0569411764705882,0.2356632067685749,0.2751382717346584,0.0634695894836078,0.1481386528234616,109.5,1,2
bidmc_16,250,0.5491764705882354,0.0038230768962992,0.0592941176470588,0.1984276642048822,0.2745743402193668,0.1992309557908323,0.1426512685840288,109.0,1,2
bidmc_16,255,0.5491764705882354,0.0038230768962992,0.0616470588235294,0.1962036098122054,0.2498769190904341,0.2011971563156107,0.1373628914570253,109.0,1,2
bidmc_16,260,0.5487058823529413,0.003937223654278,0.0631111111111111,0.2240415510520971,0.2527248880790715,0.0669135744666951,0.1369471138918299,109.0,1,2
bidmc_16,265,0.548235294117647,0.0039930735878769,0.0613333333333333,0.2253400883706302,0.2721673271562599,0.0656521909977815,0.1423000865378531,109.0,1,2
bidmc_16,270,0.549,0.0038729833462074,0.0616470588235294,0.2305369023729013,0.2743961070431822,0.0604940143418116,0.1425749284111122,109.0,1,2
bidmc_16,275,0.549,0.0038729833462074,0.064,0.23182702341335,0.2677629657284507,0.0667505574555811,0.1382996235654749,109.0,1,2
bidmc_16,280,0.55,0.0034641016151377,0.0658823529411764,0.2517731613585581,0.2474651483822006,0.0701533599901367,0.1299245791381615,109.0,1,2
bidmc_16,285,0.55,0.0034641016151377,0.0691764705882353,0.2545261250275905,0.2555329844593512,0.0644723463755692,0.1360852558328329,109.0,1,2
bidmc_16,290,0.5495000000000001,0.0037080992435478,0.0715294117647059,0.235717335171837,0.2685725370701042,0.0627526698565097,0.1441541627021654,109.0,1,2
bidmc_16,295,0.5496470588235295,0.0036451607964305,0.072,0.2371074220591815,0.2637432019677306,0.0624971158732585,0.1406354457138012,109.0,1,2
bidmc_16,300,0.5491764705882353,0.0038230768962992,0.0574117647058823,0.2358282597627742,0.2582778421232834,0.0615795266554014,0.1358838019353419,109.0,1,2
bidmc_16,305,0.5496470588235295,0.0036451607964305,0.0431111111111111,0.2377180817145001,0.2512982167744209,0.0621938399498644,0.1359004115373824,109.0,1,2
bidmc_16,310,0.5501176470588236,0.0033934600239661,0.0417777777777777,0.2377070238611087,0.2521703540313262,0.061606391601583,0.1340247648166615,109.0,1,2
bidmc_16,315,0.5501176470588236,0.0033934600239661,0.0444444444444444,0.2357356178124817,0.2522695860068928,0.0616049159367466,0.1326842932595711,109.0,1,2
bidmc_16,320,0.5496470588235295,0.0036451607964305,0.0484444444444444,0.2366140590587967,0.2499039405770744,0.0620128238411367,0.1315847871772514,109.0,1,2
bidmc_16,325,0.5505,0.0031224989991992,0.0512941176470588,0.2380713445947586,0.2485025297326884,0.0620685112301804,0.1316206596610023,109.0,1,2
bidmc_16,330,0.55,0.0166132477258361,0.0517647058823529,0.2011013814371958,0.2525044592154297,0.0620474469300838,0.1339713092777957,109.0,1,2
bidmc_16,335,0.5565,0.0197926754128894,0.0931764705882353,0.2381626822020134,0.2518461517109613,0.0632260809448906,0.1356174605733005,108.9,1,2
bidmc_16,340,0.544,0.0249799919935936,0.0644705882352941,0.2416275483286843,0.2535757926890933,0.0647372826456631,0.135370583375194,108.9,1,2
bidmc_16,345,0.548235294117647,0.0441701648197922,0.1345882352941176,0.2484452334688419,0.254628589730654,0.0650618178653693,0.1445636014926226,109.2,1,2
bidmc_16,350,0.5487058823529413,0.0147917493134133,0.0550588235294117,0.2076535328314447,0.2619120476011543,0.0751056974913552,0.1399735163017638,109.6,1,2
bidmc_16,355,0.5496470588235295,0.0036451607964305,0.0574117647058823,0.2346898488678308,0.2545363947351229,0.0683065346052669,0.1386703339264791,109.3,1,2
bidmc_16,360,0.5491764705882354,0.0139757575575694,0.0595555555555555,0.2348878920586175,0.2570739219730843,0.0771016741383824,0.1417866563848614,108.9,1,2
bidmc_16,365,0.5491764705882353,0.038213387389481,0.0688888888888889,0.2412707455664059,0.2432657471741706,0.0777348949451997,0.1335434083221428,109.3,1,2
bidmc_16,370,0.5505882352941176,0.0137842997796487,0.0662222222222222,0.2053859332695338,0.2367747254920375,0.0645836524081375,0.1276898714635534,109.3,1,2
bidmc_16,375,0.5515000000000001,0.0019364916731037,0.0710588235294117,0.2362166908258963,0.2491584863288954,0.0628161883642408,0.1330218165661894,108.8,1,2
bidmc_16,380,0.552,0.0,0.0715294117647059,0.2398459796507757,0.2537973042562143,0.0628875979126054,0.1338393866608842,108.8,1,2
bidmc_16,385,0.5525,0.0019364916731037,0.0734117647058823,0.2364877375953768,0.2661580867674254,0.0629063309534464,0.1413814906477202,109.0,1,2
bidmc_16,390,0.553,0.0026457513110645,0.0701176470588235,0.2359053226844855,0.2691212008671343,0.0622818090103393,0.143081723079206,109.0,1,2
bidmc_16,395,0.553,0.0026457513110645,0.0691764705882353,0.2361067061374437,0.2652607355176352,0.0623048390168321,0.1424925239759,108.5,1,2
bidmc_16,400,0.553,0.0026457513110645,0.0616470588235294,0.2343936650696221,0.272965512742406,0.062363518549776,0.1441951999282544,108.3,1,2
bidmc_16,405,0.5535000000000001,0.0031224989991992,0.0456470588235294,0.2343451646236559,0.2587609928549655,0.062345676488722,0.14123861822066,108.6,1,2
bidmc_16,410,0.554,0.0034641016151377,0.0437647058823529,0.236833488666997,0.2561862937458122,0.0629153898696203,0.139901008906404,108.3,1,2
bidmc_16,415,0.5545,0.0037080992435478,0.0456470588235294,0.2368208935724937,0.2524535929329062,0.0628834150146194,0.1382638229999289,108.0,1,2
bidmc_16,420,0.554,0.0034641016151377,0.0484705882352941,0.234885769606249,0.2601526196084779,0.0631008533553195,0.1417686777718159,108.0,1,2
bidmc_16,425,0.553,0.0026457513110645,0.0531764705882353,0.2339929181064242,0.2577710904225844,0.0644078614074097,0.1407832747377608,108.0,1,2
bidmc_16,430,0.5535000000000001,0.0031224989991992,0.0536470588235294,0.2382709890672234,0.2486638959638915,0.0681308080267728,0.1377302280274919,108.0,1,2
bidmc_16,435,0.5535000000000001,0.0031224989991992,0.0512941176470588,0.2353681061562579,0.2564851303625267,0.0648799463177847,0.138870391428982,108.0,1,2
bidmc_16,440,0.5545,0.0037080992435478,0.0508235294117647,0.2307823652646518,0.2625352433112163,0.0728307366568855,0.1425347286053125,108.0,1,2
bidmc_16,445,0.555,0.0038729833462074,0.052235294117647,0.2286681648024858,0.2651833637771256,0.063244506861925,0.1445485492153824,108.0,1,2
bidmc_16,450,0.556,0.004,0.0541176470588235,0.2266716428476513,0.2524455134888195,0.0628682347464829,0.1376371819040117,108.0,1,2
bidmc_16,455,0.556,0.004,0.0574117647058823,0.2304214966908664,0.2434704797006461,0.0631454122601569,0.1340319240481634,108.0,1,2
bidmc_16,460,0.556,0.004,0.0592941176470588,0.2334668308956286,0.2509923821633293,0.0667476600975029,0.1364169003685328,108.0,1,2
bidmc_16,465,0.556,0.004,0.0625882352941176,0.2319035321950686,0.2585025270486153,0.0673472435963385,0.1380498929853957,108.0,1,2
bidmc_16,470,0.555,0.0038729833462074,0.0658823529411764,0.2296855112962385,0.2653318148300985,0.0639660842588219,0.1418275538001015,108.0,1,2
bidmc_17,0,0.7541818181818182,0.096669839408368,0.6033333333333333,0.7580855021579063,0.2583118143889325,0.184434179171107,0.141746205534286,80.4,0,0
bidmc_17,5,0.7643636363636365,0.1282435699095299,0.5905454545454545,0.8056988763243605,0.2543333112361963,0.1516268789380882,0.1381005310227818,78.4,1,3
bidmc_17,10,0.7060000000000001,0.1619259089830901,0.4873846153846154,0.7954147144074578,0.2411176870816387,0.1664746655820988,0.1382867406972731,78.9,1,3
bidmc_17,15,0.6845714285714284,0.1383565344038542,0.4868571428571427,0.7888738928314246,0.2394525481050615,0.1604096831417707,0.1393269339456188,82.3,1,3
bidmc_17,20,0.7306666666666666,0.1481380737315322,0.5326666666666667,0.7755294438135965,0.2636543740744904,0.1716036087674523,0.1416480343040363,85.9,1,3
bidmc_17,25,0.7027692307692307,0.1743092538459486,0.4658461538461538,0.7810407313026284,0.2586982187371257,0.153866602472867,0.1433131040025998,84.2,1,3
bidmc_17,30,0.6953333333333332,0.1071551315720447,0.5313333333333333,0.7952537001617235,0.234400468360122,0.1607573735653367,0.1421164941453129,82.6,1,3
bidmc_17,35,0.7026666666666667,0.0517257726433888,0.6252307692307691,0.6730501450243302,0.2592911001883407,0.1516689927819311,0.1448950037178964,84.8,0,0
bidmc_17,40,0.6953333333333332,0.1638685109741615,0.4584615384615385,0.7950273394504748,0.253390998097101,0.2232506578137098,0.1427953124786295,84.8,1,3
bidmc_17,45,0.6670769230769231,0.1859968823305552,0.4289230769230769,0.7644888523619503,0.238935819307887,0.1602287786693071,0.1269427253142761,84.6,1,3
bidmc_17,50,0.6973333333333334,0.1934620261331808,0.5033333333333333,0.7938213449061785,0.2655890716243333,0.1872672041855566,0.1424683248588581,87.8,1,3
bidmc_17,55,0.770909090909091,0.1611331772989234,0.5243636363636364,0.7887641971244902,0.2458173447580316,0.1503890301613313,0.1489603506653115,85.7,1,3
bidmc_17,60,0.6935384615384615,0.1484238294078638,0.4147692307692307,0.7708584414353007,0.2429390528609296,0.1578828901171625,0.1372229295008994,82.2,1,3
bidmc_17,65,0.6935384615384614,0.0836334634761574,0.5058461538461537,0.7255365956829676,0.2534550850816177,0.1600159442953887,0.1451726751617609,85.3,0,0
bidmc_17,70,0.6984615384615385,0.0751374283303246,0.5489230769230768,0.7836990594843867,0.2620263342288686,0.1550742312605802,0.1411908231250592,86.9,0,0
bidmc_17,75,0.6904615384615383,0.1286286338409414,0.4639999999999999,0.8006588958612716,0.2767994161235019,0.1569340392715453,0.1514981874885747,86.0,1,3
bidmc_17,80,0.6873846153846155,0.1583440938936653,0.4283076923076923,0.7857869352913849,0.2348076807011559,0.155315322492579,0.1411951462895511,86.7,1,3
bidmc_17,85,0.7006666666666668,0.1581040445051577,0.4566666666666666,0.7496080330348691,0.2357022512865271,0.1519391717248155,0.1352423569355119,86.4,1,3
bidmc_17,90,0.7146666666666667,0.1416223460082797,0.4738461538461538,0.7587356073462639,0.2444011205245536,0.1515782014328545,0.1403452657195232,84.9,1,3
bidmc_17,95,0.6639999999999999,0.1505518055482768,0.4142857142857142,0.7551343872504189,0.2352217492879058,0.1557963015297201,0.138759754321665,84.2,1,3
bidmc_17,100,0.7479999999999999,0.1413270438852144,0.4559999999999999,0.77154850890332,0.2476855142339313,0.1805509408205649,0.1379633410758515,85.2,1,3
bidmc_17,105,0.7912727272727273,0.1155517128696387,0.5847272727272727,0.7956463034456643,0.2613559750830944,0.1451307984902505,0.1442668134970862,83.6,1,3
bidmc_17,110,0.7553333333333333,0.1614090731306294,0.5803076923076923,0.8063942260408877,0.2622786368852776,0.1510157124632914,0.1486268052890212,79.3,1,3
bidmc_17,115,0.7898181818181819,0.1615953521956608,0.5599999999999999,0.7995574413514053,0.2601755291556162,0.1518694488718702,0.1443323134439069,77.1,1,3
bidmc_17,120,0.7720000000000001,0.1622015207491388,0.534,0.8033100242377343,0.251982693511149,0.1517178927397798,0.1333884146162368,77.7,1,3
bidmc_17,125,0.7033333333333333,0.1864606005448753,0.3624615384615385,0.8159679575383127,0.2341486187519801,0.1699601493230672,0.1349602008983627,78.6,1,3
bidmc_17,130,0.7266666666666666,0.1727837440913416,0.4333333333333333,0.5957795613216152,0.2349684251359657,0.155036974367188,0.1403553973384765,82.1,1,3
bidmc_17,135,0.7319999999999999,0.2077305947615805,0.4653333333333334,0.7792548720753412,0.241739259327589,0.1732335772136152,0.1415233202051252,84.3,1,3
bidmc_17,140,0.6559999999999999,0.1782197680233192,0.4577142857142857,0.7606542509464956,0.2182170967544221,0.1568018744980669,0.1312757456544249,84.9,1,3
bidmc_17,145,0.7076923076923076,0.2007154068730475,0.4799999999999999,0.7591103384068612,0.2201229876503645,0.1649384108026897,0.1265674748831051,88.5,1,3
bidmc_17,150,0.7586666666666667,0.2194012053040932,0.48,0.7911658471675977,0.2295005577331485,0.1519499059571286,0.1335721825986574,86.6,1,3
bidmc_17,155,0.7373333333333334,0.201112461628369,0.5310769230769231,0.7974966907288427,0.2626402033034051,0.1502010305057612,0.1445483367007147,80.7,1,3
bidmc_17,160,0.7723636363636364,0.1551768918640757,0.5949090909090908,0.8049066555968838,0.2531457462620201,0.1535515206997184,0.1413634718886252,78.5,1,3
bidmc_17,165,0.7832727272727272,0.1120755353314661,0.6426666666666666,0.822640970223191,0.2613659864696812,0.1571983439289705,0.1424007056747442,78.2,1,3
bidmc_17,170,0.7665454545454544,0.1759939893789576,0.5323636363636364,0.8290625809191682,0.2609594812243878,0.1542004738073277,0.1462887808439642,77.6,1,3
bidmc_17,175,0.7439999999999999,0.183855015342706,0.4787692307692308,0.8298400890748121,0.2542733503388504,0.1613073037949726,0.1415214216915957,78.0,1,3
bidmc_17,180,0.7353333333333333,0.1494330024533477,0.4993333333333332,0.7959746259736153,0.2585307837763673,0.1603918295444651,0.147956706186066,79.5,1,3
bidmc_17,185,0.7825454545454545,0.1339880344972257,0.5745454545454546,0.7924742750834319,0.2683970560020894,0.1462611381666884,0.1401720597402251,81.0,1,3
bidmc_17,190,0.7553333333333333,0.1536908874621032,0.5618461538461538,0.7979280889876921,0.2600917056775225,0.1511955245569546,0.1427491824213887,79.6,1,3
bidmc_17,195,0.7941818181818182,0.1378522385361278,0.5265454545454545,0.8093939288604924,0.2452052697543507,0.1521864592394877,0.1381346833031591,77.9,1,3
bidmc_17,200,0.7825454545454545,0.0427176004526208,0.6647272727272727,0.6733012291314985,0.2605899216244778,0.1482101154151729,0.1363522273229327,77.8,0,0
bidmc_17,205,0.7956363636363637,0.0039834367818557,0.6901818181818181,0.7588493359294631,0.2886212288591143,0.1643584375804372,0.1580402036506406,76.7,0,0
bidmc_17,210,0.7912727272727273,0.0129691305455469,0.6916363636363635,0.6554986155097308,0.2785945865403442,0.1562121249972368,0.1489034016199988,75.8,0,0
bidmc_17,215,0.7166666666666667,0.1189491020936639,0.5569230769230769,0.8489435253172631,0.2488518498636252,0.1588346886652591,0.1430318716144947,76.1,1,3
bidmc_17,220,0.6719999999999999,0.1146622369022537,0.5142857142857141,0.826986283545899,0.2513444987338538,0.1665603114768838,0.1502557116536101,80.5,1,3
bidmc_17,225,0.7226666666666666,0.1334399573674325,0.5806666666666666,0.7765560867450876,0.2837263907937929,0.1745511469679096,0.1591759756722409,86.8,1,3
bidmc_17,230,0.746,0.1981279048157191,0.4572307692307692,0.7703139174875032,0.2710530180825628,0.150959261609656,0.1461742145124654,85.9,1,3
bidmc_17,235,0.7665454545454545,0.1950311693673433,0.4632727272727273,0.7969437202367842,0.2513808384206087,0.1601540260396677,0.140396158646078,80.9,1,3
bidmc_17,240,0.7890909090909091,0.0955305325256177,0.6313333333333332,0.7627573136639323,0.2727300175269656,0.151590164104433,0.1475843726700288,78.4,0,0
bidmc_17,245,0.786909090909091,0.1601189640380804,0.5796363636363636,0.8103819236626167,0.2812598224184732,0.1530893962660086,0.148036213554687,77.2,1,3
bidmc_17,250,0.7560000000000001,0.1726808231005014,0.5206153846153846,0.8055378875131649,0.2600530445441099,0.1625322202933863,0.1438044729674731,76.6,1,3
bidmc_17,255,0.7292307692307692,0.1573267808617826,0.4609230769230769,0.7947782104908298,0.2453790314989519,0.1586600007277054,0.1433113459315045,78.6,1,3
bidmc_17,260,0.7781818181818182,0.1826222221775265,0.424,0.8283927565401595,0.259440770891269,0.1542235888368296,0.1375651795004966,82.5,1,3
bidmc_17,265,0.7599999999999999,0.1687917849501766,0.4499999999999999,0.746493035583941,0.2409448223633871,0.1517640697151572,0.1289365993190689,81.0,1,3
bidmc_17,270,0.6879999999999998,0.1877587104060243,0.3753846153846153,0.7892458398062924,0.2377906659629669,0.1561778163838565,0.1331470176639516,79.7,1,3
bidmc_17,275,0.6855384615384614,0.1987873294927619,0.3622857142857142,0.784696912844165,0.2416675000500464,0.1701338111603612,0.1354934170301125,83.1,1,3
bidmc_17,280,0.754,0.1491710427663492,0.502,0.7900824206046556,0.2615819276111845,0.1602841254854402,0.1422185277327403,84.1,1,3
bidmc_17,285,0.7810909090909092,0.110444930370878,0.6385454545454544,0.7706954970907214,0.2643358917595733,0.1579075156586292,0.1484090274226062,82.4,1,3
bidmc_17,290,0.7759999999999999,0.1350770823708381,0.5973333333333332,0.7732327004304032,0.2505236019442975,0.1511501091153058,0.1396407982116767,79.5,1,3
bidmc_17,295,0.7280000000000001,0.1632339833898975,0.5553333333333333,0.8459097449180587,0.2549863302563542,0.163449904982672,0.1403457922473624,77.9,1,3
bidmc_17,300,0.7433333333333335,0.1793159842909221,0.4679999999999999,0.8512475188027082,0.2506124794448159,0.1572294596225192,0.1471801914400103,79.9,1,3
bidmc_17,305,0.7899999999999999,0.1662488095195471,0.5,0.8069407726782151,0.2497578908474425,0.1806910237675005,0.1414314894109724,82.4,1,3
bidmc_17,310,0.773090909090909,0.1679921288986505,0.5381818181818182,0.7954998950616612,0.2571889473548561,0.1535516102223235,0.1363655564392,80.2,1,3
bidmc_17,315,0.7159999999999999,0.1793469635464546,0.4843076923076923,0.7934942213155345,0.2620609871772735,0.1540380651937725,0.1500472009587709,78.6,1,3
bidmc_17,320,0.7246666666666667,0.1696571706576399,0.4493333333333333,0.785322074315633,0.2464414891990988,0.1568696938988976,0.1478979239722132,81.9,1,3
bidmc_17,325,0.7578181818181818,0.1570302913348065,0.4746666666666666,0.7888927883698981,0.253910191100066,0.1571171326870364,0.1397843651886171,82.0,1,3
bidmc_17,330,0.7040000000000001,0.1825090092612922,0.4572307692307692,0.8003965145215916,0.2242912565659195,0.1575896869607584,0.1327411586287137,79.2,1,3
bidmc_17,335,0.6926666666666667,0.1936445770534827,0.4906666666666666,0.7916987651195253,0.2347988414452952,0.1642141493604282,0.1351257186251476,81.5,1,3
bidmc_17,340,0.7526666666666667,0.1783915792731135,0.4652307692307691,0.7287885039647265,0.2676848552240845,0.1493565667477485,0.1455176032335902,83.8,1,3
bidmc_17,345,0.7716363636363638,0.1699578946398584,0.4293333333333333,0.791024176316498,0.2627485573881609,0.1489675384326074,0.1484831060099568,80.6,1,3
bidmc_17,350,0.7713333333333333,0.143571894495019,0.5279999999999999,0.7913468893032126,0.2764812967253635,0.1495428726226859,0.1569680582481148,78.1,1,3
bidmc_17,355,0.7653333333333333,0.136130656193069,0.573090909090909,0.774948729956698,0.2667664461657726,0.1559875402904115,0.1458661443475246,77.8,1,3
bidmc_17,360,0.766,0.1634992354722186,0.5433333333333333,0.7816554495051201,0.2563824065401701,0.1496729627401349,0.1436308748517037,77.6,1,3
bidmc_17,365,0.7759999999999999,0.1424972089040853,0.5847272727272728,0.7941116636264737,0.2689626522134308,0.1453063332086191,0.1489208130944856,78.0,1,3
bidmc_17,370,0.7619999999999999,0.1682894332194785,0.5586666666666665,0.8127316344199431,0.2557725005466242,0.1518273207851775,0.1442149988508544,78.3,1,3
bidmc_17,375,0.7832727272727275,0.1432893391384851,0.5410909090909091,0.8160823439941526,0.2615221778682584,0.1520427376376264,0.1485517724966541,78.0,1,3
bidmc_17,380,0.7733333333333334,0.1345147658148436,0.5926666666666667,0.831422918640452,0.2510118361759691,0.1572640628017177,0.1394952565387577,77.6,1,3
bidmc_17,385,0.7599999999999999,0.1522868107462781,0.5149090909090909,0.7943853710600295,0.2503403961183227,0.1510528443626828,0.1365994408157532,77.7,1,3
bidmc_17,390,0.7513333333333332,0.1549351118658675,0.4733333333333333,0.7924064794723409,0.2461108364923111,0.1522778395966746,0.1295395125027753,78.7,1,3
bidmc_17,395,0.7810909090909092,0.1268710544718925,0.5207272727272727,0.7992143807187161,0.2647290999186615,0.1532098799709053,0.1423110469008157,79.6,1,3
bidmc_17,400,0.7527272727272727,0.1078964915674369,0.5399999999999999,0.8144639958260487,0.2607064079421513,0.1548362367871227,0.1463766057517648,78.8,1,3
bidmc_17,405,0.7166666666666668,0.1622987642863891,0.4258461538461538,0.7640053130529156,0.2572136582122785,0.158618957090897,0.1461141221283878,77.8,1,3
bidmc_17,410,0.7261538461538461,0.1455693575922573,0.4732307692307692,0.7630881400739692,0.2716864482217485,0.1577680720964056,0.1546706754621586,80.5,1,3
bidmc_17,415,0.7563636363636363,0.1399163858928693,0.485090909090909,0.8201108462284754,0.2931045736196624,0.1539158094971702,0.1621299363360836,83.3,1,3
bidmc_17,420,0.7113846153846153,0.1483268420448771,0.4502857142857143,0.7758065175471887,0.2458316158640552,0.1606448992671925,0.1441699127296653,81.3,1,3
bidmc_17,425,0.7173333333333334,0.1715601611356461,0.436,0.8177591794740187,0.2397423480581549,0.157703008517823,0.1375760644466709,82.5,1,3
bidmc_17,430,0.7650909090909092,0.1597187610915765,0.5293333333333333,0.8150982064694771,0.2418175195450029,0.146756622488234,0.1377720325187218,83.9,1,3
bidmc_17,435,0.7185454545454545,0.1531940917661843,0.4933333333333334,0.7969327510181027,0.2371505322987771,0.1628261736054987,0.1399599816325296,79.2,1,3
bidmc_17,440,0.738,0.1802553743997665,0.498,0.8075988589572568,0.2562309635416211,0.158960437818573,0.1480068651161095,78.8,1,3
bidmc_17,445,0.7512727272727272,0.1772338418890246,0.5473333333333333,0.8527478897407974,0.2541423590183125,0.1613356664680701,0.143003240493268,80.8,1,3
bidmc_17,450,0.7633333333333333,0.1636731159625455,0.6,0.4488678404242407,0.2508758174662745,0.1516884361830606,0.1384483837403577,79.6,1,3
bidmc_17,455,0.7767272727272728,0.1782812338612997,0.4749090909090908,0.8000555112060658,0.2301132949294622,0.1529682213389961,0.1284097479592884,78.7,1,3
bidmc_17,460,0.754909090909091,0.1380707687748664,0.5643636363636363,0.8417115177797317,0.2472724386972238,0.1540818573593001,0.1357990491581767,79.0,1,3
bidmc_17,465,0.7746666666666666,0.1374368541872553,0.5399999999999999,0.8354821864256324,0.2755089679628125,0.1645609339577493,0.1538282336869686,79.7,1,3
bidmc_17,470,0.6753333333333335,0.1849095875165902,0.4966153846153846,0.7940962444990656,0.2306807635500109,0.1789364620689334,0.1450815485419029,79.8,1,3
bidmc_18,0,0.6634285714285714,0.0036589281356759,0.6405714285714286,0.6014250501328414,0.1680402544360136,0.1292555927819603,0.0746360576408866,90.5,0,0
bidmc_18,5,0.6645714285714285,0.0082610470256005,0.6295384615384615,0.5645278399799286,0.1732887964881573,0.1285597669074548,0.0815655483327387,90.2,0,0
bidmc_18,10,0.6652307692307692,0.0052937386258723,0.6307692307692307,0.5616409021189873,0.2154778070563317,0.1230167601139786,0.0907582973946986,90.3,0,0
bidmc_18,15,0.6634285714285715,0.0047466422073817,0.6365714285714285,0.6026563331696135,0.2142756780658508,0.1325024603436799,0.0926196573869442,90.2,0,0
bidmc_18,20,0.6676923076923077,0.0039881481220971,0.6399999999999999,0.598546302202312,0.1776822295895618,0.1288201632282008,0.0782769292783902,90.3,0,0
bidmc_18,25,0.6657142857142857,0.0044629998148038,0.6399999999999999,0.603345600064383,0.1654224037686323,0.1326763321400763,0.0738405822296035,90.2,0,0
bidmc_18,30,0.6633846153846152,0.0037934855402886,0.6455384615384615,0.6008500219488323,0.1795613827275598,0.1326981860508781,0.0771586240622497,90.0,0,0
bidmc_18,35,0.6639999999999999,0.0042761798705987,0.6382857142857142,0.5896455215721741,0.1897720600160737,0.141803608798283,0.0823474471734849,90.0,0,0
bidmc_18,40,0.6633846153846152,0.0037934855402886,0.6221538461538461,0.5993326150160303,0.189609066525008,0.1289323478837864,0.082697636513864,90.0,0,0
bidmc_18,45,0.6639999999999999,0.0030237157840738,0.6171428571428571,0.601496693697198,0.2017273793398678,0.1311588053326863,0.0866302863918028,90.0,0,0
bidmc_18,50,0.6609230769230768,0.0049994082490067,0.6129230769230768,0.5979665968995003,0.2015499918632684,0.1318489550799661,0.0949962509918057,90.0,0,0
bidmc_18,55,0.6622857142857143,0.0068809111878813,0.6148571428571428,0.6026238837991742,0.1704648345001978,0.1306163398742626,0.0777610055765687,90.5,0,0
bidmc_18,60,0.672,0.0044376015698018,0.6159999999999999,0.5889431599109566,0.1841947385590061,0.1272231026084174,0.0774634126432628,90.8,0,0
bidmc_18,65,0.6697142857142857,0.0047121207149916,0.6205714285714284,0.5903982404166662,0.1828028829766389,0.128366667757753,0.0774901458233952,89.8,0,0
bidmc_18,70,0.668923076923077,0.0038920340432841,0.6246153846153846,0.599537426057143,0.1687336337930207,0.1291205423708316,0.0722573437795213,89.4,0,0
bidmc_18,75,0.6708571428571428,0.0041206300291017,0.6279999999999999,0.5885590890725793,0.1735793308407625,0.1405631031726233,0.074955689315332,89.8,0,0
bidmc_18,80,0.6676923076923077,0.0039881481220971,0.6332307692307692,0.5957497066395341,0.1834497613364909,0.1287198197700597,0.0820617265185568,89.6,0,0
bidmc_18,85,0.6679999999999999,0.004,0.6354285714285713,0.5951338466273511,0.2017772097086649,0.1287269441099736,0.0895863985159324,89.7,0,0
bidmc_18,90,0.6658461538461538,0.0063952645202543,0.6319999999999999,0.5617577230591044,0.2107874725468021,0.1253987345142691,0.0957091510216161,90.0,0,0
bidmc_18,95,0.6639999999999999,0.0060474315681476,0.6302857142857141,0.5609420745689874,0.2220243835687199,0.1266304602789442,0.0960636117934249,90.0,0,0
bidmc_18,100,0.6627692307692308,0.0028864096983528,0.6332307692307692,0.5967040921795592,0.2380139040469356,0.12904493731366,0.105976709889151,90.0,0,0
bidmc_18,105,0.6645714285714285,0.0036589281356759,0.6325714285714285,0.6006214863190024,0.2630952991480024,0.1297752750443619,0.1120548242719451,90.1,0,0
bidmc_18,110,0.6664615384615384,0.0036923076923076,0.635076923076923,0.5962542786437333,0.2532091062167655,0.1289394654951998,0.1109684823879198,90.1,0,0
bidmc_18,115,0.6651428571428571,0.0041206300291017,0.6382857142857141,0.5969966234377658,0.2146518747751694,0.1289423421628272,0.0917335120974147,90.0,0,0
bidmc_18,120,0.6497142857142857,0.0339651682324881,0.643076923076923,0.5621625586153178,0.1854787069361686,0.1284571001717844,0.0885778122432929,90.1,0,0
bidmc_18,125,0.6639999999999999,0.008,0.6428571428571429,0.5977587086689035,0.1828456909594079,0.1279996324200858,0.0824183966961368,90.6,0,0
bidmc_18,130,0.6582857142857144,0.0276183907967876,0.6017142857142855,0.485383694843558,0.2280687272448934,0.1252494846787329,0.0997429152753284,90.7,0,0
bidmc_18,135,0.6651428571428571,0.0059384599116647,0.6417142857142857,0.5725748782137315,0.2072552713241095,0.1258437092821588,0.0889394737191434,90.2,0,0
bidmc_18,140,0.6683076923076924,0.0039881481220971,0.6301538461538461,0.5855864877002278,0.198357474484458,0.1276473105319592,0.0918813765516715,90.0,0,0
bidmc_18,145,0.6662857142857143,0.0047121207149916,0.62,0.5866897329509395,0.2007356448134943,0.1279566783868194,0.0881247759508616,90.0,0,0
bidmc_18,150,0.6559999999999999,0.0357770876399966,0.6227692307692306,0.5636132961820295,0.2216052289549406,0.129385609331346,0.1030715456346279,90.0,0,0
bidmc_18,155,0.6674285714285714,0.0039589732744431,0.6222857142857141,0.5947349563571708,0.2308269517378547,0.1277766861208647,0.10040484509823,90.0,0,0
bidmc_18,160,0.6676923076923077,0.0039881481220971,0.6239999999999999,0.5917498389541266,0.2663615733461473,0.1280787553102747,0.1226936159962911,90.0,0,0
bidmc_18,165,0.6674285714285714,0.0049815987926179,0.6245714285714286,0.5991681111806961,0.2673339044638945,0.131616240942889,0.1140183421158933,90.0,0,0
bidmc_18,170,0.6548571428571428,0.0332412333079976,0.6252307692307691,0.5470134330726053,0.2701495094907505,0.1284140786333883,0.1201619011966688,90.0,0,0
bidmc_18,175,0.6645714285714285,0.0036589281356759,0.6245714285714286,0.5770912884954016,0.2476399125234311,0.1253372879043769,0.1069637542674651,90.0,0,0
bidmc_18,180,0.6639999999999999,1.1102230246251563e-16,0.6252307692307691,0.5987924771406876,0.2505735761956661,0.1398273530904685,0.1095839896048393,90.0,0,0
bidmc_18,185,0.6639999999999999,0.0030237157840738,0.6274285714285713,0.5932044417628713,0.2372891555867623,0.1273679720786041,0.1014152350407562,90.0,0,0
bidmc_18,190,0.6646153846153845,0.0049230769230769,0.6295384615384615,0.5995006069875363,0.2352825865287013,0.1609599290635525,0.1020887355023073,90.0,0,0
bidmc_18,195,0.6651428571428571,0.0051110125199995,0.6325714285714285,0.5966498550251296,0.2352100092223885,0.1293176385672048,0.1000963175629142,90.0,0,0
bidmc_18,200,0.6683076923076924,0.0050745915392217,0.6344615384615384,0.6007576713477816,0.227542261773088,0.131526769249881,0.0961845240785645,90.0,0,0
bidmc_18,205,0.6664615384615384,0.0036923076923076,0.6332307692307692,0.5882901581488633,0.2306054769584511,0.1273884946754631,0.096272953769276,90.0,0,0
bidmc_18,210,0.6646153846153845,0.0021317548400847,0.6363076923076922,0.5877419987532535,0.2350022217150205,0.1360449919593401,0.1002153880935026,90.0,0,0
bidmc_18,215,0.6664615384615384,0.0036923076923076,0.6406153846153846,0.5951505650042351,0.2128119839466611,0.1288828386145012,0.0905788382825272,90.0,0,0
bidmc_18,220,0.6651428571428571,0.0041206300291017,0.6399999999999999,0.6007162389111084,0.1989967651134509,0.137231296825622,0.0868970424118917,90.0,0,0
bidmc_18,225,0.6627692307692308,0.0028864096983528,0.6356923076923077,0.6000229701234803,0.196654349541076,0.1298602306990049,0.0852320486265911,90.1,0,0
bidmc_18,230,0.6657142857142857,0.0032826072265931,0.6363076923076922,0.6021190807080884,0.2187113520076663,0.1298593986015572,0.0981787597856314,90.4,0,0
bidmc_18,235,0.6652307692307692,0.0042635096801695,0.6418461538461538,0.5983415196645853,0.2329617181962506,0.1284169770143975,0.0977532395035615,90.3,0,0
bidmc_18,240,0.6645714285714285,0.0036589281356759,0.6417142857142857,0.5808990940812494,0.2086464957277613,0.1271677560118227,0.0899544352297295,90.0,0,0
bidmc_18,245,0.6627692307692308,0.0028864096983528,0.627076923076923,0.5811956998618883,0.1869014063411658,0.1270423003893774,0.0818150924529626,90.0,0,0
bidmc_18,250,0.661142857142857,0.0038332593899996,0.6217142857142857,0.5999507600664838,0.2044845175494737,0.129200077596061,0.0883776555269695,90.2,0,0
bidmc_18,255,0.6633846153846152,0.0037934855402886,0.6203076923076922,0.6026343648470966,0.2151737370942943,0.1300300260629043,0.098305518234169,90.7,0,0
bidmc_18,260,0.6639999999999999,0.0042761798705987,0.6177142857142855,0.6026619028621851,0.2057267288164301,0.1308068781436084,0.0884198443397248,90.7,0,0
bidmc_18,265,0.667076923076923,0.0059025618748464,0.614153846153846,0.6022750878278813,0.2120473945758716,0.1285712283172236,0.0912351409566879,90.2,0,0
bidmc_18,270,0.6697142857142857,0.003614031611621,0.6154285714285713,0.6008623084878423,0.2153307823420943,0.1298824461029187,0.0914146786626368,89.9,0,0
bidmc_18,275,0.6652307692307692,0.0042635096801695,0.6178461538461537,0.5810686443093278,0.2089874373732038,0.1269495224536881,0.0900129405464387,89.8,0,0
bidmc_18,280,0.6657142857142857,0.0044629998148038,0.6257142857142856,0.5845894779891104,0.1897579292340053,0.126738083770301,0.0826836980187786,89.9,0,0
bidmc_18,285,0.6695384615384616,0.0036923076923076,0.6313846153846152,0.5997507982286793,0.1764854605565571,0.1287113952854752,0.0765893015060538,90.0,0,0
bidmc_18,290,0.6685714285714285,0.0039589732744431,0.6319999999999999,0.5996734664882674,0.1851072226912491,0.1295403440020032,0.0806778113550764,90.0,0,0
bidmc_18,295,0.668923076923077,0.0038920340432841,0.6338461538461537,0.5958420011619504,0.2025916088020667,0.1288197918772227,0.0899622171211502,90.0,0,0
bidmc_18,300,0.6662857142857143,0.0047121207149916,0.6325714285714285,0.5852306264327537,0.2042512816575541,0.1290353575083635,0.0874151786605757,90.0,0,0
bidmc_18,305,0.6664615384615384,0.0048455433070841,0.6289230769230768,0.589403788218635,0.2028014194914968,0.1273802319365115,0.0905413670087037,90.0,0,0
bidmc_18,310,0.6674285714285714,0.0039589732744431,0.6319999999999999,0.5949325630944918,0.2057551625433089,0.1283220633362646,0.0880939504828864,90.0,0,0
bidmc_18,315,0.667076923076923,0.0038920340432841,0.6387692307692306,0.5650620280192251,0.1896318358199974,0.1257747525290067,0.0861110377584755,90.0,0,0
bidmc_18,320,0.6668571428571429,0.0048822878544671,0.6411428571428571,0.5572847149347152,0.1869206200608139,0.1234660914777526,0.081289044064497,90.0,0,0
bidmc_18,325,0.6633846153846152,0.0037934855402886,0.6412307692307692,0.5938627530862643,0.1998564151935156,0.1258554954448864,0.089461706340321,90.0,0,0
bidmc_18,330,0.6617142857142857,0.003614031611621,0.6428571428571427,0.5939205944248618,0.2180744231475615,0.1277495675350052,0.0930727231526136,90.2,0,0
bidmc_18,335,0.6508571428571429,0.0344235325298949,0.6412307692307692,0.5628576749208464,0.222044794060724,0.1283973315297481,0.1060607400059353,90.6,0,0
bidmc_18,340,0.6639999999999999,0.0052372293656638,0.6428571428571429,0.5985084663007708,0.2154695780485057,0.1287641904521335,0.0909904510819781,90.9,0,0
bidmc_18,345,0.6627692307692308,0.0042635096801695,0.6356923076923077,0.5984507711271168,0.2018605750756525,0.1372968246985987,0.0883964720846968,90.5,0,0
bidmc_18,350,0.6634285714285714,0.0047466422073817,0.6171428571428571,0.5929629238087261,0.1704293191883034,0.1279534034714469,0.0727339285984638,90.3,0,0
bidmc_18,355,0.6652307692307692,0.0042635096801695,0.6135384615384614,0.5950444320864271,0.1670372428420769,0.1423906450981592,0.0743981818708329,90.4,0,0
bidmc_18,360,0.6645714285714285,0.0047466422073817,0.6171428571428571,0.5969766697423432,0.1829149436082892,0.1292423556240439,0.0782117416609575,90.1,0,0
bidmc_18,365,0.668923076923077,0.0038920340432841,0.6215384615384614,0.5993982132056812,0.18124878106198,0.1341915830987974,0.078128366294258,90.0,0,0
bidmc_18,370,0.6713846153846154,0.0037934855402886,0.6215384615384614,0.5953143656035238,0.1863120417373282,0.1305543750793601,0.0810425425528942,89.8,0,0
bidmc_18,375,0.6683076923076923,0.0039881481220971,0.6227692307692306,0.596151276559695,0.2168522967004079,0.1307643999062291,0.091562821280193,89.3,0,0
bidmc_18,380,0.6674285714285714,0.0039589732744431,0.6262857142857142,0.5917137046526902,0.2192343976263851,0.1287056987662392,0.094202052777357,89.5,0,0
bidmc_18,385,0.6588571428571429,0.0386760485920405,0.6295384615384615,0.5626565132746556,0.2344850464199803,0.1383203016617228,0.1053869898101626,90.0,0,0
bidmc_18,390,0.6657142857142856,0.0044629998148038,0.6285714285714284,0.5939944005925881,0.2194760754453405,0.1290905711459051,0.0943529086328692,90.0,0,0
bidmc_18,395,0.6548571428571428,0.0353732286640963,0.6264615384615383,0.5603774511578709,0.2132435885656824,0.1293791357610696,0.0952672437661346,90.0,0,0
bidmc_18,400,0.6662857142857143,0.0047121207149916,0.6314285714285713,0.5818562629028766,0.2112790094849311,0.129235931078305,0.0906091049735173,90.0,0,0
bidmc_18,405,0.6621538461538461,0.0055725447003922,0.6313846153846152,0.5932035465601777,0.2147610051165033,0.1369526399725226,0.0933415855843262,90.0,0,0
bidmc_18,410,0.6628571428571428,0.0066639450226803,0.6314285714285715,0.5982487160665821,0.2012195376348695,0.1295476842143365,0.0855315028373254,90.4,0,0
bidmc_18,415,0.6670769230769231,0.0059025618748464,0.6319999999999999,0.5931058802323408,0.2000128440242539,0.1406688011106552,0.0850066783273437,90.6,0,0
bidmc_18,420,0.6609230769230768,0.0049994082490067,0.6363076923076922,0.5929487859056228,0.182947683886555,0.128927071007036,0.0783643860492932,90.2,0,0
bidmc_18,425,0.6599999999999999,0.004,0.6405714285714285,0.5862361489324381,0.1685405004549981,0.1458713149651515,0.0735176085660609,90.5,0,0
bidmc_18,430,0.6658461538461538,0.0063952645202543,0.6387692307692306,0.6038243041755347,0.1652525144667292,0.1312778287362032,0.0714083480159963,91.0,0,0
bidmc_18,435,0.6668571428571429,0.0064901809666288,0.636,0.5905612700782783,0.1822090626494603,0.1422415701659083,0.0789659035880643,90.5,0,0
bidmc_18,440,0.6664615384615384,0.0072813289638149,0.6369230769230769,0.5958314837317881,0.1801430696792353,0.1287708629065504,0.0792483520381538,90.0,0,0
bidmc_18,445,0.675076923076923,0.0059025618748464,0.6387692307692306,0.5978204121134022,0.1827769422939641,0.1322210731383274,0.077608409267973,89.9,0,0
bidmc_18,450,0.6701538461538461,0.0063952645202543,0.627076923076923,0.5943284472613615,0.1933669445800911,0.1289166345948388,0.0822154278660154,89.4,0,0
bidmc_18,455,0.6651428571428571,0.0041206300291017,0.6159999999999999,0.6115896511020846,0.1732083827720042,0.1402441520719684,0.07697972713067,89.3,0,0
bidmc_18,460,0.668923076923077,0.0038920340432841,0.6209230769230769,0.6020295540334895,0.1657362423487792,0.1307037616936142,0.0719829100541867,89.8,0,0
bidmc_18,465,0.6676923076923077,0.0050745915392217,0.6221538461538461,0.5951007674243455,0.1882736666791609,0.1350751145252722,0.0814588579821851,90.0,0,0
bidmc_18,470,0.667076923076923,0.0049994082490067,0.6258461538461538,0.5958027256302802,0.1990765965864569,0.1288840458856197,0.0850978456209781,90.0,0,0
bidmc_19,0,0.8101818181818182,0.011360363164955,0.7461818181818182,0.6029768250219446,0.040095881369759,0.1228880854372259,0.0282603871196413,72.6,0,0
bidmc_19,5,0.8087272727272729,0.00634021664515,0.7541818181818182,0.6087191634841357,0.0426848629448914,0.1271484347293022,0.0311268609173637,73.1,0,0
bidmc_19,10,0.8096,0.0078383671769061,0.7624,0.5987130383446179,0.0444511801596535,0.1221233455287606,0.0317437211836089,73.9,0,0
bidmc_19,15,0.8116363636363636,0.0098652072481821,0.764,0.619226865470496,0.046963726296161,0.1314502298216963,0.0307465261635039,74.0,0,0
bidmc_19,20,0.7992727272727272,0.0125124731156983,0.5658181818181818,0.6186083897087655,0.041276335622022,0.1280822981585586,0.028948886488756,74.0,0,0
bidmc_19,25,0.8007272727272727,0.0115450966301,0.6385454545454544,0.5966614959773172,0.0445721148659544,0.1215107557687051,0.0291245936421087,74.5,0,0
bidmc_19,30,0.818909090909091,0.0149754620232537,0.7738181818181818,0.5996730232111998,0.0466027613357727,0.1228436193628415,0.0321103047805228,74.9,0,0
bidmc_19,35,0.826909090909091,0.015359063332322,0.7010909090909091,0.6060520800537222,0.0455789633196527,0.1222160662960468,0.0320721608763976,74.0,0,0
bidmc_19,40,0.8375999999999999,0.0080399004968967,0.7098181818181818,0.6078215436133725,0.0461389372854792,0.1213039927605029,0.0320190202774677,73.1,0,0
bidmc_19,45,0.8320000000000001,0.0101192885125388,0.7656,0.6112504699807821,0.0523646799285387,0.121817096771701,0.0368818078848229,72.5,0,0
bidmc_19,50,0.8208,0.0081584312217484,0.7624,0.6051205955400248,0.0470906135625594,0.1210488771280197,0.0355962942519,72.0,0,0
bidmc_19,55,0.8224,0.0078383671769061,0.7552,0.6131121705158772,0.0382228416247753,0.1226668971489811,0.0287473811515482,72.4,0,0
bidmc_19,60,0.8128,0.0095999999999999,0.738909090909091,0.6025936117084464,0.0401142713278665,0.1294481493912214,0.0289313134357849,72.9,0,0
bidmc_19,65,0.8203636363636364,0.0142144147532305,0.7464,0.6090231450933116,0.0433263774563607,0.1300200930391857,0.0290262612211942,73.3,0,0
bidmc_19,70,0.8298181818181818,0.0084187904747565,0.754909090909091,0.6248437915306858,0.0413719155458394,0.1269521697655436,0.0295344414246289,73.3,0,0
bidmc_19,75,0.829090909090909,0.0119503103455672,0.7556363636363636,0.6199377473013192,0.0419378694851682,0.1249912743203701,0.0296323142009426,72.7,0,0
bidmc_19,80,0.8014545454545455,0.0206985446847384,0.7461818181818182,0.589665982616906,0.0417995848948613,0.1198048637050514,0.0293268679135774,72.5,0,0
bidmc_19,85,0.7847272727272727,0.0079668735637115,0.7018181818181818,0.5653429432273867,0.041131703709918,0.1236703641937753,0.0292607036003853,73.5,0,0
bidmc_19,90,0.8,0.0156321347346942,0.7025454545454545,0.6069144083662846,0.0435350750703113,0.1369697878225512,0.0292707731727391,75.2,0,0
bidmc_19,95,0.8181818181818182,0.0084187904747564,0.7658181818181817,0.6076628941040961,0.0433560180531695,0.1260900550120057,0.0283993622596674,75.6,0,0
bidmc_19,100,0.826909090909091,0.0178144708566049,0.7578181818181818,0.6305530157622342,0.0415116415976915,0.1442255606084209,0.0283982185881779,74.5,0,0
bidmc_19,105,0.8283636363636364,0.0171796535432984,0.7614545454545454,0.6067580924834896,0.0428186968349596,0.1248464735298759,0.0291213681915337,73.4,0,0
bidmc_19,110,0.8145454545454546,0.0089072354283024,0.7665454545454545,0.5970848530617573,0.0455319528078743,0.1232319990255127,0.0304530615703304,73.0,0,0
bidmc_19,115,0.8109090909090909,0.009199353193217,0.7723636363636364,0.6154266117572559,0.043951708934194,0.1258799610480125,0.0307948079784285,73.4,0,0
bidmc_19,120,0.8072727272727274,0.0079668735637114,0.773090909090909,0.6167739135926144,0.0445948238732788,0.1247602158826867,0.0310365677447979,73.9,0,0
bidmc_19,125,0.8007272727272727,0.0146541394033526,0.6392727272727273,0.6086224972177114,0.046288757210154,0.1371771087259332,0.0310182911561556,74.3,0,0
bidmc_19,130,0.8288,0.0270584552404604,0.688,0.6148795934265354,0.0461972511930651,0.1240386023923071,0.031719161079889,74.6,0,0
bidmc_19,135,0.8203636363636364,0.0684255039205182,0.7615999999999999,0.573251308109972,0.0466298368035913,0.1356399360951138,0.0308545175475784,73.8,0,0
bidmc_19,140,0.816,0.0132115651815162,0.7439999999999999,0.6100401914997596,0.0445828444249994,0.1265193355634745,0.030575299876169,72.2,0,0
bidmc_19,145,0.8007272727272727,0.0104888764377134,0.7447272727272728,0.6087445703109718,0.0416838536664094,0.1281075827935054,0.0297400201740945,72.3,0,0
bidmc_19,150,0.8087272727272729,0.0115450966300999,0.7592727272727273,0.6101883419072374,0.0413851242285488,0.1229598110269672,0.0294444411642327,74.0,0,0
bidmc_19,155,0.8160000000000001,0.0048241815132441,0.7614545454545454,0.607832134190717,0.042647144722764,0.1237471852141745,0.0300580472627809,74.5,0,0
bidmc_19,160,0.8094545454545454,0.0066655646472084,0.7418181818181818,0.6047661102505942,0.0436378019701628,0.1225577352377388,0.0305617434334153,74.1,0,0
bidmc_19,165,0.8026666666666668,0.0037712361663282,0.7512727272727272,0.6125474137217527,0.0426142955124419,0.1275353506686832,0.0310181234496378,74.0,0,0
bidmc_19,170,0.7919999999999999,0.0132115651815163,0.5333333333333333,0.6110895721345914,0.0440457006355117,0.1294610557566016,0.0318760956204894,74.5,0,0
bidmc_19,175,0.8021818181818182,0.0236559359524226,0.5207272727272727,0.6050111140974043,0.0446970291930992,0.1240854057903127,0.0309728686404971,75.3,0,0
bidmc_19,180,0.8283636363636364,0.013370746407891,0.7614545454545454,0.6001528764105414,0.0443059683585918,0.1221119220564226,0.0293116419381083,75.1,0,0
bidmc_19,185,0.8210909090909091,0.0085435200905241,0.7599999999999999,0.6064421762622089,0.041844370146476,0.1229322017233244,0.0287747691802668,73.7,0,0
bidmc_19,190,0.8181818181818182,0.0090836334522158,0.757090909090909,0.6162637927496105,0.0415031014243311,0.1247725874858259,0.0291826918284622,72.8,0,0
bidmc_19,195,0.8136000000000001,0.0071999999999999,0.7615999999999999,0.5948584868198954,0.0445319599250926,0.1198187826089182,0.032169564386911,72.9,0,0
bidmc_19,200,0.8136000000000001,0.0062481997407252,0.7752,0.5910517430507637,0.0465737869324079,0.1250954996788777,0.0316108389957935,73.3,0,0
bidmc_19,205,0.8181818181818182,0.0076967310867333,0.72,0.5983984117094724,0.0468077532565104,0.1287635928040469,0.0320688188033216,73.8,0,0
bidmc_19,210,0.8247272727272729,0.008666454754773,0.7061818181818181,0.5934423402471355,0.0487024617642034,0.1285860127739151,0.0352533290413799,73.6,0,0
bidmc_19,215,0.8334545454545456,0.0089072354283024,0.7563636363636363,0.618515716100952,0.0501453169507487,0.1259570875019636,0.0366062914482941,73.1,0,0
bidmc_19,220,0.8472,0.0097652444925869,0.744,0.6152170603171326,0.0492187118156786,0.1318066941429671,0.0355671054582097,72.5,0,0
bidmc_19,225,0.8305454545454546,0.01954186013461,0.76,0.6068758503029092,0.0459443822093795,0.1234639885654616,0.0328987614103796,71.6,0,0
bidmc_19,230,0.8123636363636364,0.0092566705900784,0.7614545454545454,0.6208755106221912,0.042627661380898,0.1406470467355363,0.0306387026969183,71.5,0,0
bidmc_19,235,0.8160000000000001,0.0059083915670079,0.768,0.5735568107283016,0.0411117411764001,0.1250701671679025,0.0307618189529521,72.7,0,0
bidmc_19,240,0.824,0.0107871977994118,0.6378181818181818,0.6043506619851394,0.0423987242203006,0.1225335829387208,0.0308989985898246,73.6,0,0
bidmc_19,245,0.8363636363636364,0.0062562365578491,0.6392727272727272,0.6167324331390237,0.0438347300867302,0.1258343139205167,0.0306034321949355,73.3,0,0
bidmc_19,250,0.8378181818181818,0.0068995148949128,0.7687272727272727,0.5884754086874661,0.0446118018308575,0.1248378623801739,0.0302999036005981,72.5,0,0
bidmc_19,255,0.8130909090909092,0.0221788373556027,0.7061818181818181,0.5729761275818056,0.0403038256353732,0.1224039988349552,0.0284675095657161,72.0,0,0
bidmc_19,260,0.7854545454545455,0.0112198171785756,0.6872727272727273,0.6019654910803421,0.0388674352460098,0.1281371027025104,0.0279577091778829,73.0,0,0
bidmc_19,265,0.8109090909090909,0.0253608665806002,0.7636363636363637,0.6172342893034576,0.0442255442352848,0.1296528058797597,0.0290648141141484,75.0,0,0
bidmc_19,270,0.8432000000000001,0.0168570460045643,0.7816,0.6127005990826454,0.0468180917574767,0.1198850583601399,0.0295095272419285,75.4,0,0
bidmc_19,275,0.7949090909090909,0.0450322198702915,0.5773333333333334,0.5874067546694542,0.0450333650332057,0.1189729083226136,0.0308547504544691,73.4,0,0
bidmc_19,280,0.7767272727272728,0.0294343365015971,0.4894545454545454,0.5841320310124195,0.0485060691825938,0.1353184378104589,0.0317791294198843,73.5,0,0
bidmc_19,285,0.8218181818181818,0.0241428257057422,0.7083636363636363,0.584716087596587,0.0486047971443458,0.1164930694618361,0.0313442366297527,76.0,0,0
bidmc_19,290,0.8200000000000001,0.0199999999999999,0.6407272727272727,0.5890108359375581,0.0449192866120733,0.1238850681573771,0.029907744825729,75.3,0,0
bidmc_19,295,0.8036363636363636,0.0052444382188567,0.7163636363636363,0.5751983969631979,0.0488026621246568,0.1234574547178561,0.0342476776533391,73.4,0,0
bidmc_19,300,0.8276363636363637,0.025836101335755,0.6705454545454544,0.6131572536467692,0.0458348855856174,0.1481160331235301,0.0335622958444246,73.8,0,0
bidmc_19,305,0.8488,0.0136,0.7375999999999999,0.6031612562503974,0.0412111372534044,0.122828045719091,0.0298621198490601,73.5,0,0
bidmc_19,310,0.8269090909090909,0.0202594738577223,0.7469090909090909,0.590663840932709,0.0417039074781072,0.1245909772767056,0.0300428321004288,71.9,0,0
bidmc_19,315,0.8152727272727273,0.0146541394033526,0.757090909090909,0.6064383160899416,0.0430025103347762,0.1216322350849704,0.0298166009846893,71.7,0,0
bidmc_19,320,0.8276363636363637,0.0071257883426419,0.7629090909090909,0.5746019799825753,0.0441734879589112,0.1204676200628028,0.0310644854737408,72.7,0,0
bidmc_19,325,0.8276363636363636,0.0086052069572357,0.7083636363636363,0.6014468478601089,0.0433404700815248,0.1207156735209257,0.03130084582361,73.0,0,0
bidmc_19,330,0.8174545454545455,0.0122129859081793,0.7447272727272728,0.5940521520858132,0.0446515035741304,0.1203416119399217,0.0314857491200624,72.7,0,0
bidmc_19,335,0.8167272727272727,0.0110296370095294,0.7563636363636363,0.5078913335970042,0.0461164523798196,0.1178003294520298,0.0296947570959705,72.9,0,0
bidmc_19,340,0.824,0.0127635845634794,0.757090909090909,0.586530349072136,0.0454931003446289,0.1182450848559207,0.0290908352211767,73.4,0,0
bidmc_19,345,0.8145454545454546,0.0147978108722732,0.752,0.586362534904397,0.0456670181740777,0.1177302122955654,0.0318832195737188,73.3,0,0
bidmc_19,350,0.8043636363636363,0.0612465549714248,0.7567999999999999,0.5506526888082423,0.046717381850691,0.1183573580891336,0.0323422170769874,73.1,0,0
bidmc_19,355,0.8167272727272727,0.0129691305455468,0.7087999999999999,0.5834295778210185,0.0455291057065821,0.1269706222603268,0.0294371046075105,73.1,0,0
bidmc_19,360,0.8058181818181819,0.0141023414033929,0.7425454545454546,0.6026030797843326,0.0409341379899469,0.1252689310767061,0.0304686326983158,73.1,0,0
bidmc_19,365,0.7941818181818182,0.0160330237709444,0.5643636363636363,0.6071545145750815,0.0479595022350239,0.1237991989373113,0.0313508283635626,73.8,0,0
bidmc_19,370,0.8218181818181818,0.0299509240465076,0.5738181818181818,0.589428070901291,0.0488433137892351,0.1207743202013191,0.0317931174922309,74.7,0,0
bidmc_19,375,0.8290909090909092,0.0199702257712668,0.7665454545454545,0.5913069831827859,0.0401553626017158,0.1199946673420763,0.0297131614436529,74.1,0,0
bidmc_19,380,0.7970909090909092,0.0160988680881299,0.6836363636363636,0.6030641106612763,0.04069613791777,0.1259037596205722,0.0285012815830141,73.0,0,0
bidmc_19,385,0.8,0.0183699359131855,0.6843636363636363,0.6085695553105755,0.0419317868102423,0.1293683347078633,0.0310501558112151,74.0,0,0
bidmc_19,390,0.8352,0.0229643201510517,0.738909090909091,0.6148826448592586,0.0448304306930463,0.123828082655246,0.0315430296029497,75.3,0,0
bidmc_19,395,0.8320000000000001,0.0236335662680318,0.7469090909090909,0.5900588151240781,0.0436993690825358,0.1259802332139273,0.030814605405161,73.9,0,0
bidmc_19,400,0.8094545454545456,0.0089072354283024,0.7000000000000001,0.6029611223781824,0.0426318423400612,0.1217476156012896,0.0299167256710001,72.2,0,0
bidmc_19,405,0.8203636363636364,0.013370746407891,0.7098181818181818,0.6155718577916997,0.044148723442073,0.1247848310170148,0.029873954832487,72.8,0,0
bidmc_19,410,0.8305454545454546,0.0095380923989847,0.7716363636363636,0.6093403429819612,0.0439768519937404,0.1225887411023088,0.0310416102284523,73.4,0,0
bidmc_19,415,0.8247272727272729,0.0110296370095295,0.7738181818181818,0.6011889172104409,0.0457181583433407,0.1221712939917223,0.0321607498341175,72.7,0,0
bidmc_19,420,0.8087272727272729,0.0099186775978078,0.7563636363636363,0.6044594825632144,0.0465140864768108,0.1230238354732537,0.0315002265248046,72.6,0,0
bidmc_19,425,0.8152727272727273,0.0168689650978082,0.7563636363636363,0.5995302143990483,0.0499924588991,0.1271811847185942,0.0334447972428904,73.4,0,0
bidmc_19,430,0.8240000000000001,0.0133865604245452,0.7647999999999999,0.6158061904350176,0.0518228779293355,0.1247924807215617,0.035410057611553,73.7,0,0
bidmc_19,435,0.8101818181818182,0.0076967310867333,0.757090909090909,0.607684919254278,0.0489783384513431,0.1275793954933463,0.0355249575606702,73.3,0,0
bidmc_19,440,0.8210909090909091,0.0124276418113709,0.7614545454545454,0.6089386962900649,0.0433572617912408,0.127187297540601,0.0348833323816859,73.4,0,0
bidmc_19,445,0.8356363636363636,0.0071257883426419,0.7599999999999999,0.611730449443063,0.0395495847708413,0.1239731970801225,0.0323057887239515,73.6,0,0
bidmc_19,450,0.8283636363636364,0.0137990297898256,0.6429090909090909,0.5880842619816002,0.0430306375303232,0.1234207579454648,0.0309480658985246,72.7,0,0
bidmc_19,455,0.8065454545454546,0.0112198171785756,0.5781818181818181,0.5912256059613529,0.0457339389431741,0.1200355882647187,0.0319570006582039,72.2,0,0
bidmc_19,460,0.7978181818181818,0.0059972445463529,0.6283636363636363,0.6081607090853587,0.0471316828287875,0.1243588416306944,0.0307541274734855,73.4,0,0
bidmc_19,465,0.8123636363636364,0.0137990297898256,0.7010909090909091,0.610749432419413,0.0460284136078891,0.1230028082510011,0.0304389477558805,74.7,0,0
bidmc_19,470,0.8231999999999999,0.0109981816678939,0.7552,0.5973198621505046,0.0456757600392998,0.1202267004365399,0.0309288223987786,74.4,0,0
bidmc_20,0,0.6763076923076923,0.0039881481220971,0.4726153846153845,0.39102612401915,0.1111051859044655,0.0855129138974999,0.0707324701315725,89.0,0,0
bidmc_20,5,0.6763076923076923,0.0039881481220971,0.3698461538461538,0.3968626971197736,0.1167331605544525,0.0917481758009677,0.068260739589482,89.0,0,0
bidmc_20,10,0.6763076923076923,0.0039881481220971,0.4411428571428571,0.4117955837661965,0.1209919285057768,0.0897326426299105,0.0700044482292155,89.0,0,0
bidmc_20,15,0.6793846153846153,0.0058380510649262,0.4726153846153845,0.4081545022735462,0.1266120989627512,0.1063497637402685,0.0733652962197175,89.0,0,0
bidmc_20,20,0.6849230769230767,0.0066847879945847,0.3965714285714285,0.3908364151068451,0.1219120296977872,0.0884724516092962,0.0723573191831863,88.6,0,0
bidmc_20,25,0.6898461538461537,0.0063952645202542,0.3502857142857142,0.3932623706675872,0.1043122482094141,0.0935029748582175,0.0669663880366056,88.1,0,0
bidmc_20,30,0.6904615384615383,0.0057728193967057,0.3519999999999999,0.4106253208047941,0.1084272612283281,0.1047258889489786,0.0659244521794187,87.5,0,0
bidmc_20,35,0.684923076923077,0.0059025618748463,0.1163076923076923,0.3960279136287955,0.1145904627075512,0.0856101324385006,0.0670810393736465,87.0,0,0
bidmc_20,40,0.6799999999999999,0.0060474315681476,0.2537142857142857,0.3954222254222939,0.116613236765365,0.0867108476617744,0.0684502855253702,87.4,0,0
bidmc_20,45,0.6726153846153846,0.0058380510649262,0.1218461538461538,0.4011160718731609,0.1127836966133752,0.0865467888943883,0.0672352746918518,88.0,0,0
bidmc_20,50,0.6651428571428571,0.0059384599116647,0.3388571428571428,0.3931447928557118,0.121690981821416,0.0937210502654873,0.071562650946029,88.8,0,0
bidmc_20,55,0.6676923076923077,0.0086592290950586,0.5144615384615384,0.3864513073767966,0.125859334022408,0.0875367282242692,0.0752739510377955,89.7,0,0
bidmc_20,60,0.6702857142857143,0.0357998973889761,0.6683076923076924,0.3865639787206597,0.1249127573337886,0.0859137298516972,0.0757479079832475,89.8,0,0
bidmc_20,65,0.6873846153846154,0.0037934855402885,0.6719999999999999,0.409501669973921,0.1147080454226569,0.091806462348927,0.0715316287232576,88.9,0,0
bidmc_20,70,0.6812307692307692,0.008210254808693,0.6196923076923077,0.4030033808086603,0.1091385174167834,0.0879664989999459,0.0649152842614447,87.7,0,0
bidmc_20,75,0.6732307692307692,0.0042635096801695,0.5748571428571428,0.3959476736762485,0.1097090169694707,0.0864824302670895,0.0639042779973986,87.6,0,0
bidmc_20,80,0.6726153846153846,0.0058380510649262,0.6147692307692307,0.3948950124390617,0.1151957340876707,0.0863249997123811,0.0670085008192114,88.5,0,0
bidmc_20,85,0.6892307692307693,0.014666308046539,0.6285714285714287,0.3965831139679036,0.1112256395808816,0.0842154183439635,0.0670013361976775,89.0,0,0
bidmc_20,90,0.6935384615384614,0.0114798511422631,0.4923076923076922,0.3964604407316749,0.1038181081137061,0.084856926870755,0.0652619492621016,88.0,0,0
bidmc_20,95,0.6806153846153845,0.0066278951472424,0.4537142857142857,0.3933720689662547,0.0974535134857347,0.0861539741141051,0.0620146308879053,86.9,0,0
bidmc_20,100,0.6806153846153845,0.0058380510649262,0.4196923076923076,0.392439629436261,0.1053389763570021,0.084906661237366,0.0632640516303519,87.4,0,0
bidmc_20,105,0.6855384615384614,0.0065705096935576,0.5723076923076922,0.3891102491580546,0.1163794246043625,0.0832244213298747,0.0691254904054615,88.0,0,0
bidmc_20,110,0.683076923076923,0.0073846153846153,0.3643076923076923,0.3364669981540763,0.1413676129069956,0.0869721251723756,0.1379921136391567,87.9,0,0
bidmc_20,115,0.6763076923076923,0.0050745915392217,0.4211428571428571,0.3764335364652147,0.1347119600199828,0.0852580859928203,0.1348748538519735,87.9,0,0
bidmc_20,120,0.6843076923076924,0.0115783924444472,0.5046153846153845,0.395748626125822,0.1198234868740688,0.0842565078457393,0.068181881355495,88.5,0,0
bidmc_20,125,0.6873846153846153,0.0101491830784434,0.4812307692307692,0.4071551696965042,0.1123023974903399,0.0880458142338976,0.0684033583091965,88.3,0,0
bidmc_20,130,0.6769230769230768,0.0059025618748463,0.1142857142857143,0.4000582488694119,0.1077142655079698,0.0874771495705223,0.065943089267981,87.5,0,0
bidmc_20,135,0.6685714285714287,0.0312357722713518,0.1165714285714285,0.3756034237787106,0.1238033258997406,0.0851825828743921,0.0743386940844034,88.0,0,0
bidmc_20,140,0.6923076923076923,0.0097300851082103,0.3533333333333333,0.3997346890232985,0.1166014594856889,0.0876375131525761,0.068206843507676,88.6,0,0
bidmc_20,145,0.6898461538461539,0.0094936914587947,0.5809230769230769,0.3968500410578182,0.1085204113411049,0.0874452952850024,0.0661489453233422,87.7,0,0
bidmc_20,150,0.6849230769230767,0.0059025618748463,0.5741538461538461,0.3955772292409916,0.1122436025981584,0.0844228629407964,0.0682252983020842,87.0,0,0
bidmc_20,155,0.6892307692307692,0.0069076751755826,0.6209230769230769,0.3972385324591739,0.1240824373977592,0.0842051121701378,0.0732696803668509,87.5,0,0
bidmc_20,160,0.6849230769230767,0.0073846153846153,0.6695384615384616,0.407480682313936,0.1227595721366691,0.0867178908557661,0.0744433615748334,87.4,0,0
bidmc_20,165,0.6867692307692307,0.008210254808693,0.6707692307692307,0.4028039596246189,0.1248091599527121,0.0873031905950492,0.0739571702078562,87.4,0,0
bidmc_20,170,0.6702857142857142,0.0388613443106726,0.5686153846153845,0.3833776966272834,0.1236868375732441,0.0849236285879195,0.0747627882574863,87.5,0,0
bidmc_20,175,0.6805714285714285,0.01109513590797,0.5418666666666666,0.3898630890711232,0.1153200568333708,0.090365494675071,0.0678301005891025,87.8,0,0
bidmc_20,180,0.691076923076923,0.0049994082490067,0.683076923076923,0.3942285501627686,0.1124255163017222,0.0858773365770283,0.0657605554913742,88.1,0,0
bidmc_20,185,0.686153846153846,0.0071235919401785,0.5298461538461537,0.4045628642152783,0.1037396305051385,0.0861610836368265,0.0604271303426434,87.4,0,0
bidmc_20,190,0.6794285714285714,0.0047466422073817,0.4719999999999999,0.4056306806252694,0.1060849813807084,0.0891325336293631,0.0643324606314886,87.3,0,0
bidmc_20,195,0.6775384615384615,0.0048455433070841,0.533142857142857,0.4049517611142277,0.1187223105412799,0.0875879959918372,0.0741742376363205,87.8,0,0
bidmc_20,200,0.668,0.032531303605692,0.3468571428571428,0.3922470421217211,0.1333311850799881,0.0872322263012414,0.0817237500472236,88.4,0,0
bidmc_20,205,0.688,0.0088752031396036,0.5153333333333333,0.4039914273026594,0.1276086702232196,0.0875406828931367,0.0763653443383099,88.7,0,0
bidmc_20,210,0.6892307692307692,0.0061538461538461,0.4502857142857142,0.3989918734466338,0.1107614189132012,0.0860049032482796,0.0662159372352591,88.0,0,0
bidmc_20,215,0.6867692307692307,0.0061538461538461,0.3045714285714286,0.3985359407664499,0.1087806580017778,0.083577398028349,0.0650637989221941,87.2,0,0
bidmc_20,220,0.6836923076923077,0.0067412007077558,0.168,0.4033529324337269,0.1157566548230598,0.0868485969895913,0.066814211758425,87.1,0,0
bidmc_20,225,0.6861538461538461,0.0071235919401785,0.2062857142857142,0.3988037269069386,0.1191657941577587,0.0867069527597573,0.0717568667824721,87.6,0,0
bidmc_20,230,0.6855384615384614,0.0057728193967057,0.1577142857142857,0.3942826176811159,0.1224432212823798,0.0847532977598226,0.0746691284195491,87.7,0,0
bidmc_20,235,0.686153846153846,0.0071235919401785,0.2178461538461538,0.3889664906758483,0.112325528096679,0.0835572832043659,0.0691838263478578,87.6,0,0
bidmc_20,240,0.6904615384615383,0.0057728193967057,0.5006666666666666,0.400337553646168,0.110452169464124,0.0874984854529444,0.0657839217073435,87.6,0,0
bidmc_20,245,0.686153846153846,0.0071235919401785,0.6676923076923077,0.4035166556142228,0.1211104680303021,0.0876537618696848,0.0734610094884104,87.2,0,0
bidmc_20,250,0.6787692307692306,0.0052937386258723,0.6203076923076923,0.396890600511263,0.1202357271756623,0.085093807212619,0.0730368738473956,87.2,0,0
bidmc_20,255,0.6759999999999999,0.0058554004376911,0.6194285714285713,0.3906461450578537,0.1111650757982989,0.0948759808375353,0.0678340577993467,87.9,0,0
bidmc_20,260,0.6763076923076923,0.0067412007077558,0.6633846153846152,0.4038176367093684,0.118120287466504,0.0888937265688222,0.0713444524400205,88.7,0,0
bidmc_20,265,0.6855384615384617,0.0072813289638148,0.6732307692307692,0.3972913867408825,0.1295005504664618,0.0849016205928823,0.075155944014198,88.9,0,0
bidmc_20,270,0.686153846153846,0.0071235919401785,0.5733333333333333,0.3648033835388696,0.1078024416509517,0.0867307007755952,0.0731066650617774,88.1,0,0
bidmc_20,275,0.6824615384615383,0.0301601249349977,0.3542857142857142,0.3408184233652047,0.1085101420540743,0.0858330666257974,0.0688476929120793,87.7,0,0
bidmc_20,280,0.6843076923076923,0.003988148122097,0.4233846153846153,0.4043829307541,0.1195829248374508,0.0855403320102903,0.0717099876003703,88.0,0,0
bidmc_20,285,0.6834285714285714,0.0078350338290297,0.4914285714285714,0.3918721435784668,0.1297154479385813,0.0869012017837218,0.0765326797471811,87.7,0,0
bidmc_20,290,0.6738461538461539,0.0071235919401785,0.344,0.3926096394566293,0.1236891057190515,0.0869014297063134,0.076524357997913,87.5,0,0
bidmc_20,295,0.6781538461538462,0.0083927271981451,0.4221538461538461,0.403784293669488,0.1224436530695459,0.0859636157000493,0.0713830085006916,88.2,0,0
bidmc_20,300,0.6919999999999998,0.0076594168620506,0.5329230769230768,0.4068523740504463,0.1225064471416748,0.0973340027152916,0.0724717168476268,88.6,0,0
bidmc_20,305,0.691076923076923,0.0101864279121518,0.3999999999999999,0.4006286383074987,0.1095185886572299,0.0869585937564532,0.0685544296005148,87.5,0,0
bidmc_20,310,0.6799999999999998,0.0044376015698018,0.1074285714285714,0.3991701995309263,0.106983880843173,0.097156824693818,0.0656258650598312,86.9,0,0
bidmc_20,315,0.677142857142857,0.0048822878544671,0.1062857142857142,0.404136521799704,0.1136652318384777,0.0879089672613896,0.0682463498438954,87.6,0,0
bidmc_20,320,0.683076923076923,0.0080236337294801,0.4763076923076922,0.4083567049009612,0.1206666611752553,0.0881494305150653,0.0716539750568986,88.4,0,0
bidmc_20,325,0.6867692307692307,0.0042635096801695,0.582153846153846,0.4050086092868438,0.1280583654693149,0.0849416129475601,0.0746702926861839,88.4,0,0
bidmc_20,330,0.6748571428571427,0.0346881147674884,0.4701538461538461,0.3846461870708294,0.1234318873115386,0.0846516264100142,0.0725680368593459,87.7,0,0
bidmc_20,335,0.6873846153846153,0.034008004626826,0.5163076923076922,0.406134970592482,0.1045414744240259,0.093229314792439,0.0621986612270558,87.6,0,0
bidmc_20,340,0.6929230769230769,0.0189674277014429,0.6196923076923077,0.3405148660315035,0.1001723404902087,0.0895811155933077,0.0606483727160449,87.5,0,0
bidmc_20,345,0.6861538461538461,0.0118051237496928,0.6695384615384616,0.4045287051225049,0.0944894276556769,0.0856023608365103,0.0558115798628546,87.1,0,0
bidmc_20,350,0.6771428571428572,0.0057427860692119,0.6664615384615384,0.4050626649165513,0.098861462979841,0.0879117211115372,0.0599972351261864,87.2,0,0
bidmc_20,355,0.6793846153846153,0.0058380510649262,0.6719999999999999,0.4025227683278958,0.1068669738981892,0.0866973695960688,0.0696607525057578,88.2,0,0
bidmc_20,360,0.6849230769230767,0.0073846153846153,0.6695384615384614,0.3918082659979084,0.1094387143355184,0.0837318494413656,0.0636357478297957,88.6,0,0
bidmc_20,365,0.6805714285714286,0.0087970310390517,0.6676923076923077,0.3938175563469644,0.1075992595302992,0.0881160491919337,0.0668910779118235,87.9,0,0
bidmc_20,370,0.6738461538461539,0.0055725447003922,0.5279999999999999,0.3856494311405155,0.1200131424977467,0.0860908205612493,0.0747318795509743,87.9,0,0
bidmc_20,375,0.6830769230769231,0.0091690242620007,0.5753846153846153,0.3918432523175466,0.1162932087330693,0.083491990102038,0.0716182543698632,88.6,0,0
bidmc_20,380,0.6946666666666665,0.0044221663871405,0.6344615384615383,0.4038534082304234,0.1199269208905882,0.0860875702022301,0.0710430583629583,88.3,0,0
bidmc_20,385,0.6916923076923076,0.0067412007077558,0.6399999999999999,0.4001710073324811,0.1221923428381508,0.0872701998979854,0.0761646265873777,86.9,0,0
bidmc_20,390,0.6836923076923076,0.0080706935683716,0.6326153846153845,0.3906227869836777,0.1279202676038952,0.0843449170212622,0.0752454995531902,86.5,0,0
bidmc_20,395,0.6781538461538461,0.0063952645202542,0.4462857142857142,0.3899578018336163,0.1365153248147473,0.0896100016257559,0.0789990047441592,87.4,0,0
bidmc_20,400,0.6793846153846153,0.0058380510649262,0.1548571428571428,0.3963842616282177,0.1245944525937218,0.087584585419784,0.075437506896658,88.2,0,0
bidmc_20,405,0.6781538461538461,0.0055725447003922,0.0125714285714285,0.3880616774620601,0.1156177749414754,0.0863412413796346,0.0701821643098609,88.2,0,0
bidmc_20,410,0.6799999999999999,0.0052372293656637,0.1085714285714285,0.4014031483741045,0.1143838736616164,0.086789582827605,0.06814598648836,88.1,0,0
bidmc_20,415,0.6849230769230767,0.0073846153846153,0.2074285714285714,0.3936083182865438,0.1144988247963119,0.0854763677126211,0.0742875259856071,88.1,0,0
bidmc_20,420,0.6799999999999998,0.0099227787671366,0.2097142857142857,0.3885015792045198,0.1124780346904787,0.0842330282723733,0.0678146394738544,88.0,0,0
bidmc_20,425,0.6679999999999999,0.0078558440484957,0.1554285714285714,0.3898257834319114,0.1120625096111878,0.086390726723688,0.0687569231562824,88.1,0,0
bidmc_20,430,0.6726153846153846,0.009651930548528,0.5156923076923076,0.3958781028130316,0.1211280607847305,0.0854371296696,0.0731625014798756,89.0,0,0
bidmc_20,435,0.683076923076923,0.0073846153846153,0.6257142857142856,0.3934590441730091,0.12086089105932,0.0857184661779871,0.0704011698326695,89.4,0,0
bidmc_20,440,0.6812307692307691,0.0069076751755826,0.6738461538461539,0.3942182474835571,0.1029794613909098,0.0859759690304621,0.0643158180486362,88.5,0,0
bidmc_20,445,0.675076923076923,0.0049994082490067,0.6652307692307692,0.3999168082371125,0.1090724778074755,0.1062073751084912,0.0642190780058765,88.2,0,0
bidmc_20,450,0.6771428571428572,0.0071599794777952,0.6627692307692308,0.3990981434814061,0.1182659439366188,0.08716044142147,0.0703485847951834,88.7,0,0
bidmc_20,455,0.688,0.0070164641544562,0.6701538461538461,0.3975368756652336,0.1178490612976187,0.0869758666851231,0.0734201168136646,88.8,0,0
bidmc_20,460,0.6873846153846153,0.0073331540232694,0.6701538461538461,0.3957272519205578,0.1145621088450448,0.0829960855049155,0.0679618388836273,87.9,0,0
bidmc_20,465,0.6812307692307691,0.0052937386258723,0.6732307692307692,0.3964667702673055,0.1224438843982503,0.0849413425501131,0.0703741889436636,87.3,0,0
bidmc_20,470,0.6763076923076923,0.0050745915392217,0.3428571428571429,0.4007183890251143,0.1175054882315782,0.0867817124090233,0.0738652028918009,87.7,0,0
bidmc_21,0,0.512,0.0037712361663282,0.0844444444444444,0.7726035263596728,0.1402330563447671,0.1877278589760378,0.0788528976929811,117.8,1,2
bidmc_21,5,0.5146666666666666,0.0037712361663282,0.0829473684210526,0.7693897957958429,0.1329176387494804,0.1841596824613423,0.0740907719137525,117.3,1,2
bidmc_21,10,0.516,0.004,0.087578947368421,0.7477350941309941,0.1333641913766673,0.1873930937712965,0.0764991536599983,117.0,1,2
bidmc_21,15,0.516,0.004,0.088,0.775592916847816,0.1378378637205952,0.1928578893135001,0.0779884798487895,116.6,1,2
bidmc_21,20,0.5115294117647059,0.0069799515172665,0.0933333333333333,0.7788827942748515,0.1369897997401495,0.1894480925135347,0.0759326496614696,116.3,1,2
bidmc_21,25,0.4985263157894736,0.0082293980150282,0.1023157894736842,0.7748167484484826,0.1332788309581921,0.19249511409838,0.077039213543971,117.5,1,2
bidmc_21,30,0.4875789473684211,0.0066039524805718,0.1072,0.7603389658629597,0.1209219492522819,0.1876347426709043,0.0711041134683151,120.4,1,2
bidmc_21,35,0.4833684210526315,0.003949823797746,0.1092,0.7517118489179195,0.1180962522617723,0.1860625357703433,0.0692408318385181,123.1,1,2
bidmc_21,40,0.488,0.0059628479399994,0.1124210526315789,0.7465747646175288,0.1220894905535409,0.18794445379466,0.0695810479772511,123.8,1,2
bidmc_21,45,0.4913684210526316,0.003949823797746,0.1174736842105263,0.7579999203926503,0.1220991148674475,0.1926230888423347,0.0726547716664358,122.8,1,2
bidmc_21,50,0.4896842105263157,0.0032614596599641,0.1212631578947368,0.7674480619425236,0.1144403761944383,0.189884828793019,0.0690146246599773,122.0,1,2
bidmc_21,55,0.487578947368421,0.0040822567220348,0.1264,0.7714321858235454,0.1124084100290798,0.1889159429325883,0.0674284419891614,122.3,1,2
bidmc_21,60,0.4853333333333333,0.0037712361663282,0.1288421052631579,0.7734341580868063,0.121049451212613,0.1937231242234219,0.070494704204032,123.1,1,2
bidmc_21,65,0.4863157894736841,0.0032614596599641,0.127578947368421,0.7750811011323682,0.1316949444912178,0.1950686376838575,0.0767005313090922,123.8,1,2
bidmc_21,70,0.4863157894736842,0.0032614596599641,0.126,0.7848341221533441,0.1331814165289506,0.192832648065485,0.0795492278540414,123.5,1,2
bidmc_21,75,0.4837894736842105,0.0039944559917916,0.126,0.7844014456531071,0.1314313192165909,0.1979879531896549,0.0780325263057629,123.3,1,2
bidmc_21,80,0.4804210526315789,0.0031508693783359,0.128,0.7750451401327609,0.1334955028105079,0.1954866013832776,0.0796660695954057,124.2,1,2
bidmc_21,85,0.48,0.0025955427380922,0.1312,0.7683118810122068,0.1415075322859712,0.1984052496544594,0.0850825273490006,124.9,1,2
bidmc_21,90,0.4853333333333334,0.0053333333333333,0.1296842105263158,0.7578321201519371,0.1498420383408671,0.1926359272567839,0.0870093966201988,124.7,1,2
bidmc_21,95,0.4913684210526315,0.003949823797746,0.127578947368421,0.7664687859813311,0.1549110562681893,0.1943127836332419,0.0895369547219917,123.6,1,2
bidmc_21,100,0.4884210526315789,0.0054898546570127,0.114,0.7688286900298664,0.1492392316134394,0.1898804190947223,0.0897479819938188,122.5,1,2
bidmc_21,105,0.4829473684210526,0.0038590111115417,0.1056,0.7629522565548559,0.1472881439511399,0.1894989210860464,0.0858779482414353,123.0,1,2
bidmc_21,110,0.4846315789473683,0.003949823797746,0.1044210526315789,0.764537352812109,0.1476643791500133,0.1930743787710901,0.0850603249495608,123.9,1,2
bidmc_21,115,0.4837894736842105,0.0039944559917916,0.1024,0.7709224342433314,0.1417133517865612,0.1922848990151769,0.0853045066164567,123.9,1,2
bidmc_21,120,0.4846315789473684,0.005392104620996,0.102,0.7688005928857208,0.1423647839469397,0.1886061190461123,0.0833521266619011,123.9,1,2
bidmc_21,125,0.4867368421052631,0.0046886436739621,0.1023157894736842,0.7670971774067797,0.1407929883170645,0.1926385921414381,0.0835093234489916,123.6,1,2
bidmc_21,130,0.4846315789473684,0.003949823797746,0.1342222222222222,0.7617354026272662,0.1093540502601135,0.1906624069659646,0.0753197668842062,123.4,1,2
bidmc_21,135,0.4867368421052631,0.0046886436739621,0.1308,0.7607562777298857,0.1087582160296039,0.1869546342010694,0.0705470982952612,123.8,1,2
bidmc_21,140,0.4933333333333333,0.0053333333333333,0.0997894736842105,0.7686429523275303,0.1357312675420939,0.187801829556302,0.0873813223582146,123.4,1,2
bidmc_21,145,0.4902222222222222,0.0069566559299993,0.1090526315789473,0.7813080090546635,0.1165617743159876,0.1947295054704524,0.0831500219754876,122.1,1,2
bidmc_21,150,0.4833684210526315,0.003949823797746,0.1237894736842105,0.780851716268882,0.0953852118138294,0.1947608558792032,0.0646497387011088,122.5,1,2
bidmc_21,155,0.4846315789473684,0.0047263040675039,0.1244,0.7776718059901273,0.1137849029150502,0.1910095386184293,0.0717957262546611,123.9,1,2
bidmc_21,160,0.4837894736842105,0.0039944559917916,0.1246315789473684,0.7784501079956638,0.1420855368731113,0.1969272737085395,0.0848785695291055,123.8,1,2
bidmc_21,165,0.4829473684210525,0.0038590111115417,0.1477894736842105,0.778611584404084,0.1482847792302562,0.1952275675835361,0.0894045655494519,123.9,1,2
bidmc_21,170,0.4842105263157894,0.0039944559917916,0.148,0.7785842643044342,0.1252652696286194,0.1903013490881452,0.0811910906145556,124.2,1,2
bidmc_21,175,0.4884444444444444,0.0056393677957553,0.128,0.77248311713257,0.1247959713935269,0.1894034327803372,0.0764899280706446,123.9,1,2
bidmc_21,180,0.4896842105263158,0.0041682083943628,0.1263157894736842,0.7762354623402883,0.1517235090259292,0.1939453820001124,0.091211228096497,123.1,1,2
bidmc_21,185,0.4901052631578947,0.0043757073033319,0.1258947368421052,0.7579361676563557,0.1564591699934888,0.1969821009932541,0.0919260126205914,122.6,1,2
bidmc_21,190,0.4913684210526316,0.003949823797746,0.1301052631578947,0.763606290957095,0.1536732707506446,0.1867108600780474,0.0912501279949639,122.4,1,2
bidmc_21,195,0.4926315789473685,0.0047263040675039,0.1336,0.7654276107350584,0.1468648491868892,0.1869995692115697,0.0904240801612088,122.1,1,2
bidmc_21,200,0.4924444444444444,0.0047868131618973,0.1216842105263158,0.76977572168899,0.1401644700911788,0.188275291384497,0.0826506008940242,122.1,1,2
bidmc_21,205,0.4928888888888889,0.0047245092501042,0.0964210526315789,0.7698264790312183,0.1470971617542439,0.1908123856022892,0.0831863500768999,122.0,1,2
bidmc_21,210,0.4922105263157894,0.0047636667364146,0.0884210526315789,0.7693585762927624,0.1539778888743635,0.1931472553805803,0.0924135991039209,121.8,1,2
bidmc_21,215,0.4913684210526316,0.003949823797746,0.0947368421052631,0.771459708612835,0.1535180935059443,0.2007131076239332,0.0916751885058067,122.1,1,2
bidmc_21,220,0.4926315789473683,0.003949823797746,0.1002105263157894,0.7805663517250965,0.1518857273295845,0.189942350505144,0.0906930946434267,122.1,1,2
bidmc_21,225,0.4901052631578947,0.0043757073033319,0.1972,0.7792256615895233,0.1605060617765331,0.1897914878829711,0.1359603930524453,121.7,1,2
bidmc_21,230,0.4879999999999999,0.0037712361663282,0.3069473684210526,0.7656506161341587,0.1398499347051699,0.1887631117906284,0.126324288414521,122.4,1,2
bidmc_21,235,0.4888421052631578,0.0035727500523109,0.1334736842105263,0.7631681536884745,0.0951948928358165,0.1937718471338544,0.0649921300956394,123.0,1,2
bidmc_21,240,0.4858947368421053,0.0043757073033319,0.1111578947368421,0.771308404811769,0.1075007460987378,0.1948205432071305,0.0690468737270825,123.0,1,2
bidmc_21,245,0.479578947368421,0.0048375264391899,0.11,0.775279681184758,0.1208740036193486,0.1981754541457928,0.0722522991489083,123.7,1,2
bidmc_21,250,0.4778947368421052,0.0035227790590908,0.112,0.7687148953886535,0.1217527705159885,0.1924236759187071,0.0726311638183542,125.2,1,2
bidmc_21,255,0.4842105263157894,0.0047636667364146,0.108,0.7598543323205416,0.1240563696648561,0.2318371754215242,0.0749590879468244,125.4,1,2
bidmc_21,260,0.4902222222222222,0.0035832256659104,0.1124210526315789,0.7586594243457778,0.1332322271832421,0.1869507328028852,0.0784038128617849,124.0,1,2
bidmc_21,265,0.4863157894736842,0.0061306188541309,0.1284210526315789,0.7685165711345945,0.1208499080271688,0.1916941421319595,0.0752563901613843,122.7,1,2
bidmc_21,270,0.479578947368421,0.0031508693783359,0.134,0.7670116542991244,0.1059774772019164,0.1912654518735722,0.0844256019574273,123.3,1,2
bidmc_21,275,0.4775999999999999,0.0036660605559646,0.154,0.7745291904822729,0.1119814900260422,0.1938771114248082,0.0917819702193205,125.0,1,2
bidmc_21,280,0.4762105263157895,0.0039944559917916,0.1312,0.7681687737492879,0.100239791592332,0.1930683360773425,0.0714178536177663,125.8,1,2
bidmc_21,285,0.4772,0.0038157568056677,0.1324,0.7764881565337058,0.1174163848439698,0.1932780961792355,0.0761099158572261,126.0,1,2
bidmc_21,290,0.4778947368421052,0.0035227790590908,0.1352,0.7720048382153324,0.1175741768902517,0.1913462342369002,0.0803403665359369,125.8,1,2
bidmc_21,295,0.4764,0.0039799497484264,0.138,0.7779016975025981,0.1271214202895427,0.1937129242726137,0.079934848057028,125.7,1,2
bidmc_21,300,0.4770526315789474,0.0038590111115417,0.1393684210526316,0.7785258459778049,0.1393983512627653,0.1925750428121712,0.0865708768858997,125.9,1,2
bidmc_21,305,0.4774736842105263,0.0037186361542433,0.1276,0.7827820688743464,0.1285608503838524,0.1935973710142409,0.0832075627837694,125.7,1,2
bidmc_21,310,0.4762105263157895,0.0039944559917916,0.1344,0.7763047768568213,0.1334801257815783,0.1915319891284617,0.082714001270123,125.7,1,2
bidmc_21,315,0.4753684210526316,0.003949823797746,0.1368,0.7743883935122409,0.1426812496839989,0.1946019893406449,0.0889526005379244,126.0,1,2
bidmc_21,320,0.4757894736842105,0.0039944559917916,0.12,0.7747693950135025,0.1337984011866718,0.1917524625911733,0.085564291129195,126.0,1,2
bidmc_21,325,0.4757894736842105,0.0039944559917916,0.144,0.7701539117654246,0.137242816845253,0.1924543148287152,0.0822648381532248,126.0,1,2
bidmc_21,330,0.4753684210526316,0.003949823797746,0.1152,0.7737737134619909,0.1433118259078686,0.1925140187870094,0.0868056878400598,126.0,1,2
bidmc_21,335,0.4751999999999999,0.003919183588453,0.114,0.7836760613129218,0.1508952854099542,0.1960801532584229,0.0903218613118709,126.1,1,2
bidmc_21,340,0.4770526315789474,0.0038590111115417,0.114,0.7788912056130235,0.1321910573669161,0.1940073577043886,0.0825831498394376,126.2,1,2
bidmc_21,345,0.4774736842105263,0.0037186361542433,0.1136,0.7705820439345878,0.1274113636316282,0.193850125841084,0.077911477996391,126.0,1,2
bidmc_21,350,0.4778947368421052,0.0043757073033319,0.1166315789473684,0.7734419766456464,0.1376459999998755,0.1916337589011607,0.081947616155319,125.9,1,2
bidmc_21,355,0.479578947368421,0.0040822567220348,0.148,0.7729573205070828,0.1330440059745406,0.1896943897750167,0.0806180847743169,125.6,1,2
bidmc_21,360,0.4816842105263157,0.0049102752798697,0.1330526315789474,0.7665050869787865,0.1228577455861362,0.1920701362072423,0.0771345992436214,125.1,1,2
bidmc_21,365,0.4842105263157894,0.0039944559917916,0.1352,0.7705297659540334,0.1238512048935664,0.1941353848218638,0.0796292890740328,124.6,1,2
bidmc_21,370,0.4846315789473684,0.003949823797746,0.134,0.7757683146699801,0.1363261750092694,0.1896376954332993,0.0820149630761787,124.1,1,2
bidmc_21,375,0.4837894736842105,0.0039944559917916,0.1309473684210526,0.7739006057041427,0.1520470043058006,0.1929682626878754,0.094850873684414,124.0,1,2
bidmc_21,380,0.4829473684210526,0.0038590111115417,0.1292,0.7646778777535229,0.1559070186600112,0.1925241754181928,0.1018481514937092,124.0,1,2
bidmc_21,385,0.4821052631578947,0.0035227790590908,0.134,0.7613962844338815,0.1580047972615913,0.2014311648881011,0.0961993737675334,124.1,1,2
bidmc_21,390,0.4808421052631579,0.0035727500523109,0.1376842105263158,0.7539708123634776,0.1532583483270077,0.1900995516955095,0.0916058952643841,124.3,1,2
bidmc_21,395,0.48,0.0036706517419289,0.14,0.760814497825267,0.1568606800558592,0.2135066240866165,0.099230434154111,124.7,1,2
bidmc_21,400,0.48,0.0036706517419289,0.1418947368421053,0.7653240594848936,0.155711400175416,0.1942876612005814,0.0978251055843859,125.0,1,2
bidmc_21,405,0.4783157894736842,0.0032614596599641,0.1412,0.7608558042805837,0.1569247374682007,0.1902150267088995,0.0952866873828695,125.0,1,2
bidmc_21,410,0.4776000000000001,0.0036660605559646,0.1256,0.7713235035524624,0.1792170990962431,0.1942770706753291,0.1072442991146159,125.5,1,2
bidmc_21,415,0.4770526315789473,0.0038590111115417,0.1104,0.7749303278277153,0.1620466423487566,0.192816403541128,0.0989057759831479,126.0,1,2
bidmc_21,420,0.4751999999999999,0.003919183588453,0.1076,0.7701651565323424,0.1507577456493962,0.1957856146735626,0.0895630312902664,126.0,1,2
bidmc_21,425,0.4724210526315789,0.0040822567220347,0.1316,0.7594333546950404,0.1522272270383817,0.1968890670689562,0.0873349309862469,126.4,1,2
bidmc_21,430,0.4704,0.0040792156108742,0.1344,0.7763921108669527,0.1552425619362838,0.1948795015539137,0.0940358885679552,127.1,1,2
bidmc_21,435,0.4695999999999999,0.0036660605559646,0.1364,0.7781173668775,0.1524145977724032,0.1974714761587803,0.0897075902437172,127.7,1,2
bidmc_21,440,0.471157894736842,0.0024551376399348,0.1636,0.7759374615748488,0.1221748501242596,0.1936893724588069,0.0741769376811602,127.8,1,2
bidmc_21,445,0.4688,0.003919183588453,0.144,0.7810704295851598,0.1120928926595365,0.1948601924931673,0.0707717667656873,127.6,1,2
bidmc_21,450,0.4668,0.0038157568056677,0.128,0.7854231389642278,0.1203917830702005,0.2004183952977298,0.075204748799011,127.8,1,2
bidmc_21,455,0.4661052631578947,0.0035227790590908,0.1296,0.7701125254569068,0.1081796457277729,0.1936340328049649,0.071224716921366,128.4,1,2
bidmc_21,460,0.466,0.0034641016151377,0.1314285714285714,0.7706652561067618,0.1191926009989589,0.1923177419564229,0.0743600282775318,128.9,1,2
bidmc_21,465,0.4683999999999999,0.0039799497484264,0.1344,0.7802856698869133,0.1250462015275815,0.2012410692217194,0.082427179618144,128.8,1,2
bidmc_21,470,0.4703157894736842,0.0032614596599641,0.1616,0.7763088359339914,0.1172152288327542,0.1940251406060658,0.0780265094375818,128.3,1,2
bidmc_22,0,0.7413333333333334,0.0067986926847903,0.6504615384615384,0.5216401719815196,0.1151289959964147,0.1005421881813135,0.0706487296302715,81.9,0,0
bidmc_22,5,0.7486666666666667,0.0051207638319124,0.6553333333333332,0.5254540807704043,0.1154326495164483,0.0970715034598622,0.0683211468254302,81.5,0,0
bidmc_22,10,0.7546666666666666,0.0059628479399994,0.6619999999999999,0.5245413649511421,0.117209874023087,0.0973662755621486,0.071322192388425,80.4,0,0
bidmc_22,15,0.7479999999999999,0.0140475383371369,0.6610909090909091,0.5240991932165683,0.1186910240169876,0.1009555250631942,0.0754798423351021,79.9,0,0
bidmc_22,20,0.7353333333333333,0.0076303487615064,0.6619999999999998,0.5215287424583728,0.1243997989644632,0.0974715167690388,0.0744923294561263,80.1,0,0
bidmc_22,25,0.7473333333333333,0.0110554159678513,0.6633333333333332,0.5254821994276846,0.1252281317470181,0.1004741449654057,0.0752399280702757,80.9,0,0
bidmc_22,30,0.7413333333333334,0.0212498366006789,0.602,0.5314304877599818,0.1118178971298842,0.1052053915626078,0.0791818459777344,80.8,0,0
bidmc_22,35,0.700923076923077,0.0250121863789557,0.5778461538461538,0.525137610498611,0.0772897061761451,0.1016801333117817,0.0682257018514793,81.0,0,0
bidmc_22,40,0.6754285714285714,0.0049815987926178,0.6588571428571429,0.5246999977893367,0.0935415353616283,0.103211807969937,0.066189173530776,84.3,0,0
bidmc_22,45,0.6738461538461539,0.0033706003538779,0.6658461538461538,0.5242687047662159,0.1224859498407217,0.1015459756810566,0.0795911008820772,87.9,0,0
bidmc_22,50,0.6812307692307692,0.0069076751755826,0.6178461538461537,0.5219438802921202,0.1239868591508249,0.0987269082574471,0.0783824387304933,89.0,0,0
bidmc_22,55,0.6913333333333332,0.0051207638319123,0.6579999999999999,0.5194208261165492,0.1149877926421489,0.1017788119457856,0.0717549075291695,88.3,0,0
bidmc_22,60,0.6916923076923076,0.0039881481220971,0.6381538461538461,0.5223323674411227,0.1077344330824174,0.1027219056406708,0.0697477788415582,87.3,0,0
bidmc_22,65,0.7027692307692307,0.0128790458685885,0.6369230769230769,0.5234799019609889,0.1103305021123482,0.0998136439462793,0.0698762225072883,86.9,0,0
bidmc_22,70,0.7163076923076923,0.0067412007077558,0.6443076923076922,0.5260680152280774,0.112706900130467,0.0994009758233613,0.0729339371313089,85.8,0,0
bidmc_22,75,0.7095384615384615,0.008527019360339,0.5999999999999999,0.5261642874058855,0.1103654215442648,0.0997835881150214,0.0700249106576906,84.4,0,0
bidmc_22,80,0.716923076923077,0.0131410193871154,0.598153846153846,0.521777950787466,0.1089570314134735,0.0999536126085657,0.0670259738655478,84.4,0,0
bidmc_22,85,0.728,0.005434929763894,0.6461538461538461,0.5212067381139992,0.108769914375408,0.1005476957599413,0.0686263332318342,84.1,0,0
bidmc_22,90,0.7246666666666667,0.0051207638319124,0.6506666666666666,0.520910291126483,0.1109239574200894,0.0999401501691993,0.0691489513376187,82.9,0,0
bidmc_22,95,0.7246666666666667,0.0051207638319124,0.6526666666666666,0.5261405978349863,0.1123513270578592,0.0975849644259577,0.0683382581190006,82.7,0,0
bidmc_22,100,0.7333333333333333,0.0067986926847903,0.6553333333333332,0.5298149872287682,0.1130041678120879,0.097885459160381,0.0692273607991946,82.9,0,0
bidmc_22,105,0.7393333333333333,0.0060736223860962,0.6553333333333332,0.5305204228044124,0.1117304744408295,0.1016680116747161,0.0693415059073549,82.1,0,0
bidmc_22,110,0.7406666666666667,0.0094985378991833,0.6546666666666666,0.5286258494142413,0.105670616013711,0.1026191269278867,0.0710331361094585,81.2,0,0
bidmc_22,115,0.7513333333333333,0.0105619863451699,0.6579999999999999,0.5311274600855436,0.1133726287215501,0.0990276525482518,0.0688987316016236,81.0,0,0
bidmc_22,120,0.7573333333333333,0.0059628479399994,0.6646666666666666,0.5365765535128199,0.1189480611424031,0.0997754765600746,0.0722092674728425,80.3,0,0
bidmc_22,125,0.7466666666666667,0.0075424723326565,0.6659999999999999,0.5391591280583496,0.1178024686785828,0.1030921012816863,0.0730043018304849,79.4,0,0
bidmc_22,130,0.7386666666666666,0.0082192186706253,0.6659999999999999,0.5277296647682767,0.1164620230758205,0.0987143387587925,0.0707141767193315,79.9,0,0
bidmc_22,135,0.7553333333333333,0.0174228457938293,0.6666666666666666,0.5330121609128177,0.1129450998412267,0.0998826559857154,0.0688323745126264,80.8,0,0
bidmc_22,140,0.7759999999999999,0.0048241815132442,0.6734545454545454,0.5355065057213644,0.1210865369158326,0.0995777471139793,0.0733614716578602,80.0,0,0
bidmc_22,145,0.7793333333333333,0.003944053188733,0.6773333333333332,0.5296951197399223,0.1164753999457125,0.1012601758578827,0.0725724608911506,78.2,0,0
bidmc_22,150,0.7759999999999999,0.0083557274858735,0.6756363636363635,0.5305379894833572,0.1153614486613134,0.1032953781752026,0.0686592687335804,77.2,0,0
bidmc_22,155,0.7613333333333334,0.007180219742846,0.6719999999999998,0.531539140100093,0.1128133757591648,0.0994280368376548,0.0684292355166964,77.3,0,0
bidmc_22,160,0.7556363636363636,0.0052444382188567,0.6523636363636363,0.5363922578216208,0.1125737979606639,0.099277570560221,0.0708705361383369,78.3,0,0
bidmc_22,165,0.7480000000000001,0.0083266639978645,0.6439999999999999,0.5364922147220242,0.109708824951853,0.0992585623273563,0.0655614317359869,79.3,0,0
bidmc_22,170,0.7546666666666667,0.0127888840621672,0.6419999999999999,0.5362079270530038,0.1081861864785387,0.1034723932633432,0.0654158722755264,79.8,0,0
bidmc_22,175,0.770909090909091,0.0051425947722658,0.6479999999999999,0.5236884514218417,0.1094695308344875,0.0990997359360803,0.068667504186482,79.7,0,0
bidmc_22,180,0.7600000000000001,0.0134660065844827,0.6526666666666666,0.5265925606211695,0.1110292408732622,0.0994015679056643,0.0666924713574744,78.7,0,0
bidmc_22,185,0.7534545454545455,0.0095380923989847,0.6501818181818181,0.524951825608931,0.1100598502430465,0.0993890853537039,0.0678288231288886,78.5,0,0
bidmc_22,190,0.7526666666666667,0.0110554159678513,0.6499999999999999,0.5315158563773059,0.1097333166638797,0.0992291654591627,0.0656172238251276,79.5,0,0
bidmc_22,195,0.742,0.0066332495807108,0.6499999999999999,0.5338168334214387,0.1099053927100007,0.1029078514557834,0.0667831000026594,80.0,0,0
bidmc_22,200,0.7286666666666667,0.0124186240067981,0.6486666666666666,0.525829630409177,0.1090695843445896,0.10161521762305,0.068687803458041,80.7,0,0
bidmc_22,205,0.7316923076923078,0.013897341280783,0.6498461538461537,0.53004056838106,0.1087670952614768,0.1024932597314856,0.0654230324605844,81.9,0,0
bidmc_22,210,0.7346666666666666,0.0125786415094088,0.6513333333333332,0.5301317947765454,0.1099393940965344,0.1072510097029768,0.0671108083026545,82.1,0,0
bidmc_22,215,0.7166666666666667,0.006896053621859,0.6519999999999999,0.5281216592374434,0.1124203625982018,0.1004737421150523,0.0687971369718441,82.0,0,0
bidmc_22,220,0.7166666666666667,0.0124186240067981,0.6546666666666666,0.5367027608892355,0.1181728790596061,0.1322378124978848,0.069212045665395,83.0,0,0
bidmc_22,225,0.7433333333333333,0.0154775823549918,0.6599999999999999,0.5335393049560347,0.1143118384245135,0.0986888857261141,0.0692006771285518,83.5,0,0
bidmc_22,230,0.7526666666666667,0.0060736223860962,0.6666666666666666,0.521467626094646,0.1089149781103156,0.1089151068145662,0.0686107997413856,81.8,0,0
bidmc_22,235,0.7426666666666666,0.0085374989832438,0.6639999999999998,0.5387545719953807,0.1104200173846763,0.1122983184112645,0.0670017695003283,80.2,0,0
bidmc_22,240,0.7306666666666667,0.0067986926847903,0.6593333333333332,0.5356028739046629,0.1166481018433796,0.0990048759648015,0.0712403698315611,80.6,0,0
bidmc_22,245,0.7400000000000001,0.0100664459136943,0.6593333333333332,0.5333060965452305,0.1126785396697481,0.1332682426710969,0.0673821897628814,81.6,0,0
bidmc_22,250,0.734,0.0157056253191863,0.6653333333333332,0.528094657687518,0.1104865615003661,0.1011090744646937,0.0668050472533418,81.6,0,0
bidmc_22,255,0.7212307692307692,0.0116761021298524,0.6633846153846152,0.5279125307447992,0.1086885635592813,0.1011110218564691,0.0670953891752064,81.5,0,0
bidmc_22,260,0.7413333333333333,0.0202210011841374,0.6546666666666666,0.5313833342360907,0.1146996176900102,0.0984891418960222,0.069866351234347,82.3,0,0
bidmc_22,265,0.7566666666666667,0.0051207638319124,0.6466666666666666,0.5330071426364958,0.116550532401911,0.0986184092951589,0.0703788676711543,81.6,0,0
bidmc_22,270,0.75,0.0108934230922454,0.6499999999999999,0.5279514789258344,0.1090829326075531,0.1020703819114871,0.0682878702838433,79.7,0,0
bidmc_22,275,0.7396923076923076,0.0111450894007845,0.6424615384615383,0.5342954821814241,0.1037470370447463,0.1024076445071229,0.0661658759256061,79.7,0,0
bidmc_22,280,0.746,0.0113724814061546,0.6346666666666666,0.5301033290312761,0.1132175534177212,0.0988472588846511,0.0670972181222945,80.7,0,0
bidmc_22,285,0.7586666666666666,0.0097068131857073,0.6413333333333332,0.5274632885121943,0.1214938178933807,0.0993967811162624,0.0742450191481929,80.4,0,0
bidmc_22,290,0.73,0.0281187956119508,0.6439999999999999,0.5250782985440771,0.110108888165989,0.1018907846431612,0.0724037620353844,79.6,0,0
bidmc_22,295,0.702153846153846,0.0083927271981451,0.643076923076923,0.5238002502020762,0.1080914516599047,0.1008840589756407,0.0657188595793279,81.2,0,0
bidmc_22,300,0.7156923076923077,0.0152486297764478,0.6436923076923076,0.5271820021262391,0.1128607766984262,0.1008120807475789,0.0679960272700388,84.2,0,0
bidmc_22,305,0.7298461538461538,0.0071235919401786,0.6516923076923077,0.5241093017937554,0.111109404738321,0.1124577992998345,0.0685722403824884,84.4,0,0
bidmc_22,310,0.738,0.0098657657246325,0.6533333333333332,0.5388141473144453,0.1148077295483282,0.09889344104813,0.0691620878823527,82.8,0,0
bidmc_22,315,0.7406666666666667,0.0076303487615064,0.6546666666666666,0.5347506085180384,0.1130049053128584,0.0993522395508652,0.0687921919628795,81.7,0,0
bidmc_22,320,0.7393333333333333,0.006896053621859,0.6499999999999999,0.5369651928251901,0.1116774495965961,0.1025991309059613,0.0671321694868015,81.1,0,0
bidmc_22,325,0.7406666666666667,0.0076303487615064,0.6153846153846153,0.5345560844315879,0.1134729595019548,0.102696046308546,0.0736739118981091,81.0,0,0
bidmc_22,330,0.7292307692307692,0.0069076751755826,0.6553846153846153,0.5356496040092477,0.1060252210348138,0.1037927148564175,0.067687765750195,81.1,0,0
bidmc_22,335,0.7346666666666667,0.0107496769977314,0.6573333333333332,0.5268819895545072,0.1100471328702174,0.0982756267948923,0.0677998917610633,81.6,0,0
bidmc_22,340,0.7513333333333333,0.006896053621859,0.6646666666666666,0.5319227869760834,0.1136584661400422,0.1002748731349478,0.070415396775281,81.8,0,0
bidmc_22,345,0.7393333333333333,0.0177263144004111,0.6673333333333332,0.5339698323891866,0.1093269558032282,0.1027721765897717,0.0685496135576911,80.8,0,0
bidmc_22,350,0.7163076923076923,0.0111450894007845,0.6639999999999999,0.5325005225995624,0.1067241405281019,0.1019331260961225,0.0651773698093553,80.9,0,0
bidmc_22,355,0.7261538461538461,0.0177930243628319,0.6652307692307692,0.5334701108273397,0.1126920959494077,0.1026003901676553,0.0686180166447555,82.8,0,0
bidmc_22,360,0.7473333333333333,0.006896053621859,0.672,0.5273404002092911,0.1228940692785676,0.0975926196591698,0.0756014306688505,82.9,0,0
bidmc_22,365,0.7346666666666666,0.0125786415094088,0.6479999999999999,0.5322063575786172,0.1115316839835667,0.0982898816970163,0.0684622859361537,81.3,0,0
bidmc_22,370,0.7320000000000001,0.0110754984838907,0.6339999999999999,0.5295873160780256,0.1052223738395955,0.1019920917134874,0.0631717741951649,81.2,0,0
bidmc_22,375,0.7493333333333333,0.0094280904158206,0.6433333333333332,0.5348978173542934,0.1080284189798801,0.1035069365331699,0.0688075540516243,81.7,0,0
bidmc_22,380,0.75,0.0066332495807108,0.6433333333333332,0.5290810013400421,0.1104885158653367,0.0989835396161132,0.0692891150450855,80.9,0,0
bidmc_22,385,0.7413333333333334,0.0075424723326565,0.6439999999999999,0.5233908331487787,0.1042465981398261,0.0980818772474225,0.0642005318405487,80.3,0,0
bidmc_22,390,0.7519999999999999,0.0108320512061812,0.6493333333333332,0.5345884260000154,0.1087120338897388,0.1041405916833003,0.0672906049148803,80.7,0,0
bidmc_22,395,0.7566666666666667,0.0051207638319124,0.6566666666666666,0.5372518650864542,0.112661230610623,0.0992861621615165,0.0699351954592323,80.3,0,0
bidmc_22,400,0.742,0.0098657657246325,0.6573333333333332,0.5350104329785283,0.1111844226305801,0.0992555954074546,0.0670465492651546,79.6,0,0
bidmc_22,405,0.7413333333333333,0.0114697670227235,0.6459999999999999,0.535517801272644,0.1107328834561821,0.1051621740729148,0.0660233428763804,80.3,0,0
bidmc_22,410,0.7614545454545454,0.0101297369288611,0.6494545454545454,0.5415899981865183,0.1203221862393267,0.1001150388442665,0.0722983522868769,80.8,0,0
bidmc_22,415,0.6702857142857143,0.1269664908387971,0.4171428571428571,0.5421479395156872,0.1142131645811016,0.1066959487076866,0.0708030944571887,82.3,1,3
bidmc_22,420,0.6325714285714286,0.1265801351407277,0.4297142857142856,0.5000853522094972,0.1125724370925269,0.1049923907980448,0.0706170319636315,88.1,1,3
bidmc_22,425,0.7486666666666667,0.0089193921068397,0.6553333333333332,0.5378520715888851,0.1155503252593704,0.0982763012397027,0.0708107012982512,88.6,0,0
bidmc_22,430,0.7526666666666667,0.003944053188733,0.6606666666666666,0.5346496147682811,0.1148375976602552,0.1061164449264456,0.0710872642513976,82.5,0,0
bidmc_22,435,0.7440000000000001,0.0122202018532155,0.6666666666666666,0.5312556851477679,0.1135768715895184,0.0987532924779037,0.0697797983166404,80.0,0,0
bidmc_22,440,0.7186666666666666,0.0145449494861809,0.6659999999999999,0.5327243181568045,0.1141722934992868,0.0994108878236037,0.0696937907010451,80.7,0,0
bidmc_22,445,0.7213333333333333,0.0159443476574685,0.6566666666666666,0.5290630617838855,0.1204474521870819,0.1013054809010274,0.0710812926741541,82.6,0,0
bidmc_22,450,0.746,0.0080829037686547,0.6566666666666666,0.5174558652444613,0.1209548668294472,0.1136197215958724,0.0738831921440311,83.1,0,0
bidmc_22,455,0.75,0.0034641016151377,0.6639999999999999,0.5319558733709667,0.1155280737387479,0.1018433240109479,0.073352677659154,81.3,0,0
bidmc_22,460,0.7546666666666666,0.0082192186706253,0.6693333333333333,0.5325877774535669,0.1137556112598491,0.0986566556219323,0.0683522434827217,80.1,0,0
bidmc_22,465,0.754,0.013114877048604,0.6639999999999998,0.5359572493036284,0.1199974952585294,0.0994099018676088,0.073744159722038,79.7,0,0
bidmc_22,470,0.73,0.0135154232884755,0.6406666666666666,0.5382018392960835,0.1154329126774639,0.1028633046561287,0.0754709551965603,79.6,0,0
bidmc_23,0,0.9235555555555556,0.0226623089493012,0.688,0.4742640302316488,0.3083218356410424,0.1110268718616249,0.1342062337724899,63.3,0,0
bidmc_23,5,0.9324444444444444,0.0185179259164441,0.6924444444444444,0.491884570595443,0.3140290896505875,0.0923014558246348,0.1381202832637629,63.9,0,0
bidmc_23,10,0.9457777777777778,0.0105174751699548,0.696,0.484241087000475,0.3585773934770397,0.0926630700450397,0.1565643424428016,64.2,0,0
bidmc_23,15,0.9502222222222222,0.0171902929829455,0.695111111111111,0.5253005572240372,0.3699788249354421,0.1059842552905015,0.1587996732914123,63.7,0,0
bidmc_23,20,0.8904000000000002,0.1026403429456468,0.6728,0.5181493409801917,0.2903471084560595,0.1482464268361975,0.1331024776429368,63.4,1,3
bidmc_23,25,0.8824000000000002,0.1131399133816179,0.6952,0.5550413147768565,0.1701417514861392,0.1797968321375465,0.0886533482772526,64.9,1,3
bidmc_23,30,0.9191111111111112,0.1238461809795113,0.6728888888888889,0.5397921570825059,0.2557382469079469,0.1477855507204853,0.1282172095705774,66.6,1,3
bidmc_23,35,0.952,0.0099777530313971,0.7007999999999999,0.541528121638734,0.3571300700465177,0.1061160859702112,0.161779019186529,66.2,0,0
bidmc_23,40,0.959111111111111,0.0058962218495207,0.6853333333333332,0.5588751948047668,0.3489008344734558,0.1065741983673337,0.1518634240682197,64.2,0,0
bidmc_23,45,0.9256,0.106375937128657,0.6416,0.5257074866968736,0.3475347387214532,0.1061470950015361,0.1469650710670314,63.0,1,3
bidmc_23,50,0.8472000000000002,0.2169003457811904,0.5776000000000001,0.5408646029450718,0.3356877493759754,0.1484603794140801,0.1472783920613659,65.0,1,3
bidmc_23,55,0.8544,0.2205679940517209,0.5905454545454544,0.542774149244397,0.3219543291657752,0.1438249371999201,0.1473804153813949,67.5,1,3
bidmc_23,60,0.9697777777777776,0.0050283148884376,0.6844444444444444,0.5628136360183428,0.3400175246476243,0.1055505993217185,0.1470145784650794,69.9,0,0
bidmc_23,65,0.7919999999999999,0.2462459967371873,0.6712727272727272,0.5746324459627986,0.3098817808689356,0.1647444174173231,0.1757586471538606,69.7,1,3
bidmc_23,70,0.7934545454545456,0.2505050765721719,0.8581818181818182,0.6055218046175498,0.3114034894963282,0.1744013039167826,0.1832038039677444,67.3,1,3
bidmc_23,75,0.8736,0.161861175085318,0.6127999999999999,0.493770509468559,0.2735372944101958,0.1169731549283178,0.1406826273201807,65.2,1,3
bidmc_23,80,0.9715555555555556,0.1095679506172728,0.7013333333333334,0.6672596740498099,0.3254271865522484,0.1634742117271718,0.1374552405872405,64.8,1,3
bidmc_23,85,0.968,0.0933714208000618,0.7103999999999999,0.5627584022136395,0.3358590109889903,0.1849829894201095,0.154254758709996,72.1,0,0
bidmc_23,90,0.9617777777777776,0.0179986282056147,0.7244444444444444,0.5794816413208232,0.2708583592540096,0.1409359371986076,0.1388940158407099,78.0,0,0
bidmc_23,95,0.9555555555555556,0.0164864328808812,0.7484444444444445,0.5909363914812776,0.1957011126854914,0.115663846121138,0.1263461357834639,73.3,0,0
bidmc_23,100,0.9528888888888888,0.0102896328024801,0.7262222222222222,0.5809359926606288,0.2420048852911761,0.1080434935422676,0.1276743196845767,65.8,0,0
bidmc_23,105,0.9608888888888888,0.0102896328024802,0.703111111111111,0.5757767675559275,0.2439820618138891,0.1083490905532927,0.1297865381621798,63.0,0,0
bidmc_23,110,0.9573333333333331,0.0130639452948436,0.6991999999999999,0.5686549554755721,0.2226297473698432,0.1107563313016473,0.1294413654153017,63.0,0,0
bidmc_23,115,0.9742222222222224,0.0159009278399985,0.6915555555555555,0.5813634391677212,0.2989431096544195,0.1038534871949999,0.1327403907781017,62.7,0,0
bidmc_23,120,0.9456,0.110781947987928,0.6567999999999999,0.5451071236553952,0.344210075906341,0.0998005420047945,0.143416111659987,62.0,1,3
bidmc_23,125,0.9804444444444445,0.0131242871646519,0.6942222222222222,0.5735676944364596,0.3538784454848537,0.0999590168635092,0.1477093921262602,61.3,0,0
bidmc_23,130,0.984,0.0075424723326565,0.6968888888888888,0.5751073078597233,0.3505902427400407,0.1005296226580653,0.1468303993053521,61.0,0,0
bidmc_23,135,0.9768888888888888,0.0087995510547659,0.6995555555555555,0.5451927821649313,0.350816236858911,0.1005231545713465,0.1458607669541997,61.0,0,0
bidmc_23,140,0.9742222222222224,0.0082432164404406,0.6915555555555555,0.571197719569734,0.3615720734853941,0.1000749292898501,0.1538951521668877,61.3,0,0
bidmc_23,145,0.9724444444444444,0.0039752319599996,0.6767999999999998,0.5670061607399977,0.3328113431615103,0.0986972866492724,0.153721878014537,61.8,0,0
bidmc_23,150,0.96,0.0397324384686702,0.6702222222222223,0.5244657822478361,0.2963775593691332,0.0994292426863984,0.1382975150772952,62.0,0,0
bidmc_23,155,0.9742222222222224,0.006285393610547,0.68,0.5652460599532675,0.2669406763413088,0.1092052155173905,0.131958381659192,62.0,0,0
bidmc_23,160,0.9715555555555556,0.0131242871646519,0.6853333333333332,0.5735699128732107,0.2803271723188874,0.1077610484101779,0.1343971176260506,62.0,0,0
bidmc_23,165,0.9724444444444444,0.0085259227081115,0.6782222222222223,0.5595820358853414,0.3278326506146664,0.0991171208877248,0.1399562000701564,62.0,0,0
bidmc_23,170,0.9706666666666668,0.0065319726474218,0.6755555555555556,0.5615894499054731,0.3577890465518867,0.0999904556934499,0.1494210968423952,62.0,0,0
bidmc_23,175,0.9662222222222222,0.0090649235797205,0.6773333333333333,0.57564569507403,0.3532155107422822,0.1007088565804739,0.148132740570509,62.0,0,0
bidmc_23,180,0.9662222222222222,0.0134806674560916,0.6831999999999999,0.569469897603693,0.3290893639740236,0.0991629866808962,0.1528930560508639,62.0,0,0
bidmc_23,185,0.967,0.0062449979983984,0.6862222222222222,0.5405914354008684,0.3479884629902183,0.1045955260398383,0.148259111441868,62.0,0,0
bidmc_23,190,0.976,0.0065319726474218,0.6862222222222222,0.5579416304006666,0.3618373830519216,0.111482863835112,0.1520341266997961,62.0,0,0
bidmc_23,195,0.975111111111111,0.0045324617898602,0.6826666666666666,0.5638003607687029,0.35163043304373,0.1106257652149323,0.1460503382345639,62.7,0,0
bidmc_23,200,0.977777777777778,0.0050283148884376,0.6817777777777778,0.5600945731521663,0.3447093788029016,0.1113500303179356,0.1434994788929339,65.2,0,0
bidmc_23,205,0.9857777777777778,0.0111731600799791,0.6853333333333332,0.5676519435367011,0.3523382794153981,0.1012901743869579,0.1457851318674261,67.0,0,0
bidmc_23,210,0.9457777777777778,0.1282097047616198,0.6279999999999999,0.5483637510520926,0.3304749633982282,0.1034835832079509,0.154000776291705,64.8,1,3
bidmc_23,215,0.958222222222222,0.0768978800138033,0.6657777777777777,0.427899811236441,0.301826139104686,0.1079364930728227,0.1437066058810404,62.4,0,0
bidmc_23,220,0.9626666666666668,0.0436552147833197,0.6924444444444444,0.5138321822231715,0.3285669073320388,0.1075200069416933,0.1388783490733082,62.2,0,0
bidmc_23,225,0.975111111111111,0.0058962218495207,0.696,0.5665918212725101,0.3500478213252068,0.1033551587534054,0.1472971132422507,61.9,0,0
bidmc_23,230,0.975111111111111,0.0045324617898602,0.6666666666666666,0.5534005936097925,0.2831012400678617,0.1034227139894036,0.1377688745286773,61.8,0,0
bidmc_23,235,0.8036363636363636,0.2408799296244246,0.5498181818181819,0.5220553901843727,0.259691748154604,0.1642502500824733,0.1424309071631684,62.9,1,3
bidmc_23,240,0.9475555555555556,0.0612882281811136,0.6632,0.5538746634287002,0.2568728780437938,0.1687142434662548,0.1317789840305825,66.2,0,0
bidmc_23,245,0.9336,0.0398477100973192,0.5623999999999999,0.4413277508824158,0.206775710593708,0.0892087410852664,0.1306242619577161,68.9,0,0
bidmc_23,250,0.9555555555555556,0.0066518353542647,0.6195555555555555,0.4491149722962365,0.2711413042625883,0.0909415930038812,0.1437425316811779,66.6,0,0
bidmc_23,255,0.952,0.0075424723326565,0.6737777777777778,0.4783227363771367,0.3453695878393933,0.0925095379889985,0.1489370179491959,63.5,0,0
bidmc_23,260,0.9493333333333334,0.0065319726474218,0.6764444444444444,0.4826403209706059,0.3451496237883204,0.0887396925619546,0.1503023457930186,63.0,0,0
bidmc_23,265,0.9384,0.0411125285040947,0.6775999999999999,0.4170236189620939,0.3414563370574031,0.086040241420047,0.1550233335881065,63.0,0,0
bidmc_23,270,0.9573333333333331,0.0065319726474218,0.6782222222222223,0.4870745266964702,0.3509724844285202,0.0891329769390632,0.1514229559308718,63.0,0,0
bidmc_23,275,0.9644444444444444,0.0141665577337859,0.6808888888888889,0.4887663227222883,0.3485762644843392,0.0897029623732936,0.1474627910415335,62.8,0,0
bidmc_23,280,0.9644444444444444,0.0155999366886971,0.6799999999999999,0.4724855808283402,0.3311152142237495,0.0889962993375766,0.141089391888566,62.3,0,0
bidmc_23,285,0.9475555555555556,0.0076465113484823,0.6799999999999999,0.48143422025276,0.3246798157036006,0.0883000901054003,0.1474646363561065,62.3,0,0
bidmc_23,290,0.9392,0.003919183588453,0.6808,0.513120663067535,0.3470968416392916,0.1185727162532271,0.1588302582445431,63.2,0,0
bidmc_23,295,0.8488,0.1964956996984921,0.5803636363636363,0.5106405237960304,0.3021363562882389,0.1209696384046435,0.1423889116745871,63.9,1,3
bidmc_23,300,0.9502222222222222,0.0033259176771323,0.6222222222222222,0.4850463172466469,0.2873964081015407,0.0897317455426022,0.1342057235765528,63.9,0,0
bidmc_23,305,0.9502222222222222,0.0033259176771323,0.6855999999999999,0.4856641009574816,0.3297440045804619,0.0924939284225952,0.1478222714815391,63.4,0,0
bidmc_23,310,0.9439999999999998,0.0065319726474217,0.6888888888888888,0.4861259991877683,0.3501916249704035,0.0895036641472506,0.1510222585527758,63.0,0,0
bidmc_23,315,0.912,0.1097488040937121,0.6575999999999999,0.45951775393329,0.3519600962180431,0.087145167715903,0.1484936554387178,63.0,1,3
bidmc_23,320,0.9537777777777776,0.0082432164404406,0.6933333333333332,0.486668350373394,0.3519629893539297,0.0866555951397646,0.1524859559735843,63.0,0,0
bidmc_23,325,0.958222222222222,0.0073299655566536,0.692,0.4895223196177969,0.3461043596451557,0.1005523722304543,0.159988548238816,63.0,0,0
bidmc_23,330,0.951111111111111,0.0079504639199992,0.6933333333333332,0.4903125021197083,0.348151875414146,0.0906497757664713,0.1485855835563496,63.0,0,0
bidmc_23,335,0.952,0.0119256958799988,0.6924444444444444,0.4878178258084859,0.3494546305781738,0.0916935056536509,0.1459813874561418,63.0,0,0
bidmc_23,340,0.9653333333333332,0.0130639452948436,0.695111111111111,0.4888399621459451,0.3619916389316618,0.0908612330789216,0.1570383298455962,63.0,0,0
bidmc_23,345,0.9416,0.0451202836870514,0.6967999999999999,0.4549974886629258,0.3483843170245717,0.0910532310832061,0.1572639184410941,62.8,0,0
bidmc_23,350,0.952,0.0125077753595291,0.6808888888888888,0.4909848445290455,0.3526353204659914,0.0898100294276909,0.1495593526709462,62.8,0,0
bidmc_23,355,0.9546666666666666,0.0113137084989847,0.6702222222222223,0.4686857027714314,0.3496865497875216,0.1106979195988018,0.1457234786724935,65.1,0,0
bidmc_23,360,0.9439999999999998,0.0065319726474217,0.6728888888888889,0.463389861791901,0.3498598678653356,0.1085091600261612,0.147988644507026,68.1,0,0
bidmc_23,365,0.9424,0.006974238309665,0.6712,0.4918201970353726,0.3462630850466346,0.090330427010526,0.1534237261433116,67.7,0,0
bidmc_23,370,0.943111111111111,0.0087995510547658,0.6702222222222223,0.4872114595114782,0.354853174609705,0.0896725358352992,0.1516084744212404,65.2,0,0
bidmc_23,375,0.9502222222222222,0.0123807895797192,0.6728888888888889,0.4867372386784453,0.3597403285716933,0.0871941996985678,0.1513562827122681,63.8,0,0
bidmc_23,380,0.959111111111111,0.0174638957372342,0.6764444444444444,0.4966588696635304,0.3556815819894301,0.0896496891163146,0.1532759042690699,63.3,0,0
bidmc_23,385,0.952,0.0175271218401653,0.6784,0.502112210259541,0.3450559899021087,0.0915209916761423,0.1508651738716832,63.0,0,0
bidmc_23,390,0.9413333333333332,0.0106666666666666,0.6782222222222223,0.4918704764935877,0.3483113406289493,0.0901034354723642,0.1466272956885478,63.0,0,0
bidmc_23,395,0.952,0.0125077753595291,0.6817777777777778,0.4891753850389581,0.3602131938280382,0.0882924532475044,0.1514614254552116,63.0,0,0
bidmc_23,400,0.9475555555555554,0.0076465113484823,0.6847999999999999,0.4918296843872576,0.3529118937340439,0.0877504802399651,0.1555858188765529,63.0,0,0
bidmc_23,405,0.952,0.0151789327688082,0.6855999999999999,0.4868429848069528,0.3529061805789545,0.0969758382064437,0.1520378564531173,63.0,0,0
bidmc_23,410,0.9528888888888888,0.0102896328024801,0.6826666666666665,0.4959192906939337,0.3508469420682748,0.0904703628511055,0.1464606156295913,63.0,0,0
bidmc_23,415,0.952,0.0075424723326564,0.6862222222222222,0.4909615605072127,0.3563044725689084,0.0886725021642381,0.1505842724171827,63.0,0,0
bidmc_23,420,0.9404444444444444,0.0119917667228728,0.6887999999999999,0.4879448953030358,0.3516360479318577,0.0930299698890892,0.1550171556725721,63.2,0,0
bidmc_23,425,0.9424,0.0127999999999999,0.6895999999999999,0.496237059956658,0.3547106232473404,0.0920461572983448,0.1517241055425832,63.7,0,0
bidmc_23,430,0.9555555555555556,0.0131242871646519,0.6906666666666665,0.4924499491436019,0.3573146498603717,0.0917280237239067,0.1476955827506617,63.9,0,0
bidmc_23,435,0.9555555555555556,0.0164864328808812,0.695111111111111,0.4913589661620586,0.3641185931027729,0.0874047045734322,0.1537628763703922,63.4,0,0
bidmc_23,440,0.9416,0.0456841329128615,0.6991999999999999,0.4555301825402498,0.3504377543997145,0.0859489111397527,0.1551750778271062,63.0,0,0
bidmc_23,445,0.9564444444444444,0.0185179259164441,0.7004444444444444,0.4872223808935939,0.3513236500400049,0.0903215833294152,0.1484701814464394,63.0,0,0
bidmc_23,450,0.9484444444444444,0.0119917667228728,0.6906666666666665,0.4862843428556706,0.3488590511484144,0.0921147969972084,0.1449561968363744,63.0,0,0
bidmc_23,455,0.9653333333333332,0.0130639452948436,0.6737777777777777,0.4753239153006878,0.360734458510373,0.0887308537140589,0.1525427436010375,63.0,0,0
bidmc_23,460,0.959111111111111,0.0095736263237946,0.6696,0.4957039620346281,0.354149994559564,0.0873114310792599,0.1559888773763774,62.5,0,0
bidmc_23,465,0.9576,0.0088,0.6696,0.4963233631312166,0.3547731486376356,0.0921446862518116,0.1516450552382812,62.3,0,0
bidmc_23,470,0.959111111111111,0.0102896328024802,0.6737777777777777,0.4579944635637923,0.3573217481502094,0.0921688898630023,0.1488600480229664,62.7,0,0
bidmc_24,0,0.6213333333333334,0.0721282807842311,0.2617142857142857,0.337125340410476,0.1190143215961481,0.087622858468352,0.0691388167136078,95.9,0,0
bidmc_24,5,0.6165333333333333,0.1013389472129162,0.2517333333333333,0.3339098326593142,0.1215841147509724,0.0847969776622339,0.0682242601672966,96.0,1,3
bidmc_24,10,0.6117333333333332,0.0879207724159781,0.3142857142857143,0.3084107725437385,0.1339055712301345,0.0901076655359539,0.0772550322296566,97.1,0,0
bidmc_24,15,0.6272,0.0576,0.312,0.2684809619881975,0.1383029632206539,0.090676601775123,0.0788811790845847,96.6,0,0
bidmc_24,20,0.6197333333333332,0.0797792509922779,0.2037333333333333,0.3349973398774574,0.1253826291995544,0.0850365034130317,0.0693092724819706,96.0,0,0
bidmc_24,25,0.6229333333333333,0.0934262394738342,0.2954666666666667,0.3361871970550532,0.133380542557047,0.0849628156421489,0.0751080757836408,97.1,0,0
bidmc_24,30,0.6228571428571428,0.076486093173724,0.3701333333333333,0.3367958525191896,0.1490481916785178,0.0852007085383678,0.0819914387923907,96.8,0,0
bidmc_24,35,0.6170666666666665,0.0643899232972227,0.3263999999999999,0.3352343796898172,0.1488373438277738,0.0854800398229271,0.0823487702298643,96.2,0,0
bidmc_24,40,0.6165714285714285,0.0650952206778811,0.2617142857142857,0.3355255737086878,0.1504092296187366,0.084832244338669,0.0804492483615045,97.7,0,0
bidmc_24,45,0.6525714285714284,0.0755756142508134,0.3308571428571428,0.3391166511797717,0.1442606110228056,0.0847899565339439,0.0789565788421731,98.8,0,0
bidmc_24,50,0.6422857142857142,0.0749508682608895,0.3377142857142857,0.2871556880061417,0.1382809085583073,0.0851835326301481,0.0765740650091916,96.3,0,0
bidmc_24,55,0.6085333333333334,0.0630236639860157,0.2816,0.3344952415016634,0.136293312556407,0.0864180514582852,0.0740735696279632,94.0,0,0
bidmc_24,60,0.6222857142857142,0.0529088550128946,0.3285714285714285,0.3357655446590946,0.1437974707302065,0.0861633832749083,0.076783045602827,97.0,0,0
bidmc_24,65,0.6063999999999999,0.081385338564961,0.336,0.3129272985324656,0.1486488414752855,0.0880909423216857,0.0870510663148911,97.9,0,0
bidmc_24,70,0.6051428571428571,0.086141791038179,0.4026666666666666,0.3339664646862224,0.1510673158130035,0.0854126926974594,0.0860309569608798,97.4,0,0
bidmc_24,75,0.6491428571428572,0.0745489840333734,0.4177142857142856,0.2831593284056827,0.1462089071798523,0.0837943621366562,0.0784916708037288,97.3,0,0
bidmc_24,80,0.6382857142857142,0.1023686814351709,0.3167999999999999,0.3349270021603064,0.1549630775060953,0.0858130122437542,0.0845848563520947,94.5,1,3
bidmc_24,85,0.5957333333333332,0.0791348778282299,0.2724999999999999,0.3329201201902571,0.1517973880769421,0.0851418177838207,0.0839515024125466,93.7,0,0
bidmc_24,90,0.5965714285714286,0.0821824749181567,0.3029333333333334,0.3089035096862084,0.1422844091614424,0.088494600020602,0.0796708099677166,96.3,0,0
bidmc_24,95,0.6058666666666667,0.0933165699231504,0.356,0.3328543074473649,0.1409700814053406,0.0931316260511262,0.0794860996350395,98.7,0,0
bidmc_24,100,0.5946666666666667,0.0790161727468216,0.3219999999999999,0.3337935131880183,0.1460430049872872,0.0853381831972637,0.0790450063635144,98.4,0,0
bidmc_24,105,0.6330666666666667,0.0662837000241302,0.4063999999999999,0.3150918485648211,0.1409940884679289,0.0849210390823125,0.0768826803612162,99.1,0,0
bidmc_24,110,0.6131428571428572,0.088652497461281,0.4223999999999999,0.335227017984974,0.1330623071772398,0.0852242711802463,0.0752494365628132,98.0,0,0
bidmc_24,115,0.6021333333333333,0.075526478064907,0.2865,0.3345684879701724,0.1405477380618355,0.092706470477312,0.079166882156335,96.9,0,0
bidmc_24,120,0.5994666666666666,0.104571421632405,0.2592,0.3350480391349789,0.1475758957246842,0.0894952978045741,0.0841499265279272,99.2,1,3
bidmc_24,125,0.5973333333333333,0.1086220767411282,0.319,0.3350294628280911,0.1471256177782881,0.0890599315898425,0.0831434131787095,100.0,1,3
bidmc_24,130,0.6042666666666668,0.0965259665697382,0.2778666666666666,0.3342685914341024,0.1561658107234232,0.0854088833207832,0.0864821355989719,100.9,1,2
bidmc_24,135,0.6445714285714287,0.1007725262202765,0.3359999999999999,0.3395174065349458,0.1406046749634072,0.0853643833937264,0.0761018863834218,101.0,1,2
bidmc_24,140,0.6594285714285714,0.0879851564475624,0.4341333333333333,0.3351744873246921,0.1368867700638282,0.0907579218465338,0.0774834339212416,96.1,0,0
bidmc_24,145,0.6346666666666666,0.0916650908955469,0.3541333333333333,0.3075702521258831,0.1489261353378265,0.0897305094031726,0.0872191051106894,91.8,0,0
bidmc_24,150,0.6010666666666666,0.0748112885124223,0.2864,0.3325193936837766,0.1475373637725052,0.0856574901905519,0.0824365945712225,94.1,0,0
bidmc_24,155,0.5810000000000001,0.0526782687642636,0.1626666666666666,0.283219018022244,0.1377425547716614,0.0883819601669636,0.0761733417215928,98.6,0,0
bidmc_24,160,0.5983999999999999,0.0879854533431521,0.3322666666666666,0.3328494768433763,0.1294600135944491,0.0886773002309206,0.0766176859119015,101.8,1,2
bidmc_24,165,0.5915,0.1076835642054998,0.442,0.333580744257308,0.1266140000730759,0.0862059042553012,0.0766915580053881,102.4,1,2
bidmc_24,170,0.6159999999999999,0.0915641851380767,0.4068571428571428,0.3346299863409951,0.1352685950427918,0.0846063698392385,0.0778708021552261,100.6,1,2
bidmc_24,175,0.6394285714285715,0.0881797792545873,0.3897142857142857,0.3394157547018624,0.1350562864316562,0.0842671315689222,0.0734724606526019,98.8,0,0
bidmc_24,180,0.6188571428571427,0.078185545926576,0.3312,0.3355917407142451,0.1397456006558747,0.0909906960763536,0.0761902510130369,95.8,0,0
bidmc_24,185,0.6108571428571427,0.0841010082688473,0.3177142857142857,0.3336793852202867,0.1315455380132348,0.0944084589512612,0.0805672906385848,94.9,0,0
bidmc_24,190,0.6117333333333332,0.0761677680445533,0.3635,0.3330556296260291,0.1337322532250909,0.0856697109983478,0.0750454221495754,98.2,0,0
bidmc_24,195,0.636,0.0703785681663307,0.3959999999999999,0.3370561666845949,0.1373886687854305,0.0889436720961015,0.0756889855819165,98.8,0,0
bidmc_24,200,0.6228571428571429,0.0883037429580884,0.2949333333333334,0.3372109263508094,0.1294550142904851,0.0850408595456417,0.071823668798415,96.1,0,0
bidmc_24,205,0.5978666666666665,0.0793287393627863,0.3185,0.3122089814877177,0.1369802913750704,0.0875300014140359,0.0762478389543088,96.0,0,0
bidmc_24,210,0.6119999999999999,0.088298196066349,0.3525333333333333,0.332014777945145,0.1484508392592962,0.0850863942214153,0.0804190476728242,98.2,0,0
bidmc_24,215,0.6272,0.0952324874539496,0.2915,0.3329356441722596,0.1444222024607032,0.0849242046979146,0.0804625358206472,97.9,0,0
bidmc_24,220,0.6313846153846154,0.1008254687463886,0.3805714285714285,0.3314727297969222,0.1437713306941921,0.084491053052529,0.0828522869974807,95.9,1,3
bidmc_24,225,0.684923076923077,0.0940592788032849,0.4449230769230768,0.3278368402621531,0.1411292440841839,0.0893957575956169,0.0767854814963406,95.0,0,0
bidmc_24,230,0.6525714285714284,0.0749682926173404,0.3274285714285714,0.3369034050581458,0.139914575302293,0.090504299047783,0.0754236286177941,91.7,0,0
bidmc_24,235,0.6255999999999999,0.0812804199464217,0.3194666666666667,0.3387267701710122,0.1447142860194403,0.0873198232134995,0.0809024867371576,91.2,0,0
bidmc_24,240,0.6529230769230769,0.0806459131860348,0.4467692307692307,0.3378696070728891,0.1588519676151004,0.083068659575145,0.0882609609758369,94.5,0,0
bidmc_24,245,0.6445714285714285,0.1062488415302991,0.3989333333333332,0.3390909451124443,0.1551638987540816,0.0832165346766346,0.0854484162458588,94.1,1,3
bidmc_24,250,0.6074666666666667,0.1017591055166836,0.205,0.3342685496531205,0.139330710004616,0.0878799489493208,0.0769074819992052,92.8,1,3
bidmc_24,255,0.6048000000000001,0.0789153132583699,0.279,0.3316033817696434,0.1392843714707967,0.0875246578265654,0.0793617870240741,95.9,0,0
bidmc_24,260,0.5934999999999999,0.0793583643984677,0.3199999999999999,0.3367583534513951,0.1393118124775391,0.0871747653281612,0.0792251835725946,99.3,0,0
bidmc_24,265,0.6138666666666666,0.0838775827553994,0.3029333333333334,0.3363912557676403,0.1388973535464931,0.0872716078114298,0.0776022660142545,100.1,1,2
bidmc_24,270,0.628,0.1051692513454927,0.4218666666666666,0.3323085532656358,0.1476724548750478,0.0869830234969148,0.0822012315980767,98.5,1,3
bidmc_24,275,0.6074666666666666,0.100238293857964,0.2693333333333333,0.3342989312116189,0.1372037893662877,0.0854853358694516,0.0756169079689995,97.0,1,3
bidmc_24,280,0.6405714285714286,0.1006249857396364,0.3628571428571429,0.3323298862184795,0.1317946618316163,0.0900363273531695,0.0700670686735025,97.9,1,3
bidmc_24,285,0.6287999999999999,0.0753190546940148,0.4373333333333333,0.3350506017427723,0.1250343726137766,0.0861080411122277,0.0690584341834253,95.9,0,0
bidmc_24,290,0.6010666666666667,0.0905033823800095,0.339,0.3357947997439695,0.1307403070660876,0.0896992341906294,0.0749006445691261,94.1,0,0
bidmc_24,295,0.6308571428571429,0.1039497523826207,0.3828571428571428,0.3359243330416042,0.1470384480685654,0.083989462173226,0.0840576219900977,96.4,1,3
bidmc_24,300,0.6525714285714285,0.0807232611950185,0.4114285714285713,0.3342455784686076,0.1461067415406562,0.0837913505068173,0.0779383094639499,97.8,0,0
bidmc_24,305,0.6388571428571428,0.0810703901758546,0.3983999999999999,0.3357494689477428,0.1412506150936444,0.0867340706020698,0.0749081271300725,94.5,0,0
bidmc_24,310,0.5865,0.064604566402074,0.348,0.3345779958826325,0.1289323262051708,0.0879917403766405,0.073824981136337,93.3,0,0
bidmc_24,315,0.5936000000000001,0.0733910076235501,0.3115,0.3341774075827925,0.1398094972897163,0.0879094483924189,0.0781307088748099,98.4,0,0
bidmc_24,320,0.62,0.10770329614269,0.3954285714285714,0.3347927063995098,0.1466068420503391,0.0850851872580127,0.0804772594394114,101.2,1,2
bidmc_24,325,0.6633846153846152,0.1057351833312017,0.4617142857142856,0.3378234059421864,0.1491913764062697,0.0872819041868593,0.0801801752037763,99.2,1,3
bidmc_24,330,0.6646153846153845,0.0719289590354885,0.3963076923076922,0.3393769604671872,0.1344970593279811,0.0825710823365125,0.0747318838410504,93.8,0,0
bidmc_24,335,0.6502857142857142,0.0951595866887593,0.4308571428571427,0.3360594695594479,0.1419303810104694,0.084649441177648,0.0753408323094909,90.1,0,0
bidmc_24,340,0.6388571428571428,0.0746102799723404,0.4863999999999999,0.3369775642400239,0.1521556061035978,0.0852596895323083,0.081251714333664,92.3,0,0
bidmc_24,345,0.5835,0.0790680087013704,0.2870588235294117,0.3157649279514874,0.138567947267295,0.087067750934416,0.0796518966474442,94.6,0,0
bidmc_24,350,0.5695000000000001,0.0579115705191976,0.1989333333333333,0.3159296317888268,0.1363362687356973,0.0892677753863172,0.077485281639539,99.7,0,0
bidmc_24,355,0.6037333333333332,0.0616824844578174,0.283,0.3366146428324885,0.1467268934469203,0.0871420440601478,0.0782760561417828,104.5,1,2
bidmc_24,360,0.5994666666666665,0.0713431768909185,0.2865,0.3368792743555759,0.141246207994776,0.0850930776340805,0.0757086856338463,101.8,1,2
bidmc_24,365,0.589,0.0851762877801093,0.2965333333333333,0.3354561429308183,0.1484484488877654,0.087567469236181,0.0794364538678162,98.9,0,0
bidmc_24,370,0.6234285714285714,0.0996205044052637,0.3337142857142857,0.3368793526688289,0.1460066708809662,0.0846723292486187,0.0801880859530777,100.7,1,2
bidmc_24,375,0.6542857142857142,0.0839144364996943,0.4074285714285713,0.3376211109892532,0.1276561589517107,0.0836289854233337,0.0716725745557885,99.1,0,0
bidmc_24,380,0.6405333333333333,0.062888119351397,0.4554285714285713,0.3414360786632875,0.1390184261100054,0.0852123069064695,0.0806237581262559,93.8,0,0
bidmc_24,385,0.608,0.0584237394672177,0.3329999999999999,0.3409708830680789,0.1438773270321951,0.085658905029312,0.0765178565929232,92.1,0,0
bidmc_24,390,0.5984,0.073912380559687,0.2442666666666667,0.3397964934620614,0.1505293889903252,0.0857519877798328,0.0816904470443642,96.1,0,0
bidmc_24,395,0.6268571428571427,0.0946383017771626,0.4085333333333333,0.337713759923907,0.1569184545610214,0.0851496118653229,0.0820221253020522,100.1,1,2
bidmc_24,400,0.6451428571428571,0.0981477436920316,0.3531428571428571,0.2483477815006919,0.1432976977081566,0.0861300429202093,0.0776376274768009,97.2,0,0
bidmc_24,405,0.6131428571428571,0.0974934848686656,0.3712,0.2894384851445981,0.1441386084286932,0.0877815643563662,0.0761623823939773,93.4,0,0
bidmc_24,410,0.6302857142857141,0.1212573582871386,0.4250666666666666,0.3311370135061161,0.1340402626409357,0.0829244607894613,0.0724879917693345,91.3,1,3
bidmc_24,415,0.6217142857142857,0.0901771499180748,0.4543999999999999,0.3323585629233804,0.1361111509615647,0.0887631923485375,0.0715960469441184,92.5,0,0
bidmc_24,420,0.6285714285714284,0.0935259431431532,0.4439999999999999,0.3345604915381124,0.1356418650564262,0.0849940932112448,0.074467511336065,94.7,0,0
bidmc_24,425,0.6451428571428571,0.1048583106202004,0.424,0.3379381483974145,0.1419542180094562,0.0846959254713925,0.083079854766265,94.7,1,3
bidmc_24,430,0.6535384615384614,0.0540208156242578,0.4559999999999999,0.248922975423741,0.1492626957248243,0.0831438073647268,0.0830995808244768,94.3,0,0
bidmc_24,435,0.6382857142857141,0.0425666344376313,0.3891428571428571,0.3107415522512833,0.1439559146177705,0.085955946507493,0.0748087682242015,92.5,0,0
bidmc_24,440,0.6171428571428571,0.0963734233836999,0.408,0.3294172936186298,0.1490128355808078,0.0910595745962875,0.0830330774290044,93.6,0,0
bidmc_24,445,0.6272,0.0893615875716928,0.3296,0.3125172577596677,0.1449838093223852,0.0885838657352398,0.0812404299341233,97.0,0,0
bidmc_24,450,0.6679999999999999,0.0987117014340245,0.4177142857142856,0.3134020847462881,0.1433889032248565,0.0905608987381873,0.0763235196885082,97.9,0,0
bidmc_24,455,0.6639999999999998,0.0982591326180785,0.4571428571428571,0.3400981202043338,0.1397899480853931,0.0849435782677231,0.0742649181811283,93.9,0,0
bidmc_24,460,0.6245714285714286,0.0813297646144687,0.3794285714285714,0.3412644921306259,0.1476459974772278,0.0827713583569786,0.0781987257966276,91.9,0,0
bidmc_24,465,0.6674285714285714,0.0784253186939326,0.5087999999999999,0.2992362181520507,0.1619916941060056,0.0821096854447833,0.0839625241292959,94.3,0,0
bidmc_24,470,0.644,0.0982009601349628,0.4251428571428571,0.3173466131093941,0.1439692339392823,0.0842695624019627,0.0773334674832302,91.9,0,0
bidmc_25,0,0.476,0.0053665631459995,0.1468,0.2450287813108417,0.0954515491284885,0.1287992919788342,0.0548694020544619,125.7,1,2
bidmc_25,5,0.4766315789473684,0.007922057988306,0.1868,0.2201961492932949,0.1172357359361619,0.1364547893820897,0.0613506723527368,126.3,1,2
bidmc_25,10,0.4774736842105264,0.0093772873479242,0.215578947368421,0.2079897140226876,0.1337040043505356,0.13704668982635,0.0670610426507791,126.2,1,2
bidmc_25,15,0.4757894736842105,0.0070455581181816,0.1636,0.2231461374109142,0.1208256341862329,0.1342279103359657,0.0630873269214281,125.9,1,2
bidmc_25,20,0.476,0.0179777640433953,0.1492,0.2149791871187933,0.1302346790680422,0.132318541516195,0.0673305392157171,126.3,1,2
bidmc_25,25,0.4770526315789473,0.043757073033319,0.1444,0.195289848373699,0.1264099025953715,0.1335808945896375,0.0652911259750549,126.6,1,2
bidmc_25,30,0.4708,0.0373759280821225,0.1132,0.1941022124598626,0.1200255179996106,0.1353041124148904,0.0676074503026331,126.5,1,2
bidmc_25,35,0.4773333333333333,0.0190438091427809,0.1423157894736842,0.2177120392493182,0.122087965986217,0.1324855759069399,0.0651048423621413,126.1,1,2
bidmc_25,40,0.4768,0.0144,0.144,0.2230864407573256,0.1300204929301643,0.1314798439824331,0.0701544410430407,125.5,1,2
bidmc_25,45,0.4762105263157893,0.0143034002117583,0.126,0.2012770062002136,0.1178565494572249,0.1299701630623478,0.0625550834456625,125.7,1,2
bidmc_25,50,0.476,0.0170645832061612,0.1556,0.2054463608365315,0.1228861596825302,0.1305565773590646,0.064930167695841,126.3,1,2
bidmc_25,55,0.4762105263157895,0.0337788145181163,0.184,0.2097914458530028,0.1233458523642817,0.1331703866956688,0.0631473282346883,126.1,1,2
bidmc_25,60,0.48,0.017486502731472,0.1751578947368421,0.2186653898943912,0.1248367979335168,0.1364270508867145,0.0630763784132851,125.5,1,2
bidmc_25,65,0.4787368421052632,0.0168736546606432,0.1512,0.214296483710235,0.1208820284028136,0.1344047228606621,0.0647359572790337,125.0,1,2
bidmc_25,70,0.4783157894736842,0.0061306188541309,0.1284,0.2486514184657565,0.1206326479261991,0.1366461723594828,0.0626452793311745,125.2,1,2
bidmc_25,75,0.48,0.00580381000088,0.1301052631578947,0.2369514282299482,0.1258266282896952,0.1308836559630091,0.0665925026151516,125.4,1,2
bidmc_25,80,0.479578947368421,0.0048375264391899,0.1364,0.2393381769540763,0.1263030843013446,0.1350779880454926,0.0677294551029335,125.2,1,2
bidmc_25,85,0.4787368421052632,0.0046886436739621,0.1397894736842105,0.2545044838924416,0.1215245530248073,0.1304779730012261,0.0637078376738083,125.2,1,2
bidmc_25,90,0.479157894736842,0.0044160372554532,0.14,0.2540585135466923,0.1195999961325013,0.1307082646857356,0.0623067869286016,125.0,1,2
bidmc_25,95,0.5035789473684211,0.1038695111486541,0.1444210526315789,0.2383486223911407,0.1285000067521339,0.1339718823488584,0.0668844316202215,125.2,1,2
bidmc_25,100,0.4787368421052632,0.0074610716407028,0.1804,0.2391445631800592,0.1364661981599645,0.1365160302919824,0.0708409846350609,125.5,1,2
bidmc_25,105,0.479157894736842,0.0072928455055531,0.1392,0.2581862048338346,0.130328446425075,0.133019215473168,0.0670991948392053,124.8,1,2
bidmc_25,110,0.48,0.0044956118955921,0.1136842105263157,0.2628395441647656,0.1184990120304308,0.1294275682481698,0.0630742534871907,124.7,1,2
bidmc_25,115,0.4745263157894737,0.0254379915233569,0.124,0.2394355657151505,0.1217764227882926,0.1416852302874528,0.0634206965268264,124.9,1,2
bidmc_25,120,0.4791578947368421,0.0157655959805044,0.1465263157894737,0.2376529448864317,0.1255370550388926,0.136807450976391,0.0647502545511105,125.2,1,2
bidmc_25,125,0.479157894736842,0.0179627191643802,0.1468,0.2557546479491425,0.1257434389838705,0.1329344013072328,0.0641411889096592,126.1,1,2
bidmc_25,130,0.4788,0.0461839799064567,0.1848,0.2313041988101171,0.1235481974294579,0.1346655674211674,0.0650036325844633,126.0,1,2
bidmc_25,135,0.479578947368421,0.0048375264391899,0.1476,0.2718924174707737,0.1218498476412825,0.1394271043486497,0.0641389535377385,125.0,1,2
bidmc_25,140,0.48,0.0051910854761844,0.13,0.2510104022016043,0.1270113272912282,0.1340073206478168,0.0665933315653664,124.8,1,2
bidmc_25,145,0.4816842105263158,0.0049102752798697,0.1284210526315789,0.2567082131129966,0.1203950395956451,0.1286396124938419,0.0632640114315813,125.3,1,2
bidmc_25,150,0.4816842105263158,0.0049102752798697,0.1244,0.2868966961648748,0.1278020156689076,0.1351625185593873,0.0677898670387848,125.0,1,2
bidmc_25,155,0.4825263157894736,0.0082293980150282,0.1511578947368421,0.2751565318748837,0.1332845855145394,0.1311141646447962,0.0688718400709965,124.7,1,2
bidmc_25,160,0.5062222222222222,0.1045729705652445,0.1595555555555555,0.258431953131058,0.1333134686943686,0.131907837702957,0.0677651959660327,124.4,1,2
bidmc_25,165,0.4804210526315789,0.0075555193452321,0.1596,0.2406371524302814,0.1325580947430549,0.1329320748701239,0.0681986420902774,124.5,1,2
bidmc_25,170,0.4812631578947368,0.0053591250784664,0.1423157894736842,0.2530661995399434,0.1181405062992183,0.133269106030808,0.0626511346951725,125.1,1,2
bidmc_25,175,0.4804210526315789,0.0040822567220348,0.1428,0.2771851923921306,0.1181475951280181,0.1336930337330614,0.06212728850687,125.0,1,2
bidmc_25,180,0.4812631578947368,0.0039046814717876,0.1372631578947368,0.2834331566054443,0.1303414723245757,0.1338950169671745,0.0719074933217003,124.9,1,2
bidmc_25,185,0.4821052631578947,0.0050875983046714,0.1248,0.2579685668947322,0.1452645709473774,0.1298980987737096,0.0775894280735011,124.8,1,2
bidmc_25,190,0.4821052631578947,0.0163832222807105,0.112,0.2441297013261128,0.1376647586119171,0.1312277737908536,0.0755740295980883,124.5,1,2
bidmc_25,195,0.4812631578947368,0.0687335374397031,0.1785263157894737,0.2621577038139152,0.1272162932576385,0.139349595974143,0.0653396492085075,124.4,1,2
bidmc_25,200,0.488,0.0535713984962321,0.2052,0.2603830202860736,0.129189377760567,0.1358688792901002,0.0681288480361282,124.5,1,2
bidmc_25,205,0.4812631578947368,0.0140407006320278,0.1188,0.2459347178785615,0.1195691298547615,0.1352283663633464,0.0627175686005062,129.2,1,2
bidmc_25,210,0.4867368421052631,0.0178438906108775,0.1242105263157895,0.2315636019104637,0.1165059188559979,0.1344340921767955,0.0637699316486045,130.9,1,2
bidmc_25,215,0.5084444444444444,0.1136457567386101,0.1831578947368421,0.2372558976968249,0.129085207565638,0.1407361256229223,0.0671515660008265,126.5,1,2
bidmc_25,220,0.488,0.0424115178000653,0.216,0.2340494524089854,0.1370995187936294,0.1333329212248486,0.070755932533006,125.0,1,2
bidmc_25,225,0.4821052631578947,0.0195687579597848,0.1576,0.234754987924422,0.126662637673054,0.1315686634602608,0.0664575438628292,124.8,1,2
bidmc_25,230,0.4833684210526315,0.0047263040675039,0.1332,0.2483198764672874,0.1206327283445444,0.1275163627407292,0.0625733721054262,124.5,1,2
bidmc_25,235,0.4833684210526315,0.0047263040675039,0.1322105263157895,0.2592256529032848,0.1296791281393234,0.1280426813897297,0.068345972444434,124.1,1,2
bidmc_25,240,0.4825263157894737,0.0187261944908943,0.1568,0.2298274108032316,0.1283471390717994,0.1315270654216647,0.0680940118816111,124.3,1,2
bidmc_25,245,0.4844444444444444,0.0054794791137502,0.1591578947368421,0.2608260693685904,0.1246301208295511,0.1294670285126175,0.0646660617255808,124.2,1,2
bidmc_25,250,0.4829473684210526,0.0038590111115417,0.1385263157894737,0.2662031510305448,0.1292535916830795,0.1303937929018005,0.0677172037141218,123.8,1,2
bidmc_25,255,0.4846315789473683,0.003949823797746,0.1385263157894737,0.2531592783452626,0.1182358155899848,0.1317493456120435,0.066881969457681,124.0,1,2
bidmc_25,260,0.4837894736842105,0.0039944559917916,0.142,0.2546957691494068,0.1188842723075566,0.1315623025450038,0.0619370089857931,124.1,1,2
bidmc_25,265,0.4829473684210526,0.0176440647071637,0.1637894736842105,0.2366015208092683,0.133798641048166,0.1304893243021259,0.0671356011303877,124.3,1,2
bidmc_25,270,0.4833684210526315,0.017664149021813,0.1504,0.2319535582805925,0.1309884970376048,0.128641074318328,0.0698536867253141,124.0,1,2
bidmc_25,275,0.4768,0.0288887521364284,0.1184,0.2621052034610704,0.1208934431583131,0.1302226802543763,0.0637772016216329,123.8,1,2
bidmc_25,280,0.4833684210526315,0.0185931807712165,0.1410526315789473,0.2196289057889904,0.1172905035219224,0.135331385691552,0.0607251569355706,124.4,1,2
bidmc_25,285,0.4854736842105262,0.0063855793213065,0.1408,0.248838467195888,0.1205906383892144,0.1260022866642999,0.0668740963226119,124.3,1,2
bidmc_25,290,0.4833684210526316,0.019304241492796,0.1496,0.2197025871589877,0.1227955765884449,0.1318321349006197,0.0634680484236407,124.1,1,2
bidmc_25,295,0.4846315789473684,0.0047263040675039,0.1473684210526316,0.2521878112768752,0.11709746679256,0.12914424352585,0.0608673970534725,124.1,1,2
bidmc_25,300,0.4837894736842105,0.0047636667364146,0.128,0.2526487469987681,0.1157707137433315,0.1291646678352127,0.0634630097060035,124.0,1,2
bidmc_25,305,0.4837894736842105,0.0499511118335438,0.1872,0.2330897766472107,0.1249018700217728,0.1351101911837298,0.0636295153328572,124.3,1,2
bidmc_25,310,0.4833684210526315,0.048510672213025,0.1945263157894737,0.2218011516703628,0.1234345919326589,0.1291898966142416,0.0619247098799493,124.0,1,2
bidmc_25,315,0.4821052631578946,0.0050875983046714,0.1348,0.2653733032412205,0.1153078301531214,0.1285587234805875,0.0627888696975603,123.9,1,2
bidmc_25,320,0.4751111111111111,0.0303038114377436,0.1402105263157895,0.2330023118104158,0.1206885349004005,0.1268782974516196,0.0626722062873608,124.2,1,2
bidmc_25,325,0.4829473684210526,0.0183918565623928,0.1637894736842105,0.2386370244675127,0.1249406661975075,0.12624851270773,0.0644182032197939,124.5,1,2
bidmc_25,330,0.4833684210526315,0.0184111251444845,0.1644,0.2464447161679551,0.1274936604002444,0.1262758272615605,0.0655219136976861,124.5,1,2
bidmc_25,335,0.4835555555555555,0.0371636354850966,0.1743157894736842,0.2449477633036622,0.1240974780021698,0.1276033833323721,0.0641899413083413,124.1,1,2
bidmc_25,340,0.4833684210526315,0.0162746510232317,0.1705263157894737,0.230313544952084,0.1213516120493614,0.1294717004676387,0.0642726579912098,124.0,1,2
bidmc_25,345,0.4821052631578947,0.0183242569658854,0.1688,0.2290514903571748,0.1225409320481559,0.1293406464932355,0.0636265548859288,124.1,1,2
bidmc_25,350,0.4833684210526316,0.0070203503160139,0.128,0.233320070673678,0.1362441307039662,0.1273564009343293,0.0724952759707879,124.1,1,2
bidmc_25,355,0.4848888888888888,0.0038999841721742,0.2205,0.2293443255278228,0.1564344387133307,0.1836125475923921,0.1113210832642373,124.1,1,2
bidmc_25,360,0.5425882352941177,0.1295853381428303,0.4973333333333333,0.2627889410792471,0.1499156355259683,0.3292616186238425,0.1116022752495829,124.3,1,2
bidmc_25,365,0.571,0.1832348220180869,0.1095,0.2671619088753992,0.1128375099880428,0.3436701345375601,0.0704739835504875,124.9,1,2
bidmc_25,370,0.4804210526315789,0.0223990502370869,0.1236,0.2885594958493796,0.1083571368084738,0.2292256467935107,0.0584324819392193,125.8,1,2
bidmc_25,375,0.4812631578947368,0.0119685645503594,0.1228,0.2362740417026238,0.1281216015263435,0.1399301738862609,0.068018406181303,125.4,1,2
bidmc_25,380,0.4766315789473684,0.0296296624602259,0.1250526315789474,0.2477719103639358,0.1425370572225332,0.1437627141449087,0.07418201337511,124.4,1,2
bidmc_25,385,0.4833684210526315,0.040236420430822,0.1658947368421052,0.2086769879993581,0.1454323258534825,0.143717170227155,0.0764109031185428,124.1,1,2
bidmc_25,390,0.4804444444444444,0.0567237185568222,0.1991578947368421,0.2461684827671885,0.1532522250820866,0.1382145605121545,0.0772328893041803,120.2,1,2
bidmc_25,395,0.4842105263157894,0.0425200620727482,0.1726315789473684,0.2339479861181253,0.1349905858495624,0.1390884089804109,0.0734861777734438,117.3,1,2
bidmc_25,400,0.4842105263157894,0.0039944559917916,0.1376,0.2598313537151238,0.1183494518932685,0.1437923933297992,0.0632009666276974,116.2,1,2
bidmc_25,405,0.4846315789473683,0.003949823797746,0.1348,0.2497048858137914,0.1213171983843192,0.1402631608158489,0.0647880387879595,119.2,1,2
bidmc_25,410,0.4842105263157895,0.0039944559917916,0.1343157894736842,0.2797087424400927,0.1298010918318621,0.1330762854667372,0.0676209669800708,124.1,1,2
bidmc_25,415,0.4846315789473683,0.017664149021813,0.1629473684210526,0.2280244814914999,0.1259178711811425,0.1393341475722705,0.0690120575953677,124.2,1,2
bidmc_25,420,0.4850526315789473,0.0468069649385538,0.202,0.1844866509114521,0.12500964235975,0.1461248513881941,0.0651093553329309,124.3,1,2
bidmc_25,425,0.4901052631578947,0.0468523939026004,0.1793684210526316,0.2320838919105949,0.1211776132836023,0.1453035812166155,0.0619721879136983,123.8,1,2
bidmc_25,430,0.4858947368421052,0.0449442868412392,0.1644,0.220507628518581,0.1207545992944122,0.1465743321023997,0.0678502928398293,123.4,1,2
bidmc_25,435,0.4850526315789473,0.0178339524922504,0.152,0.2169821209359823,0.1259304057559602,0.1397695127739357,0.0658322728664516,123.8,1,2
bidmc_25,440,0.484,0.0362950869035098,0.1267368421052631,0.2344320324106905,0.120434708496404,0.1433053282910561,0.0656037615379906,124.0,1,2
bidmc_25,445,0.4850526315789473,0.0462276673640029,0.1890526315789474,0.2195780936588149,0.1237156672775113,0.1399635112867444,0.0633228190584233,124.0,1,2
bidmc_25,450,0.4854736842105262,0.0170305249820266,0.1484,0.2528192632813127,0.1286194351502827,0.1320172861190023,0.0658830221073252,123.9,1,2
bidmc_25,455,0.487111111111111,0.0045324617898602,0.1263157894736842,0.2757953252583654,0.1347057046725448,0.127588358603004,0.0702567752012177,123.6,1,2
bidmc_25,460,0.4871578947368421,0.0044160372554532,0.1263157894736842,0.276163231745255,0.1333626784174587,0.1273777626480323,0.0713260954263698,117.6,1,2
bidmc_25,465,0.487157894736842,0.0148864585512957,0.1237894736842105,0.2360611026632276,0.1195026324515204,0.1373091783825298,0.0703757303889978,112.0,1,2
bidmc_25,470,0.48,0.0337420555951986,0.1628,0.225591655814833,0.122470128038341,0.1329337686882018,0.0642116697994817,115.1,1,2
bidmc_26,0,0.6691428571428572,0.1050760657420934,0.2085714285714286,0.3608294691453026,0.1251389371362538,0.1314487298964606,0.072209408253319,88.7,1,3
bidmc_26,5,0.6577142857142857,0.0895539969367472,0.2855384615384616,0.4544725169724382,0.1331272506739232,0.1296292050805954,0.0721538781318406,89.1,0,0
bidmc_26,10,0.6525714285714285,0.1825211198291131,0.5327999999999999,0.513949282756616,0.1261153456145411,0.1389718419264322,0.0689543776088142,89.6,1,3
bidmc_26,15,0.6264615384615383,0.18474457018548,0.4073846153846154,0.5097447959004117,0.1122949543059688,0.1381232306255445,0.0679597422092662,90.1,1,3
bidmc_26,20,0.5828571428571427,0.1169461763516247,0.3548571428571428,0.4647072505463164,0.1057522892529304,0.1316453160577416,0.0605867935076324,90.1,1,3
bidmc_26,25,0.6283076923076922,0.1827951289602588,0.3944615384615385,0.4980364573229234,0.087115507130663,0.1309393069890161,0.0489621239014087,90.5,1,3
bidmc_26,30,0.6584615384615385,0.2259123776309388,0.3323076923076922,0.4965619011093527,0.0802210931371931,0.1273960619303079,0.0492291993325555,90.1,1,3
bidmc_26,35,0.6628571428571429,0.2219880489520799,0.227076923076923,0.4864355611068254,0.091314782339933,0.127893293456437,0.0564365581803456,90.3,1,3
bidmc_26,40,0.6646153846153846,0.2317019101085034,0.3347692307692307,0.4874877172725367,0.1004224957399795,0.1286005229078091,0.0629748599357345,90.9,1,3
bidmc_26,45,0.6726153846153846,0.1120642250343274,0.1942857142857143,0.336402811064214,0.1110392651137221,0.1222178005097412,0.0671341473584378,90.6,1,3
bidmc_26,50,0.6399999999999999,0.1227866907631744,0.1245714285714285,0.4335060821202107,0.1181198832271919,0.1321962575013759,0.0703176967517893,89.0,1,3
bidmc_26,55,0.6923076923076923,0.1782683304267364,0.2577142857142857,0.478458351127753,0.1225849801374224,0.1309347134202309,0.0702215609933108,89.0,1,3
bidmc_26,60,0.6732307692307692,0.0380245949680625,0.2135384615384615,0.3803971741716779,0.1388634200314717,0.1260603413926365,0.0817297112243905,89.4,0,0
bidmc_26,65,0.6707692307692307,0.1112876756229643,0.1725714285714285,0.358235738199364,0.1552707350141371,0.1304341883410405,0.0930917101129419,88.9,1,3
bidmc_26,70,0.6714285714285716,0.1064959518249498,0.1674285714285714,0.3818024760853465,0.154220535829953,0.1245605479206597,0.0852870694809443,89.4,1,3
bidmc_26,75,0.6508571428571427,0.1740832547714935,0.3268571428571428,0.4705466511080942,0.1503009789081174,0.1300036020468075,0.0841955881179258,89.7,1,3
bidmc_26,80,0.6874285714285714,0.1830400870557806,0.3239999999999999,0.5129118768637225,0.1438329564651744,0.1278595095722382,0.079153285392357,89.5,1,3
bidmc_26,85,0.6787692307692306,0.0385389989214798,0.196,0.3912713464779432,0.1360051232647383,0.1142386623745939,0.0779287278319011,89.0,0,0
bidmc_26,90,0.6732307692307692,0.1110219339702079,0.1937142857142857,0.3492266984262418,0.1351055626404789,0.1203172363872759,0.0767807834513204,88.7,1,3
bidmc_26,95,0.6748571428571427,0.0959336505409986,0.1792,0.3877731565066205,0.1270792046948405,0.122756874467004,0.0761332386793929,88.8,0,0
bidmc_26,100,0.673846153846154,0.1386050538282986,0.2011428571428571,0.4192485156377021,0.1419800011647125,0.1190657123884358,0.0866556718854565,90.0,1,3
bidmc_26,105,0.6714285714285716,0.2147362881987759,0.2578461538461539,0.4760976525823414,0.1422508417406591,0.1215252689997583,0.0856628072078926,90.0,1,3
bidmc_26,110,0.6726153846153846,0.1047058432441449,0.1691428571428571,0.3530755056124862,0.1386957295987587,0.1195784753388652,0.0810850545678136,88.6,1,3
bidmc_26,115,0.6599999999999999,0.0567097875150313,0.1673846153846154,0.448849516070071,0.1465332333826699,0.1192680925375004,0.0862712691185256,88.3,0,0
bidmc_26,120,0.592,0.116701328184387,0.4874666666666666,0.4572138197673884,0.1355244285533114,0.131878132074268,0.0756197245548503,89.0,1,3
bidmc_26,125,0.6326153846153846,0.1890403043966829,0.5532307692307692,0.52298896797593,0.144481499937083,0.1371049700465737,0.0761239094347619,90.2,1,3
bidmc_26,130,0.654153846153846,0.1729854801171501,0.4194285714285714,0.5111606620302978,0.1579578368379131,0.1271110901727885,0.0857798394703326,89.9,1,3
bidmc_26,135,0.6726153846153845,0.0388716595627169,0.2594285714285714,0.3947803406836433,0.1553480311830723,0.1138466041325974,0.0885455058083354,89.0,0,0
bidmc_26,140,0.6331428571428572,0.1174143196078723,0.2434285714285714,0.456641542243535,0.1426470638309025,0.1250003042102132,0.075504194665859,89.5,1,3
bidmc_26,145,0.6707692307692308,0.1842766122504025,0.2897142857142857,0.4794728905256423,0.1385240377950419,0.1231674574196611,0.0789101721610154,90.5,1,3
bidmc_26,150,0.6742857142857143,0.1055024905402904,0.2565333333333333,0.3550653895779296,0.1412846771050498,0.119930737290782,0.0817366627549911,90.2,1,3
bidmc_26,155,0.6664615384615385,0.2288999161153912,0.3577142857142856,0.4804374075412227,0.1211084809570366,0.1258710338005279,0.0773496764184804,89.5,1,3
bidmc_26,160,0.6674285714285714,0.1835949401285785,0.3199999999999999,0.4711565661488526,0.1124495706110489,0.1233417135620274,0.0699316896587302,89.9,1,3
bidmc_26,165,0.6326153846153845,0.135889965929191,0.196,0.4803905952385571,0.0995421854930774,0.1257564966031296,0.069533593218526,89.4,1,3
bidmc_26,170,0.5925333333333334,0.1159849798704795,0.1818666666666666,0.4476642403450085,0.1245129897154933,0.1267219007255172,0.0777015586072716,89.2,1,3
bidmc_26,175,0.6713846153846154,0.1083566322996133,0.232,0.3348720306783575,0.1490704385473537,0.1192883332405555,0.0856591789920951,89.6,1,3
bidmc_26,180,0.6756923076923076,0.0787355697307665,0.1394285714285714,0.4528029408952741,0.1509521722876304,0.1139403566256422,0.0859919122924905,88.8,0,0
bidmc_26,185,0.672,0.1803927339488441,0.3034285714285714,0.465862344973209,0.1553511224539423,0.1188040902709572,0.0863919930468647,89.2,1,3
bidmc_26,190,0.6594285714285714,0.1653039254074205,0.2525714285714286,0.4210745689302025,0.1489122997721213,0.1167837013565818,0.0866642553922948,90.5,1,3
bidmc_26,195,0.6662857142857143,0.1624787584232951,0.1973333333333333,0.4427489447189318,0.1498419296866505,0.122083391480295,0.0861936911168356,90.7,1,3
bidmc_26,200,0.6445714285714285,0.167419794991817,0.2869333333333334,0.4603732024724678,0.1444171238231298,0.1349458258814893,0.0838223428887409,90.2,1,3
bidmc_26,205,0.6651428571428571,0.1657221673002555,0.4005333333333333,0.4650460236874829,0.1540881566760347,0.1260095092671402,0.0893511308732105,89.8,1,3
bidmc_26,210,0.667076923076923,0.0383715871215259,0.4436923076923076,0.3509453077048036,0.1719035972058393,0.1205546596361153,0.0926713003671001,90.1,0,0
bidmc_26,215,0.6603076923076923,0.2243868173199625,0.4217142857142857,0.4772971548227478,0.1396554054074003,0.1315669546715004,0.0777644695335345,90.9,1,3
bidmc_26,220,0.66,0.2090468163559814,0.4148571428571428,0.4633781892829815,0.123910050258332,0.1444694853327909,0.0704386565930861,90.8,1,3
bidmc_26,225,0.657846153846154,0.2128697131883712,0.5359999999999999,0.4945090972847269,0.1354890336916832,0.1483443435697944,0.0708867367275622,90.5,1,3
bidmc_26,230,0.6582857142857143,0.1008955815055691,0.5245714285714286,0.344569913351982,0.1263105540471488,0.1380793397568289,0.0697074058982309,90.0,1,3
bidmc_26,235,0.5994666666666666,0.0997689775876694,0.3802666666666666,0.4423914087709961,0.1240978129981419,0.1447937413368628,0.0692209996490585,90.1,0,0
bidmc_26,240,0.659076923076923,0.1757071258738251,0.4165714285714285,0.508797410047129,0.135045221714325,0.1375780105813897,0.0754827462013519,91.4,1,3
bidmc_26,245,0.6548571428571428,0.2134849801149811,0.3325714285714286,0.5135277369797736,0.1187991199972631,0.1337669111431585,0.0746095179275992,90.7,1,3
bidmc_26,250,0.6603076923076923,0.1737652636861157,0.3107692307692308,0.5062691848758849,0.0969538928976025,0.1290705718651455,0.0593641989086644,90.8,1,3
bidmc_26,255,0.6634285714285714,0.0334615222216168,0.168,0.3868203253200888,0.1111742718700042,0.1244761838326647,0.0658486492251072,90.9,0,0
bidmc_26,260,0.659076923076923,0.0345931552555204,0.104,0.3869919680304167,0.1132613768573747,0.1282927364525332,0.0718313374083373,90.0,0,0
bidmc_26,265,0.6668571428571429,0.103055364553551,0.1637333333333333,0.3662992628485346,0.1226596700174111,0.1240335364546627,0.0721171702137064,90.8,1,3
bidmc_26,270,0.6713846153846154,0.0274381499195174,0.1257142857142857,0.386336724576823,0.1213511524381715,0.1201687013837435,0.0724693271862503,90.2,0,0
bidmc_26,275,0.6325714285714286,0.1083260384775742,0.1537142857142857,0.4593250384711944,0.1174696450922766,0.1314302335506991,0.0688216043031705,89.1,1,3
bidmc_26,280,0.5882666666666666,0.1200485827580743,0.3333333333333333,0.4568376908155496,0.1161967682212942,0.1346694135974944,0.0901218384072484,90.0,1,3
bidmc_26,285,0.6128,0.1072437721579517,0.4399999999999999,0.451425504787096,0.133303289503069,0.1240608381099058,0.095175181103214,90.8,1,3
bidmc_26,290,0.6732307692307693,0.112344356502095,0.3325714285714286,0.3606379263402283,0.1288091239597036,0.1172167135943367,0.0764751643800952,90.8,1,3
bidmc_26,295,0.6375384615384614,0.1215848012924536,0.2203076923076923,0.4914341987044231,0.1188996590189412,0.1263755446764738,0.0713670866268016,89.5,1,3
bidmc_26,300,0.6337142857142857,0.1141499193238114,0.2549333333333333,0.4597746654617891,0.1130026471222211,0.1239279557727556,0.0671034737562086,88.6,1,3
bidmc_26,305,0.6679999999999999,0.1054730839056649,0.2584615384615384,0.3610172778147448,0.132099766238686,0.1327391618743956,0.074359296667616,89.5,1,3
bidmc_26,310,0.6646153846153845,0.1090811543065624,0.1857142857142857,0.360871269317876,0.1388375551839604,0.1214004799172028,0.0806014081437344,90.0,1,3
bidmc_26,315,0.6702857142857143,0.0360543806956511,0.1302857142857142,0.395157810656183,0.1414948017732169,0.1169180729400235,0.0799329103196562,89.5,0,0
bidmc_26,320,0.6658461538461538,0.1747973975135636,0.2067692307692308,0.5065101036011216,0.1269232111032786,0.1268824587522881,0.0757584142585901,89.1,1,3
bidmc_26,325,0.6674285714285714,0.167228549461813,0.252923076923077,0.498888892567738,0.1419332761791049,0.1284050668966267,0.0835830000282017,90.4,1,3
bidmc_26,330,0.6676923076923077,0.173510090424995,0.2828571428571428,0.502769338680532,0.1454861147966153,0.1234282336571477,0.0894172359609861,90.9,1,3
bidmc_26,335,0.6822857142857144,0.1344934563312221,0.3445714285714286,0.4569085723495604,0.1656204634344765,0.1230406586412438,0.0875038889001864,90.3,1,3
bidmc_26,340,0.6652307692307692,0.1678635681581709,0.3531428571428571,0.4874647347449361,0.1108968937081796,0.1234473401823567,0.0700253192957698,89.7,1,3
bidmc_26,345,0.6628571428571427,0.0864728340024088,0.1417142857142857,0.3859251955446238,0.1058280418827093,0.1235400449509132,0.0818821675960826,89.5,0,0
bidmc_26,350,0.6639999999999999,0.1032636655139871,0.176,0.3549801590715954,0.1252025733429455,0.1197520533351375,0.0892097676567098,89.9,1,3
bidmc_26,355,0.6782857142857143,0.2042335597759964,0.2837333333333333,0.4929640849459307,0.127901584792033,0.1282466334345442,0.0757700159325531,90.5,1,3
bidmc_26,360,0.660923076923077,0.2261117700261946,0.3074285714285714,0.4955896090957443,0.1305227338587557,0.1276523314219645,0.08045730293137,91.4,1,3
bidmc_26,365,0.6594285714285715,0.2185607840545294,0.3226666666666666,0.4961165111709444,0.1290079002194042,0.129455530844459,0.0741613998634596,91.0,1,3
bidmc_26,370,0.6457142857142858,0.1776655881832207,0.3491428571428571,0.493938261156061,0.1323235562230082,0.1307648159526042,0.118023250131131,90.3,1,3
bidmc_26,375,0.6468571428571428,0.1708829411961203,0.3407999999999999,0.4997860184025955,0.1268585345942252,0.129787068551318,0.1120989763025618,89.9,1,3
bidmc_26,380,0.6603076923076924,0.1706780075127452,0.3353333333333333,0.5059704596887797,0.1153784824139297,0.1337513661540814,0.0702695916853532,90.6,1,3
bidmc_26,385,0.6529230769230769,0.2178843947313704,0.3422857142857143,0.5096386615826883,0.1063349745380128,0.1322260071434906,0.0671182869768979,91.4,1,3
bidmc_26,390,0.6021333333333333,0.090011752319103,0.2259999999999999,0.4582644126476936,0.0936362755509291,0.133605277327924,0.0623300898504434,91.0,0,0
bidmc_26,395,0.6525714285714285,0.2046927014839961,0.1777142857142857,0.5144500287982697,0.0898383555541521,0.1337493521385911,0.0605751728726791,90.6,1,3
bidmc_26,400,0.656,0.2279865043239317,0.7538461538461539,0.5042336560543316,0.1692540341838273,0.128924654698228,0.1338536457584293,91.3,1,3
bidmc_26,405,0.6605714285714287,0.2228073204381228,0.5957333333333333,0.5012236542202161,0.1434607410146445,0.1342437933907156,0.1348319966068647,91.5,1,3
bidmc_26,410,0.6658461538461539,0.1857483186190994,0.2182857142857142,0.4710607354393931,0.0913706198846366,0.1239748242987071,0.0600872979462397,90.3,1,3
bidmc_26,415,0.6651428571428573,0.1747450621182008,0.2410666666666667,0.4767506954964535,0.0876931682270863,0.123296000279878,0.0535089043314906,89.9,1,3
bidmc_26,420,0.6590769230769232,0.2239678759721037,0.3428571428571428,0.4854595896079187,0.0931521535861664,0.1283834013331455,0.0563051510772675,90.4,1,3
bidmc_26,425,0.6571428571428573,0.216504324319353,0.3199999999999999,0.4906459817604983,0.1058232915362163,0.1308530714497585,0.0633876319642096,91.1,1,3
bidmc_26,430,0.669142857142857,0.2219005108932692,0.3577142857142857,0.5056995672394814,0.1138527425673987,0.1339181237681433,0.0666632381921043,91.0,1,3
bidmc_26,435,0.6603076923076923,0.1062532422060143,0.2697142857142857,0.3518234840609563,0.1103501338982691,0.1277878745628238,0.0698491270662195,90.8,1,3
bidmc_26,440,0.6605714285714285,0.0178153797349941,0.0811428571428571,0.345241390504773,0.1227815104959621,0.1211503125283272,0.0738065848631112,91.0,0,0
bidmc_26,445,0.660923076923077,0.168527770612014,0.2578461538461538,0.4716605583525557,0.1437195915947261,0.1168704206734444,0.0772080885776994,91.0,1,3
bidmc_26,450,0.6605714285714287,0.2079277739593089,0.3418666666666666,0.4856270554588034,0.1291839075221004,0.1257474179932622,0.0777778116584967,91.3,1,3
bidmc_26,455,0.6603076923076924,0.2222262826716479,0.2904615384615384,0.4837912174843821,0.1202902692443927,0.1271321335387758,0.0772466777498779,91.9,1,3
bidmc_26,460,0.6577142857142856,0.2167643317296554,0.2611428571428571,0.4801670447363765,0.1122069601512791,0.1248661638974602,0.0659461469694763,91.8,1,3
bidmc_26,465,0.6541538461538463,0.2281193500556726,0.2257142857142857,0.4846011671009805,0.1040945275620594,0.1278645024774601,0.0685674025301719,91.6,1,3
bidmc_26,470,0.6565714285714287,0.2200356186379554,0.2490666666666666,0.4983671373736553,0.1231692774112196,0.1276257022876654,0.0752076551288034,91.9,1,3
bidmc_27,0,0.6738461538461539,0.0055725447003922,0.5803076923076922,0.4621982900153485,0.2971691431114402,0.2237454036144242,0.1555193953566541,89.4,0,0
bidmc_27,5,0.6674285714285715,0.007228063223242,0.581142857142857,0.4719516166660542,0.2938187970269558,0.2218154747158396,0.1583709911844998,89.0,0,0
bidmc_27,10,0.6621538461538461,0.0055725447003922,0.5803076923076922,0.4663842631853288,0.2936648029615026,0.2188528454982885,0.1632534092645139,89.5,0,0
bidmc_27,15,0.6645714285714286,0.0063887656499994,0.5828571428571427,0.4597899586253004,0.29259291192985,0.2278731986610303,0.1585813164236781,90.3,0,0
bidmc_27,20,0.6738461538461539,0.0063952645202543,0.5827692307692306,0.4608548426299482,0.2934936645155573,0.2228457818581787,0.1593956292384657,90.4,0,0
bidmc_27,25,0.6781538461538461,0.0055725447003922,0.582153846153846,0.4796057859456077,0.3032535252002888,0.2191520414808919,0.1585564450109198,89.7,0,0
bidmc_27,30,0.675076923076923,0.0038920340432841,0.5827692307692306,0.4610389313196629,0.2936470447593718,0.2147708676513,0.1609153940786267,88.7,0,0
bidmc_27,35,0.6701538461538461,0.0055725447003922,0.5803076923076922,0.4582788653708581,0.3038539224394362,0.2169239867547801,0.1614669207850244,88.6,0,0
bidmc_27,40,0.6742857142857143,0.0070450445748216,0.5817142857142856,0.4760318810485366,0.2982425283122341,0.2303626272755622,0.1593839500248536,89.3,0,0
bidmc_27,45,0.6787692307692308,0.0042635096801695,0.5809230769230768,0.4617737172716865,0.2988369169982998,0.2203515308586238,0.1569928716053347,89.3,0,0
bidmc_27,50,0.6775384615384614,0.0048455433070841,0.5809230769230768,0.4720169883318347,0.2992176477068146,0.2215264643542701,0.1584994269841434,88.6,0,0
bidmc_27,55,0.6799999999999998,0.0044376015698018,0.5796923076923075,0.4760585341608528,0.2928394776224562,0.215750576713057,0.1606319715467528,88.4,0,0
bidmc_27,60,0.6799999999999999,0.0044376015698018,0.5809230769230768,0.4745992795105337,0.2936204913781722,0.2266268074175872,0.1515664180598018,88.3,0,0
bidmc_27,65,0.6775384615384614,0.0048455433070841,0.5822857142857141,0.4754785313925893,0.2955010227264962,0.2267159106309768,0.1585963766093977,88.0,0,0
bidmc_27,70,0.6763076923076923,0.0050745915392217,0.582153846153846,0.4791873434132946,0.2921138209946347,0.2211070037709929,0.1612921919311436,88.4,0,0
bidmc_27,75,0.6812307692307691,0.0075869710805771,0.5833846153846152,0.4459486007574248,0.304780041326712,0.2199735272039653,0.1621273530506973,88.9,0,0
bidmc_27,80,0.6777142857142857,0.0082412600582033,0.5828571428571427,0.4776739135782017,0.2870680082986755,0.220744059282736,0.1536713746503218,88.5,0,0
bidmc_27,85,0.6769230769230768,0.0066847879945847,0.5815384615384613,0.4652701702724888,0.2910011248302009,0.2202302396299317,0.1517559922703221,88.4,0,0
bidmc_27,90,0.6806153846153845,0.0037934855402885,0.582153846153846,0.4670401522997703,0.3010842162306777,0.2159356060489437,0.1565498703223215,88.6,0,0
bidmc_27,95,0.6781538461538462,0.0046051167837217,0.582153846153846,0.4904106103727548,0.2924514386001675,0.216080306258871,0.1599528829684323,88.2,0,0
bidmc_27,100,0.6775384615384615,0.0048455433070841,0.5833846153846152,0.4684178413298951,0.2997567473866178,0.218899101046665,0.1574343369381359,88.5,0,0
bidmc_27,105,0.6788571428571428,0.0041206300291016,0.582153846153846,0.49606335214544,0.2979566832222285,0.2272830986342341,0.1602489240279321,88.8,0,0
bidmc_27,110,0.6787692307692306,0.0075869710805771,0.5809230769230768,0.4675618483319088,0.2976002969033507,0.215886434619955,0.1592863181561229,88.5,0,0
bidmc_27,115,0.6756923076923076,0.007435720599135,0.5809230769230768,0.4910023393286463,0.3042888347465579,0.2248638479232382,0.161152791832948,88.3,0,0
bidmc_27,120,0.684923076923077,0.0119644443662913,0.5827692307692306,0.4673437792879591,0.2935426957341235,0.2226288012383293,0.159580508757461,88.5,0,0
bidmc_27,125,0.6873846153846153,0.009651930548528,0.5827692307692306,0.4744653632570155,0.2994583880297349,0.2171446538682137,0.1564451219522691,88.0,0,0
bidmc_27,130,0.6806153846153845,0.0049230769230768,0.5809230769230768,0.4997760816708113,0.3040855558269478,0.237977720279226,0.1584736526629481,87.4,0,0
bidmc_27,135,0.6794285714285715,0.0056279187438834,0.5834285714285713,0.4916636531574895,0.2984032311433109,0.2277232383501899,0.1605228674867286,87.8,0,0
bidmc_27,140,0.6812307692307691,0.0052937386258723,0.5833846153846152,0.4800282571026799,0.298515153474169,0.2181062041622838,0.1576863363648644,88.0,0,0
bidmc_27,145,0.6756923076923076,0.0067412007077558,0.582153846153846,0.4805542769871977,0.3043154464393948,0.2218366014828173,0.1584831332506195,88.0,0,0
bidmc_27,150,0.6748571428571427,0.0071599794777952,0.5822857142857141,0.4889968498787613,0.2921623948978613,0.2215267657254067,0.1562831931522414,88.4,0,0
bidmc_27,155,0.6818461538461538,0.0063952645202542,0.5815384615384613,0.4872940754110664,0.2966277017054936,0.2192241991892236,0.1560522277447085,88.7,0,0
bidmc_27,160,0.6861538461538461,0.0033706003538779,0.5833846153846152,0.4783625798228875,0.3094312801056408,0.2175944127796458,0.1640738136856632,88.3,0,0
bidmc_27,165,0.6892307692307692,0.0042635096801695,0.5833846153846152,0.4731911078680292,0.2955490320589689,0.2173567748300817,0.1614668064720607,87.6,0,0
bidmc_27,170,0.686153846153846,0.0055725447003922,0.5839999999999999,0.4752174788191642,0.2975191961599869,0.2199258214997181,0.1554713588974702,87.1,0,0
bidmc_27,175,0.6824615384615383,0.0036923076923076,0.5846153846153844,0.4646411177815874,0.2991135840197665,0.2219193253998959,0.1541935898619551,87.3,0,0
bidmc_27,180,0.6812307692307692,0.0042635096801695,0.5839999999999999,0.4744603911705973,0.2953814222021972,0.2335493797288011,0.1588402969058312,87.8,0,0
bidmc_27,185,0.6781538461538461,0.0046051167837217,0.5827692307692306,0.4859610204739162,0.2949456769130942,0.2167322503005272,0.1610054622061816,88.0,0,0
bidmc_27,190,0.6793846153846155,0.0049230769230768,0.582153846153846,0.4742936439483712,0.310961362028979,0.2207818418238405,0.1649601170449875,88.3,0,0
bidmc_27,195,0.6765714285714285,0.0065652144531862,0.5822857142857141,0.4705773873518593,0.2936098820447057,0.2226714071918248,0.1569016467411912,88.3,0,0
bidmc_27,200,0.6738461538461539,0.0077840680865683,0.5803076923076922,0.4883170107614686,0.2948207330239541,0.2880807550250743,0.1529122702716075,88.28571428571429,0,0
bidmc_27,205,0.6738461538461537,0.0083927271981451,0.5817142857142856,0.4526620583501851,0.3004028936316907,0.2828169350190749,0.1613281418161646,89.0,0,0
bidmc_27,210,0.6763076923076923,0.0074357205991351,0.5839999999999999,0.3919600965422605,0.2984243685273836,0.2024885525019891,0.1655135885581869,89.11111111111111,0,0
bidmc_27,215,0.683076923076923,0.0059025618748463,0.5846153846153844,0.4100715800324333,0.3055247381005742,0.2121916592596937,0.157711597213158,88.8,0,0
bidmc_27,220,0.6886153846153846,0.0186858171700787,0.5907692307692306,0.4047407280696547,0.3045396787264313,0.2260536687680357,0.1578370090106231,88.0,0,0
bidmc_27,225,0.6916923076923076,0.0338852920564583,0.598153846153846,0.4008958717621477,0.2996501618526884,0.2286199706059782,0.1615892084482542,87.3,0,0
bidmc_27,230,0.6849230769230767,0.0073846153846153,0.5864615384615383,0.4567546392879106,0.2983088590624955,0.2457817520655569,0.1557917216974741,87.0,0,0
bidmc_27,235,0.6781538461538461,0.0063952645202542,0.5864615384615383,0.447416350091738,0.3019771466198114,0.2390861781178659,0.1563043433869779,87.3,0,0
bidmc_27,240,0.6754285714285714,0.0065652144531863,0.5862857142857142,0.46244195543459,0.2941434649352835,0.2150620889370205,0.1577603304985381,88.1,0,0
bidmc_27,245,0.6775384615384615,0.0072813289638148,0.5839999999999999,0.4501774626736358,0.3010149971628118,0.2209825774759641,0.1587463452400822,88.8,0,0
bidmc_27,250,0.683076923076923,0.0059025618748463,0.5839999999999999,0.5163784182596637,0.2997928937582411,0.2476988024284303,0.1570965612818346,88.7,0,0
bidmc_27,255,0.686153846153846,0.0033706003538779,0.5858461538461537,0.5047701831795343,0.2918031214613415,0.2364257666379557,0.1635450907403045,88.2,0,0
bidmc_27,260,0.6867692307692307,0.0061538461538461,0.5858461538461537,0.4474658211293193,0.2979948272137885,0.2191989045577247,0.1569797957992536,87.8,0,0
bidmc_27,265,0.688,0.0062757163244218,0.5864615384615383,0.4732345314068252,0.3098961957419139,0.2169613694873923,0.1645282762912514,87.4,0,0
bidmc_27,270,0.684,0.0303503353711759,0.5948571428571426,0.4515058604607733,0.2968943111166763,0.2218811965455108,0.160872393412991,87.1,0,0
bidmc_27,275,0.6707692307692307,0.0103340649992286,0.5833846153846152,0.5109730500613912,0.2867331649934246,0.2316872133111136,0.1493384689509679,87.3,0,0
bidmc_27,280,0.6793846153846153,0.0206864446941188,0.5839999999999999,0.4680378490811684,0.2916962388611895,0.236626788985811,0.1513983581765286,88.6,0,0
bidmc_27,285,0.706,0.0066332495807108,0.5866666666666666,0.4025963964911838,0.3042362071026239,0.210465167608486,0.1616933570377168,88.8,0,0
bidmc_27,290,0.7039999999999998,0.0056568542494923,0.5853333333333332,0.4513144151748532,0.3089341474431487,0.2248299376004444,0.1634827070052467,86.6,0,0
bidmc_27,295,0.6892307692307692,0.0103340649992286,0.5846153846153844,0.4751690738407139,0.2992739653440798,0.216892715861792,0.1567869448372932,85.3,0,0
bidmc_27,300,0.6824615384615383,0.0048455433070841,0.5852307692307691,0.4759177058624802,0.2982588874000142,0.2245842766025541,0.1532147486903552,86.4,0,0
bidmc_27,305,0.6818461538461538,0.0033706003538779,0.5833846153846152,0.4753607506424401,0.2943688842509377,0.2312972668162785,0.1587498408962756,87.7,0,0
bidmc_27,310,0.6799999999999999,0.0044376015698018,0.582153846153846,0.4887850421099484,0.2917462581611685,0.2204973139483164,0.1554108169494959,88.0,0,0
bidmc_27,315,0.6799999999999999,0.0044376015698018,0.5815384615384613,0.5104266457350063,0.2995014878480116,0.2272358530523069,0.156683063524542,88.0,0,0
bidmc_27,320,0.6873846153846153,0.0073331540232694,0.5815384615384613,0.4908318962038402,0.2978912803866468,0.2239019278260909,0.1553834586882202,88.0,0,0
bidmc_27,325,0.691076923076923,0.0066847879945847,0.5833846153846152,0.4732897285860841,0.2970346761687041,0.2309654004142211,0.1547944329511491,87.6,0,0
bidmc_27,330,0.6886153846153845,0.0058380510649262,0.5827692307692306,0.4737626796368782,0.2965856908673771,0.2250396610023064,0.1531004485052433,87.1,0,0
bidmc_27,335,0.6806153846153845,0.0066278951472424,0.5839999999999999,0.4859093776309576,0.3020702071758928,0.2234645652668775,0.1552428179207389,87.1,0,0
bidmc_27,340,0.6788571428571428,0.0066639450226803,0.5845714285714284,0.4877906421801714,0.2946132415995753,0.2224722323349941,0.1570058184583108,87.8,0,0
bidmc_27,345,0.6799999999999998,0.005434929763894,0.5833846153846152,0.4626593482028786,0.2945836240577645,0.221318581133584,0.1550507516370634,88.2,0,0
bidmc_27,350,0.6799999999999999,0.0044376015698018,0.5833846153846152,0.477777600854575,0.2962006032647376,0.2154834412779563,0.1533986164830847,88.0,0,0
bidmc_27,355,0.6824615384615383,0.0036923076923076,0.5846153846153844,0.4933693861198058,0.2894220255748711,0.2210010856218585,0.1600594962043783,88.0,0,0
bidmc_27,360,0.683076923076923,0.0038920340432841,0.5852307692307691,0.4833604928776848,0.2950352866490466,0.2218596658197814,0.1562943382529687,88.0,0,0
bidmc_27,365,0.683076923076923,0.0049994082490066,0.5852307692307691,0.4723489682959449,0.3024901826582979,0.2203727280061094,0.1574925550561658,88.0,0,0
bidmc_27,370,0.6824615384615385,0.0057728193967057,0.5864615384615383,0.4523060594131068,0.2901014101458182,0.2271078294003585,0.1608043247747506,88.0,0,0
bidmc_27,375,0.6775384615384615,0.0048455433070841,0.5852307692307691,0.4709222570965231,0.2938123979108012,0.2220564937064526,0.1534566024839851,88.0,0,0
bidmc_27,380,0.6763076923076923,0.0050745915392217,0.5846153846153844,0.4858445204367382,0.2992001150053646,0.2223346371743415,0.1573415208335725,88.4,0,0
bidmc_27,385,0.6787692307692308,0.0052937386258723,0.5852307692307691,0.4846147354208418,0.299179243060963,0.2160802973217545,0.1636575732167792,88.9,0,0
bidmc_27,390,0.6843076923076924,0.007435720599135,0.5846153846153844,0.4633171309597423,0.2974454440069448,0.2314553095492262,0.1542438208213115,88.6,0,0
bidmc_27,395,0.6855384615384614,0.0048455433070841,0.5839999999999999,0.4941528002679382,0.293842872228025,0.2363301589696834,0.1525740679097708,88.0,0,0
bidmc_27,400,0.6843076923076923,0.003988148122097,0.5846153846153844,0.5024312764613514,0.2866450991957723,0.2238378135642182,0.1593442955015653,87.8,0,0
bidmc_27,405,0.6923076923076922,0.0080706935683716,0.5870769230769229,0.4439451695682667,0.3004257378357155,0.2214397094268761,0.1571679246253543,87.8,0,0
bidmc_27,410,0.6947692307692308,0.0061538461538461,0.5883076923076922,0.4488029091847841,0.3034473255641269,0.220515606612208,0.1550260673464709,87.3,0,0
bidmc_27,415,0.691076923076923,0.0059025618748464,0.5864615384615383,0.4576376570452019,0.3069535329969632,0.2220091905509527,0.1578150299283373,86.4,0,0
bidmc_27,420,0.684923076923077,0.0059025618748463,0.5852307692307691,0.4694003639936423,0.2851292398035417,0.2234636675089745,0.1655626080599456,86.5,0,0
bidmc_27,425,0.6787692307692308,0.0052937386258723,0.5839999999999999,0.4770539448045675,0.2863306964072382,0.2251539896368304,0.1564932365663422,87.3,0,0
bidmc_27,430,0.6781538461538462,0.0055725447003922,0.5839999999999999,0.4855083470009256,0.3000094619635344,0.22168916518272,0.1552581537992624,88.1,0,0
bidmc_27,435,0.6799999999999998,0.0044376015698018,0.5846153846153844,0.475452085199251,0.2914946050766231,0.2200998420213843,0.1591271621439247,88.3,0,0
bidmc_27,440,0.6824615384615385,0.0048455433070841,0.5858461538461537,0.4603636224883268,0.2938835238667862,0.2253884056032388,0.1547152324910711,88.0,0,0
bidmc_27,445,0.6855384615384614,0.0079286761395231,0.5870769230769229,0.4921348889016451,0.300620663008487,0.2303330261432871,0.1559641434400895,88.0,0,0
bidmc_27,450,0.6923076923076923,0.0097300851082103,0.5876923076923075,0.4830470461018606,0.283651865148615,0.2201289196020845,0.1597176220440316,88.0,0,0
bidmc_27,455,0.6946666666666665,0.0097068131857073,0.5390769230769231,0.4605791215458295,0.2496694032349815,0.2235139008965005,0.1496377071056397,87.3,0,0
bidmc_27,460,0.6713846153846152,0.0197115290806731,0.6279999999999999,0.4895369434703792,0.2249838610339423,0.2340710953683525,0.170815282195291,87.1,0,0
bidmc_27,465,0.6335999999999999,0.0306655072244587,0.6602666666666668,0.4965434495185953,0.1370541871728418,0.2230928709993427,0.1278901967313917,88.8,0,0
bidmc_27,470,0.5946666666666666,0.0126209702039458,0.6282666666666665,0.4287288100377563,0.1781838297255526,0.207020881566624,0.0972199848557803,93.5,0,0
bidmc_28,0,0.6799999999999999,0.1019683208724085,0.4264615384615384,1.1477650220981954,0.1435189273880187,0.3229528416469448,0.089195933773663,86.9,1,3
bidmc_28,5,0.6731428571428572,0.1135346750952306,0.4492307692307692,1.2370924680847024,0.1612009126686042,0.2819431853581944,0.0963617977926325,87.3,1,3
bidmc_28,10,0.6781538461538461,0.1311967671704464,0.4268571428571429,1.1890279325196798,0.15908392112297,0.2876222382077439,0.0970013182335005,87.5,1,3
bidmc_28,15,0.6892307692307692,0.1082377396476093,0.5021538461538462,1.2177773318601584,0.164802367791732,0.2870329256971684,0.1050645287077752,87.1,1,3
bidmc_28,20,0.6898461538461539,0.0980877520416882,0.6067692307692307,1.2275912267558056,0.1658960477816936,0.2670375237514025,0.099114939687859,87.3,0,0
bidmc_28,25,0.6731428571428572,0.081744250250275,0.5091428571428571,1.1494916429324058,0.1555999746225562,0.2760984211763281,0.0883235654992813,87.5,0,0
bidmc_28,30,0.6993333333333333,0.1123071186029135,0.4339999999999999,1.238464906244407,0.1705339874516855,0.2682004543018542,0.104090305276193,86.9,1,3
bidmc_28,35,0.7046666666666667,0.1443868261149734,0.4609230769230769,1.2337545594092203,0.1969230841259495,0.2744814996150369,0.1158692543872857,86.7,1,3
bidmc_28,40,0.6910769230769229,0.1272879603578869,0.3714285714285714,1.2203402751225911,0.1764802831619819,0.2734053162981553,0.1075970833293443,85.9,1,3
bidmc_28,45,0.6577142857142857,0.0445604382054443,0.3286153846153846,1.1758588764529028,0.1464494579836588,0.2731775102813323,0.0894784478812229,85.8,0,0
bidmc_28,50,0.6571428571428571,0.0273570496081961,0.3874285714285714,1.2249029899826105,0.1360791241822329,0.2718771749250436,0.0838872573806452,88.9,0,0
bidmc_28,55,0.6935384615384617,0.1150950212012902,0.4787692307692307,1.2226023955054874,0.1440744719102031,0.2628958763728001,0.0839038083853366,91.5,1,3
bidmc_28,60,0.7426666666666666,0.1150458845659224,0.4806666666666666,1.2196670236232878,0.1524892261329681,0.2634046040797778,0.0893248512736056,89.8,1,3
bidmc_28,65,0.7273333333333333,0.1244704337940898,0.5427692307692307,1.21987151950461,0.1541523548889637,0.2670783402496119,0.0947046613246583,85.1,1,3
bidmc_28,70,0.8101818181818182,0.0526356570842828,0.6312727272727272,1.2221792782919063,0.1537447365842363,0.2558606821156412,0.087586544380065,82.4,0,0
bidmc_28,75,0.7760000000000001,0.1583184363007899,0.5156363636363636,1.203089776769809,0.1656982660073031,0.2642369885321524,0.0933619393251006,79.8,1,3
bidmc_28,80,0.700923076923077,0.1058783493074528,0.448,1.1165620891503714,0.1646637220402372,0.2556189342489419,0.0959326801530198,77.5,1,3
bidmc_28,85,0.7613333333333334,0.0818345213763048,0.5366666666666666,1.2255027221330896,0.1363361874832959,0.3173407698418923,0.0847781886122922,78.4,0,0
bidmc_28,90,0.7479999999999999,0.0926930418100517,0.5847272727272727,1.0948672490410245,0.1413211821846005,0.2747268071243285,0.0837300415849664,79.8,0,0
bidmc_28,95,0.7400000000000001,0.1156315989107937,0.5593846153846154,1.2184715020943149,0.1783237088814305,0.2581915985768129,0.1055071251594371,80.0,1,3
bidmc_28,100,0.7360000000000001,0.1261110621634756,0.6059999999999999,1.2319333110061614,0.1729647034737449,0.2592988116825003,0.1051879744740101,80.4,1,3
bidmc_28,105,0.7853333333333334,0.0641525958598368,0.5966666666666666,1.1413073382704888,0.1556478411464908,0.2675672117735569,0.0974020952597929,81.6,0,0
bidmc_28,110,0.7553333333333333,0.1198869838176309,0.6039999999999999,1.2503799493869212,0.142272996935605,0.2659920053281152,0.0911191751249142,80.4,1,3
bidmc_28,115,0.7533333333333333,0.1158773297740138,0.6139999999999999,1.2456833532656797,0.1556673024309302,0.2618123891074828,0.0929876355902261,79.2,1,3
bidmc_28,120,0.7393333333333333,0.116181849796869,0.564,1.2256036246844642,0.1797085729176451,0.2658679315494884,0.1088621051155849,79.2,1,3
bidmc_28,125,0.7306666666666666,0.1096094075443445,0.5526666666666665,1.223751889878913,0.177048292709553,0.2576877978736235,0.1020889343133366,80.0,1,3
bidmc_28,130,0.7353333333333333,0.0750081477055807,0.5439999999999999,1.0165854873195443,0.1640435886975915,0.2542619834125035,0.0959671894840084,81.1,0,0
bidmc_28,135,0.7346666666666666,0.0871371843066373,0.486,1.2237460879747202,0.1533283666073339,0.2622411421597069,0.092039204779432,80.8,0,0
bidmc_28,140,0.6262857142857142,0.1033132743313327,0.2971428571428571,1.21737068386267,0.1277627659079055,0.2774066099826227,0.0882984687014443,81.4,1,3
bidmc_28,145,0.6617142857142857,0.1365176223953882,0.3359999999999999,1.2193593085773098,0.1449186281169814,0.2720276742597368,0.0898878664855053,89.0,1,3
bidmc_28,150,0.7593333333333333,0.081221234224117,0.541090909090909,1.1382077780593314,0.1684663876822903,0.2599070377515267,0.0954826631488811,92.8,0,0
bidmc_28,155,0.7578181818181818,0.0908363345221585,0.5519999999999999,1.2271923166900869,0.13503715396341,0.258192258639925,0.0864275892502983,84.7,0,0
bidmc_28,160,0.7486666666666667,0.1271831575152762,0.476,1.2213524206550523,0.1434661564809506,0.2535684589488628,0.091016637507046,80.1,1,3
bidmc_28,165,0.7413333333333334,0.1362872782845934,0.432,1.2198219909214134,0.1578891800943803,0.2613777812720221,0.0975836797470679,81.9,1,3
bidmc_28,170,0.7556363636363636,0.1114460919232194,0.5294545454545454,1.2284968928972395,0.1362497887120705,0.2561469915776721,0.0839823183743879,82.3,1,3
bidmc_28,175,0.7533333333333333,0.1027532102769652,0.5433333333333333,1.232808031389897,0.1246984332846843,0.2589974836191104,0.0750312850564567,80.3,1,3
bidmc_28,180,0.7553333333333333,0.1034579893268545,0.5359999999999999,1.2451798039246356,0.1441642158958676,0.2719873116356066,0.0839601948583375,79.3,1,3
bidmc_28,185,0.7243076923076923,0.1046190044622608,0.4984615384615384,1.2368422431204185,0.1674761638068786,0.2679746601727801,0.098124461900059,79.9,1,3
bidmc_28,190,0.7046153846153845,0.1147985114226315,0.48,1.1427934552953607,0.1637172718411331,0.2667219451472463,0.0957065314379222,81.5,1,3
bidmc_28,195,0.7273333333333333,0.1173693126654304,0.5544615384615383,1.2282741748433774,0.161915163178139,0.2570021504513557,0.0944552377361908,83.5,1,3
bidmc_28,200,0.7593333333333333,0.0830394819080391,0.588,1.2355654320180471,0.1557750604338209,0.2598429630156143,0.0903122395370285,82.6,0,0
bidmc_28,205,0.7293333333333334,0.1173863516579144,0.5606153846153845,1.2315534336942269,0.1472473141399396,0.2686677396099037,0.086204041105728,80.1,1,3
bidmc_28,210,0.7255384615384616,0.134941933600297,0.5586666666666665,1.2111769581832068,0.1671984987550967,0.2805051026337097,0.0956710590036595,79.9,1,3
bidmc_28,215,0.723076923076923,0.1135947327722965,0.4652307692307691,1.11023181663089,0.155830491289207,0.2755489987078271,0.0921970415232457,82.2,1,3
bidmc_28,220,0.668,0.1428765701076082,0.4664615384615383,1.1110492170912842,0.151094224872533,0.2659402403785276,0.0908354214810064,83.2,1,3
bidmc_28,225,0.734,0.1229471431144294,0.5559999999999999,1.2405904927706446,0.149030693038455,0.2595339770284141,0.0919368060001588,82.3,1,3
bidmc_28,230,0.7666666666666666,0.0918452805295708,0.6193333333333332,1.1569082755407432,0.1319106391683094,0.2661701863295187,0.0946087130630096,81.9,0,0
bidmc_28,235,0.734,0.1211555474036028,0.5876363636363636,1.1289282692385632,0.1458171825819345,0.2653788524891852,0.1024970716237377,80.1,1,3
bidmc_28,240,0.7446666666666667,0.117822842531583,0.5846666666666666,1.136073463939872,0.1679873932425867,0.2575617216692665,0.0959515590277365,79.2,1,3
bidmc_28,245,0.7186666666666667,0.1190107371439886,0.4867692307692307,1.2516966936059506,0.1697800954257995,0.2793054549233557,0.0967125562260758,80.9,1,3
bidmc_28,250,0.7400000000000001,0.107901189366321,0.4523076923076923,1.2337872156378065,0.150952680811641,0.2662807370981397,0.0943212407300558,82.5,1,3
bidmc_28,255,0.7386666666666667,0.1099494833498042,0.5476923076923076,1.2413868679658189,0.150723301095303,0.3237458304050278,0.0896685237921266,82.3,1,3
bidmc_28,260,0.7413333333333334,0.1354629920761468,0.5439999999999999,1.235206210068274,0.1671356625831064,0.2616465513547397,0.0996536778342902,80.8,1,3
bidmc_28,265,0.7353333333333333,0.1181844133359198,0.5653333333333332,1.1472159527747252,0.1603542922586834,0.2619255867626875,0.0981195329978966,81.1,1,3
bidmc_28,270,0.7506666666666667,0.0823542483556387,0.5613333333333332,1.130397712303853,0.1441788288060023,0.2725106570722656,0.0938331958294707,81.6,0,0
bidmc_28,275,0.7326666666666667,0.1159060922567154,0.4886666666666666,1.2299002916712611,0.1437998432185928,0.2661970276607346,0.0930305232206397,81.3,1,3
bidmc_28,280,0.7309090909090908,0.1300415699588226,0.4676363636363636,1.234304896996256,0.1448592591876197,0.2667212788927762,0.0904797784623014,81.3,1,3
bidmc_28,285,0.7366666666666667,0.1248981807535864,0.486,1.2287927741649491,0.158767149122063,0.2592385055642547,0.0943858563724239,81.2,1,3
bidmc_28,290,0.7963636363636364,0.1058775216312549,0.5258181818181817,1.2487112728809378,0.1525461951986733,0.3203713544891355,0.0913229038268253,81.0,1,3
bidmc_28,295,0.7526666666666667,0.1317961388744838,0.5233333333333333,1.0412787442801892,0.1389300743377196,0.2653033418325565,0.0921486595235004,81.8,1,3
bidmc_28,300,0.7439999999999999,0.1134665883274308,0.5513333333333332,1.1333100662328022,0.1520685154732595,0.257262388618205,0.0918769808869654,81.6,1,3
bidmc_28,305,0.7426666666666667,0.0871371843066373,0.5493333333333332,1.0435820685921229,0.1538178753578112,0.2692476048399347,0.0907961780188073,80.2,0,0
bidmc_28,310,0.5930666666666666,0.1161834564624222,0.276,1.251160672961762,0.122887629167136,0.3099609032645674,0.0802839073674024,82.1,1,3
bidmc_28,315,0.6302857142857142,0.1445759457227676,0.2462857142857143,1.2489614384368175,0.1476014549600686,0.2821513502835944,0.0964841336462468,94.3,1,3
bidmc_28,320,0.716923076923077,0.1370830526126751,0.4067692307692307,1.2216660127308248,0.1786187534127839,0.2718159564151941,0.105599872100268,99.6,1,3
bidmc_28,325,0.675076923076923,0.1352390826183601,0.4707692307692307,1.044194935828315,0.1641331508934964,0.2675111626017415,0.0909795757906577,89.3,1,3
bidmc_28,330,0.7606666666666667,0.072329492985611,0.6538181818181817,1.041242625769173,0.1502261950068438,0.2622729902907066,0.0840450811859212,82.4,0,0
bidmc_28,335,0.7181538461538461,0.1352978743103505,0.5393333333333332,1.2189718199125297,0.1391339612471845,0.2782416541157388,0.0829510659778058,79.7,1,3
bidmc_28,340,0.7212307692307693,0.1245238030048589,0.4542857142857142,1.234883397937937,0.1359938584660362,0.2667110530048452,0.0857699721934638,80.3,1,3
bidmc_28,345,0.6514285714285712,0.0905457376812674,0.2291428571428571,1.220082149707686,0.1198910876918182,0.2739139200175743,0.0796396908436503,83.4,0,0
bidmc_28,350,0.6935384615384615,0.1083531373189715,0.3662857142857142,1.224176817469322,0.1274372301944104,0.2659541108093784,0.0775683964376538,87.8,1,3
bidmc_28,355,0.7323636363636363,0.1315579877173233,0.542,1.07617879409959,0.1430592741261008,0.2427808601285529,0.0843498690652302,87.5,1,3
bidmc_28,360,0.774,0.1649929291414231,0.5519999999999999,1.086566198859397,0.162093445867666,0.2539021492031023,0.0953480404848644,80.8,1,3
bidmc_28,365,0.7546666666666667,0.091816241603663,0.5519999999999999,1.150073440394814,0.19563268589038,0.2591863009283265,0.1066218140645129,77.9,0,0
bidmc_28,370,0.7546666666666667,0.1184042041295644,0.5433333333333332,1.2299364278974203,0.1916635145879365,0.2565886947349264,0.1110090727058818,77.9,1,3
bidmc_28,375,0.7606666666666667,0.0896486970841678,0.4773333333333333,1.024983878288678,0.1687123767786652,0.2674051465305094,0.1023459951205653,78.3,0,0
bidmc_28,380,0.7493333333333334,0.1212087272252108,0.4899999999999999,1.2356110343546691,0.1671963049955931,0.2704362121783707,0.1030652163069848,80.1,1,3
bidmc_28,385,0.7186666666666667,0.0967103349642058,0.4906666666666666,1.2433970590397967,0.1663956224040657,0.272165835816222,0.1008961850385007,81.1,0,0
bidmc_28,390,0.6855384615384614,0.087093773852021,0.4067692307692307,1.14626961302671,0.1486406797282884,0.2743176764259257,0.0903073872189151,82.7,0,0
bidmc_28,395,0.736,0.1300603410255882,0.4609230769230769,1.253109900999951,0.1375255764265733,0.2766804952756704,0.0828709828021431,85.8,1,3
bidmc_28,400,0.768,0.1252430364603884,0.5818181818181818,1.2433412331492948,0.1477278698435739,0.2630449106213526,0.0790144689847545,84.3,1,3
bidmc_28,405,0.7633333333333333,0.122961601955877,0.6026666666666666,1.2510617797847123,0.1651894482996087,0.2655948057192197,0.0978748732043545,80.3,1,3
bidmc_28,410,0.7432727272727273,0.0897644299963074,0.5258181818181819,1.1368424772861463,0.1680172091669931,0.2600191468009353,0.1061731742539412,78.7,0,0
bidmc_28,415,0.7473333333333333,0.0883905475087064,0.4819999999999999,1.0481814053437508,0.1394357268032086,0.2628868088871376,0.0822405171044035,79.0,0,0
bidmc_28,420,0.7738181818181818,0.0709081585020282,0.5825454545454545,1.1410910685571125,0.1492145176685979,0.2643540552192421,0.088037689299119,79.8,0,0
bidmc_28,425,0.7333333333333334,0.0985945682524594,0.5716923076923076,0.940965583379214,0.1470782933767666,0.2637759964751698,0.0902181381368245,79.0,0,0
bidmc_28,430,0.7653333333333333,0.126757861908268,0.5213333333333333,1.1499075314948657,0.1544269512762367,0.2744800208935375,0.0918737707245269,78.9,1,3
bidmc_28,435,0.6633846153846152,0.092151663002264,0.3851428571428571,1.1569174737904573,0.1454359562893577,0.2874439592643322,0.0900186051009221,80.4,0,0
bidmc_28,440,0.6769230769230768,0.1160811795110921,0.3501538461538462,1.2524011167227695,0.1502129072104566,0.2930764242442628,0.0969182695909199,85.5,1,3
bidmc_28,445,0.7286666666666667,0.0950765773235214,0.5786666666666666,1.1165479131296812,0.1690196909679436,0.2858341228170524,0.1049449690783867,89.2,0,0
bidmc_28,450,0.7286666666666667,0.1142842460223144,0.4726666666666666,1.2302988036415647,0.1496858188809281,0.3185489319872153,0.0896402196568456,86.1,1,3
bidmc_28,455,0.7486666666666667,0.0764867454022082,0.5519999999999999,1.0340749320062887,0.1397799515425465,0.2554791627941632,0.0815101243533643,82.9,0,0
bidmc_28,460,0.6781538461538461,0.1264581695227843,0.3649230769230769,1.247359033854464,0.122608954075208,0.3088192558617494,0.0747386553665727,81.7,1,3
bidmc_28,465,0.6843076923076924,0.1422670212151916,0.4344615384615384,1.138720499947192,0.1283683678953602,0.2798996227012091,0.0861347511250936,85.1,1,3
bidmc_28,470,0.7107692307692308,0.1567939136604056,0.4862857142857142,1.2334227139807583,0.1384548208573599,0.2695820007036764,0.0963489881348028,87.7,1,3
bidmc_29,0,0.6708571428571429,0.0206980231728855,0.0944,0.3063593703428531,0.2501589836205668,0.081984123425281,0.1490123412489922,90.5,0,0
bidmc_29,5,0.6793846153846153,0.0316070548637446,0.1034285714285714,0.3659954921358899,0.2568475407315551,0.0823713476362118,0.150246886524073,90.3,0,0
bidmc_29,10,0.6622857142857141,0.0044629998148038,0.0554666666666666,0.3686228814802669,0.2502849389135611,0.0854191371959195,0.1489298005300179,90.2,0,0
bidmc_29,15,0.6652307692307691,0.0285607418729164,0.1057142857142857,0.3725301756791878,0.2507653373839643,0.0920155913718181,0.150128027952278,90.3,0,0
bidmc_29,20,0.667076923076923,0.060564601921561,0.1673846153846154,0.3715005993351327,0.2466242705529634,0.0847214353862899,0.1449194596349346,90.6,0,0
bidmc_29,25,0.6594285714285714,0.0554020555133294,0.168,0.3591269020401879,0.2415368864512492,0.1092699425029788,0.1430876337395713,90.8,0,0
bidmc_29,30,0.661142857142857,0.0295655618749177,0.0613333333333333,0.3486037546628352,0.2322683477218503,0.0851321157560544,0.1375189594701931,90.7,0,0
bidmc_29,35,0.6611428571428571,0.0107361681303176,0.0994285714285714,0.3202925939133798,0.2505459765308167,0.0865796737980543,0.144688507022413,89.9,0,0
bidmc_29,40,0.6596923076923076,0.0179202704966905,0.0548571428571428,0.3491636017776844,0.2437220898886117,0.0847659243927298,0.1432379868110934,89.1,0,0
bidmc_29,45,0.6639999999999999,0.0085523597411975,0.0458666666666666,0.3644115739746198,0.2514793329549075,0.092972946633956,0.1517394820187305,88.4,0,0
bidmc_29,50,0.6738461538461539,0.0071235919401785,0.0222857142857142,0.3672224976392828,0.254156289105663,0.0836762583638639,0.1521403552683835,88.4,0,0
bidmc_29,55,0.6799999999999998,0.0915910643945307,0.088,0.3665180887316639,0.2648010096757427,0.0823594368138115,0.1572341191733071,89.4,0,0
bidmc_29,60,0.6806153846153845,0.1015552433684312,0.2491428571428571,0.3698020282910441,0.2535467515279021,0.0841796528102802,0.151798779834964,90.1,1,3
bidmc_29,65,0.6800000000000002,0.0962049095180938,0.2097142857142857,0.4119560328427779,0.2440919185258093,0.1158754851033911,0.1407636885314099,90.3,0,0
bidmc_29,70,0.6639999999999999,0.0873743996505023,0.1568,0.4134679661448856,0.2175831822979202,0.115570686215385,0.1312479140406016,90.0,0,0
bidmc_29,75,0.6633846153846152,0.0058380510649262,0.0474285714285714,0.3699011644428647,0.2285256461297051,0.0866103568440515,0.1369006072553609,90.5,0,0
bidmc_29,80,0.6599999999999999,0.0183303027798233,0.048,0.3081583124683825,0.2407680438154603,0.084376587806323,0.1443522645071176,91.0,0,0
bidmc_29,85,0.6683076923076923,0.0434358671631293,0.2005714285714285,0.3355821670073292,0.2326301563262285,0.083482950493194,0.1451136444352897,90.5,0,0
bidmc_29,90,0.6622857142857143,0.0476346641059826,0.2181333333333333,0.3743373864760919,0.2085874285681411,0.089929610189039,0.1370499915210597,89.5,0,0
bidmc_29,95,0.6615384615384615,0.0398624855155732,0.0725714285714285,0.3396592718901069,0.2076826197890609,0.0882899816664783,0.1352847305521548,89.4,0,0
bidmc_29,100,0.6685714285714285,0.0340371945413381,0.1424,0.2723998087818829,0.2243986089741849,0.0941570725426833,0.1367869067983415,90.0,0,0
bidmc_29,105,0.6658461538461538,0.0539997808454899,0.1577142857142857,0.3249987418088736,0.2644942489365506,0.0930843301208036,0.1504669352170328,90.0,0,0
bidmc_29,110,0.6639999999999999,0.033123146848433,0.1098666666666666,0.3503526933775028,0.2428068115224411,0.093991953402478,0.1455876955562835,90.4,0,0
bidmc_29,115,0.6646153846153845,0.0312939867940704,0.1125714285714285,0.3459133654056811,0.2557548256145427,0.0927041591741433,0.1516274792832209,91.0,0,0
bidmc_29,120,0.6685714285714285,0.0058274508726774,0.0554666666666666,0.3603337285214734,0.2630367260756088,0.082683145111706,0.1547234521171788,90.6,0,0
bidmc_29,125,0.6646153846153845,0.0058380510649262,0.1011428571428571,0.3239596428451465,0.2640859469809785,0.1000425662134406,0.1559532842746738,90.2,0,0
bidmc_29,130,0.6565714285714286,0.1075212366304006,0.2234666666666666,0.4369110487992171,0.2314555245562745,0.1252262719494354,0.1365534294445458,90.7,1,3
bidmc_29,135,0.6676923076923076,0.1253815006691943,0.2537142857142857,0.4345631889177235,0.2283022879621165,0.1190762380126512,0.1355127956247143,91.1,1,3
bidmc_29,140,0.6787692307692308,0.1156268227107253,0.2627692307692308,0.3912975811652472,0.2360212798627922,0.0920586441014078,0.1358996205117143,90.7,1,3
bidmc_29,145,0.6634285714285714,0.0479489524475386,0.1668571428571428,0.3738177353369472,0.2243613250963487,0.0844493724898622,0.1329580530477963,90.1,0,0
bidmc_29,150,0.6492307692307692,0.036030230568134,0.0508571428571428,0.3231061255937041,0.2221387795750515,0.084057779336316,0.1349088646268419,89.9,0,0
bidmc_29,155,0.6548571428571428,0.0847103106752293,0.1488,0.3774296075545509,0.2441541393407704,0.0851739943827706,0.1415058360205527,90.4,0,0
bidmc_29,160,0.667076923076923,0.030670611186159,0.0885714285714285,0.3145079128152165,0.256450907348313,0.0839951080894332,0.1440076045864172,91.0,0,0
bidmc_29,165,0.6651428571428571,0.0073178562713518,0.0789333333333333,0.3819318241709961,0.2503903874153189,0.084714999402714,0.1488014025029455,90.9,0,0
bidmc_29,170,0.6609230769230768,0.0059025618748464,0.0337142857142857,0.3787496416223049,0.2417698341132223,0.0854182180573385,0.1490775107328558,90.4,0,0
bidmc_29,175,0.6577142857142856,0.0053908463611752,0.0341333333333333,0.3786133706683323,0.2502755319047623,0.0840505643165229,0.1476143334242731,90.0,0,0
bidmc_29,180,0.6566153846153846,0.0178779557493341,0.0377142857142857,0.3783937907648744,0.2742334749128606,0.0840125713650199,0.1579077522294484,90.1,0,0
bidmc_29,185,0.6657142857142856,0.0135827020845768,0.032,0.3107451980218215,0.2701379179971597,0.0827160453645343,0.1560420332646919,90.1,0,0
bidmc_29,190,0.6670769230769231,0.0066847879945847,0.0394285714285714,0.3651978967102655,0.2708617913895733,0.084638260865485,0.1570087680923928,90.1,0,0
bidmc_29,195,0.6651428571428571,0.015075321095169,0.0938666666666666,0.3125862659219957,0.2576716250612755,0.0831423477245013,0.1500530960241617,90.7,0,0
bidmc_29,200,0.6646153846153845,0.0724744394852297,0.2137142857142857,0.3658843824838104,0.2630620377752189,0.0917673220671992,0.1500737721659872,90.8,0,0
bidmc_29,205,0.667076923076923,0.0459606211688316,0.1605714285714286,0.3091321887636282,0.2511549973919321,0.0825488472265788,0.1453590873589335,90.6,0,0
bidmc_29,210,0.6577142857142857,0.069885036791483,0.1778461538461538,0.3712508459305595,0.2482591812155001,0.0847491805183195,0.1462249821483809,90.8,0,0
bidmc_29,215,0.6584615384615385,0.067400770806612,0.2252307692307692,0.4140267963321704,0.2396534489279646,0.1135507990839329,0.1409099306568962,90.4,0,0
bidmc_29,220,0.6594285714285714,0.0159181580310675,0.1061333333333333,0.27071119159973,0.2166604776328276,0.1157888032282261,0.1364554154270399,90.1,0,0
bidmc_29,225,0.6603076923076923,0.0067412007077558,0.0542857142857143,0.3761183900358477,0.2294667553344607,0.0833225471486636,0.1400256950964644,90.3,0,0
bidmc_29,230,0.6645714285714286,0.0087970310390518,0.0517333333333333,0.3779560504489125,0.2467665865305714,0.0858868594657411,0.1484771408949472,89.9,0,0
bidmc_29,235,0.6646153846153845,0.020447074124106,0.0542857142857142,0.3779708623231403,0.2573060644647908,0.083936388923791,0.1553845158042646,89.4,0,0
bidmc_29,240,0.6645714285714285,0.0359637005201361,0.0592,0.3529868420541019,0.2578784353252522,0.0860774085489111,0.1534945530262722,89.5,0,0
bidmc_29,245,0.6683076923076924,0.0170762300621681,0.048,0.3195786614034124,0.2661981292635084,0.0839215628014811,0.1571494427155936,89.9,0,0
bidmc_29,250,0.6725714285714286,0.0047466422073817,0.0746666666666666,0.3740858650460723,0.2556649106496509,0.0846136021621475,0.150879842614978,90.1,0,0
bidmc_29,255,0.668923076923077,0.0281601506182093,0.1262857142857143,0.3109607407913754,0.2422430966799303,0.0820179270907189,0.1427329819388401,89.9,0,0
bidmc_29,260,0.6639999999999999,0.0504154171431149,0.0912,0.3352729074600191,0.2513004590960569,0.082436843208581,0.1527298734170629,90.4,0,0
bidmc_29,265,0.6664615384615384,0.0145105552277557,0.0822857142857143,0.2968651875442118,0.2683973999435248,0.0820141783611243,0.1608074302438251,91.2,0,0
bidmc_29,270,0.6668571428571427,0.035340905362437,0.1786666666666666,0.367123256415545,0.2671137918458133,0.0830867850532179,0.1571702229100133,91.2,0,0
bidmc_29,275,0.6584615384615383,0.0101118010616338,0.0908571428571428,0.3156994073989089,0.2718854029324107,0.0825011364142399,0.164711234911427,91.0,0,0
bidmc_29,280,0.6577142857142857,0.0230633555092692,0.0912,0.3133913015769117,0.2586136859190072,0.0827845093283702,0.1514137975183088,91.0,0,0
bidmc_29,285,0.6502857142857142,0.0699013882668481,0.1542857142857143,0.3725763609118129,0.2589543283244565,0.0843569170875514,0.1501956218609471,90.8,0,0
bidmc_29,290,0.6584615384615383,0.0413179331239249,0.1581538461538461,0.3462067870040569,0.2562444544182837,0.0836389246941892,0.1493857518519724,90.3,0,0
bidmc_29,295,0.6599999999999999,0.0112122382116277,0.0832,0.3156974587967108,0.2597507841764472,0.0805679662168063,0.155619249477069,90.1,0,0
bidmc_29,300,0.6639999999999999,0.005434929763894,0.0382857142857142,0.3700633653175863,0.2694347458740414,0.0820030536695693,0.1602062923080864,90.8,0,0
bidmc_29,305,0.6662857142857143,0.0182499650544814,0.04,0.3438055169486934,0.2668062434659334,0.0815266410396237,0.1550015564867903,90.9,0,0
bidmc_29,310,0.6652307692307692,0.0285607418729164,0.2262857142857142,0.369283177231539,0.2212370775068487,0.0810969813604013,0.1379958851137069,90.1,0,0
bidmc_29,315,0.6485714285714285,0.0388949396005523,0.1189333333333333,0.3390667899945377,0.2219507919508217,0.0818350313993471,0.1332615823696849,90.3,0,0
bidmc_29,320,0.6578461538461539,0.1031756129159973,0.2194285714285714,0.3589411667135902,0.2615334550853206,0.0837962812317296,0.1485460810624472,90.5,1,3
bidmc_29,325,0.6639999999999998,0.0597842274028346,0.3034285714285714,0.358418573300034,0.2623283339143392,0.0814212533512885,0.1480775188780163,90.3,0,0
bidmc_29,330,0.6594285714285714,0.0134255315708236,0.0537142857142857,0.3074582792513222,0.263418254185222,0.1003019352612997,0.1509552228936302,91.2,0,0
bidmc_29,335,0.6646153846153845,0.0085713158628825,0.0497142857142857,0.3518759840622588,0.2582260292838171,0.0796585489814978,0.1475284594272639,92.1,0,0
bidmc_29,340,0.6628571428571428,0.0094932844147635,0.052,0.3478788165970767,0.2635812806493826,0.0881398188387242,0.1517096182331252,92.2,0,0
bidmc_29,345,0.6516923076923077,0.0067412007077558,0.0617142857142857,0.3728280116918399,0.2213880932464242,0.0819758151104997,0.1478921755336493,92.0,0,0
bidmc_29,350,0.6508571428571429,0.0274820906432252,0.184,0.3709484328787146,0.1720245382704798,0.0829932899212985,0.1347320152883248,91.2,0,0
bidmc_29,355,0.6491428571428571,0.0283419354688851,0.2144,0.3621369516957333,0.1579193847559882,0.0823572542096092,0.1169343765281022,90.6,0,0
bidmc_29,360,0.6572307692307692,0.0316669054283534,0.324,0.3304562413436062,0.1593399302960573,0.0789201267999569,0.1138946048855749,90.5,0,0
bidmc_29,365,0.6622857142857143,0.0505221713302028,0.344,0.3358366068835226,0.1515747289814932,0.0798298902453054,0.1003434472421978,90.5,0,0
bidmc_29,370,0.670153846153846,0.0375435053358022,0.2068571428571428,0.3637488121471975,0.157965179599432,0.0798741988797221,0.0989751039670208,90.9,0,0
bidmc_29,375,0.6634285714285715,0.01109513590797,0.0768,0.3408546372912058,0.1815822075019527,0.0823672830290968,0.1162089599004477,90.9,0,0
bidmc_29,380,0.6577142857142857,0.0194033449672567,0.0297142857142857,0.361760615210323,0.2307570723077577,0.0832771349390377,0.1346616352897047,90.8,0,0
bidmc_29,385,0.6605714285714285,0.0429446725212707,0.0908571428571428,0.3546167091626052,0.2515853274960603,0.0806966487436019,0.1460396747471573,92.5,0,0
bidmc_29,390,0.6662857142857143,0.0753159332141504,0.2005714285714285,0.360516529072953,0.2461510592163494,0.0817863565995616,0.1436050490590388,92.9,0,0
bidmc_29,395,0.6354285714285712,0.0937212540963241,0.1748571428571428,0.3299372714459865,0.2310563725378534,0.082554670632679,0.1318736748254898,91.5,0,0
bidmc_29,400,0.6405714285714286,0.0935137226642732,0.1308571428571428,0.3565119635533199,0.2259627425818356,0.0818300507316747,0.130686373318293,91.0,0,0
bidmc_29,405,0.6525714285714285,0.0539811002451178,0.2017142857142857,0.3625403035126504,0.2450869730456682,0.0800687088646631,0.1450037977603485,90.7,0,0
bidmc_29,410,0.6572307692307692,0.0340636369307028,0.1971428571428571,0.3535778987303066,0.2651480473321941,0.0823634279126217,0.152511125633663,90.4,0,0
bidmc_29,415,0.6577142857142857,0.0478262160198307,0.1925333333333333,0.3570147685680841,0.2614824231214753,0.0794879839978867,0.1527311487248847,90.1,0,0
bidmc_29,420,0.6559999999999999,0.0582831285787154,0.1101538461538461,0.3529450762722884,0.2675942965016212,0.080013653506453,0.1567037269054884,90.4,0,0
bidmc_29,425,0.6657142857142856,0.0244114392723358,0.0912,0.2990669964014023,0.2712625576031399,0.0785150819434443,0.1537287800384831,90.5,0,0
bidmc_29,430,0.6639999999999999,0.0128285396117963,0.0451428571428571,0.3533949385167402,0.2909061118212827,0.0800882079540129,0.1653570296448224,90.1,0,0
bidmc_29,435,0.6634285714285714,0.0087970310390518,0.0512,0.2985351440100306,0.2808041024911904,0.0786332893743483,0.1592314522546872,90.2,0,0
bidmc_29,440,0.6634285714285714,0.0070681810724874,0.0497142857142857,0.3070105992134765,0.2810229381618082,0.0778787037637285,0.1588894985647093,90.9,0,0
bidmc_29,445,0.6676923076923077,0.0050745915392217,0.0468571428571428,0.3361947734673405,0.2720836272346199,0.0763585819228528,0.155426576654724,91.0,0,0
bidmc_29,450,0.6594285714285714,0.019991835068041,0.0434285714285714,0.3429389465576902,0.2592878688663943,0.0774017256449853,0.1495990417095865,90.8,0,0
bidmc_29,455,0.6584615384615383,0.0490535270975498,0.1097142857142857,0.3458818766417871,0.2197095825749939,0.0799280297712127,0.1404010055472346,90.5,0,0
bidmc_29,460,0.6559999999999999,0.0507768226091955,0.1472,0.3392398794113187,0.2158062086546676,0.0800964920656566,0.1386026572778423,90.3,0,0
bidmc_29,465,0.6491428571428571,0.0316923991402561,0.0891428571428571,0.3118515846986421,0.2361922641036334,0.0747704685651474,0.1350293060080646,91.5,0,0
bidmc_29,470,0.6639999999999999,0.0188830990192666,0.1301333333333333,0.2653698969413859,0.2343595726702806,0.0776742934995253,0.139938155297867,92.6,0,0
bidmc_30,0,0.6904615384615383,0.0065705096935577,0.6393846153846153,1.0127900750281094,0.3166037034211377,0.2351765232467185,0.1403467033586382,88.4,0,0
bidmc_30,5,0.6793846153846153,0.0106231855394658,0.6393846153846153,1.0111709130192763,0.3280778751745282,0.221021720465084,0.1450172953431047,87.4,0,0
bidmc_30,10,0.669142857142857,0.0077722688621345,0.621142857142857,1.01783245914187,0.3068234931871511,0.2289024127149503,0.1374322032277377,88.1,0,0
bidmc_30,15,0.675076923076923,0.0059025618748464,0.6104615384615383,1.005960727091177,0.3071168716654457,0.2270879379365706,0.1393805186839819,89.4,0,0
bidmc_30,20,0.676,0.004,0.613142857142857,1.0047243352308617,0.3235175121723322,0.2285603774673084,0.1445592608852318,89.4,0,0
bidmc_30,25,0.6793846153846153,0.0049230769230768,0.6104615384615383,1.0005559991423592,0.3282081306523945,0.2327889910292224,0.145254089443048,89.0,0,0
bidmc_30,30,0.6668571428571427,0.0475797933443796,0.6159999999999999,0.9436441845636084,0.3351974531477371,0.2210533743416684,0.1507981122035381,88.5,0,0
bidmc_30,35,0.677142857142857,0.0048822878544671,0.6182857142857142,1.0043673042634051,0.3206614093182138,0.2289777832268915,0.1433684152802371,88.1,0,0
bidmc_30,40,0.675076923076923,0.0059025618748464,0.6184615384615384,1.0125085738359112,0.3226810123972209,0.2281984012446596,0.1434629365452397,88.6,0,0
bidmc_30,45,0.668,0.0089442719099991,0.6222857142857142,1.0145413403239083,0.3242255365385162,0.2305541375812956,0.144958820647017,89.0,0,0
bidmc_30,50,0.6434285714285713,0.0460274984356623,0.6258461538461538,0.97203863877427,0.2911037681095146,0.2328481851114188,0.1418866194091002,89.6,0,0
bidmc_30,55,0.6674285714285714,0.0172945668004817,0.6279999999999999,1.012284995418383,0.261433228344079,0.2284138893777327,0.1208102751943549,90.9,0,0
bidmc_30,60,0.688,0.0094135744866327,0.6319999999999999,0.9848021633323968,0.3120649588710315,0.2250976562546885,0.137570895621137,90.6,0,0
bidmc_30,65,0.669142857142857,0.0488128454154336,0.6326153846153845,0.9236145594873668,0.342453471863437,0.2134970926504303,0.1527086509890651,88.4,0,0
bidmc_30,70,0.6742857142857143,0.0047121207149916,0.6314285714285713,0.9921132086090712,0.3157741622999139,0.2231818432947453,0.1409972638550393,87.8,0,0
bidmc_30,75,0.6775384615384615,0.0057728193967057,0.6356923076923077,0.9767098454121788,0.3213380039164173,0.2233495048230146,0.1429899744749448,88.7,0,0
bidmc_30,80,0.6765714285714285,0.0049815987926178,0.6369230769230769,0.9827839250884732,0.3251395513531045,0.2274838098152034,0.1488154367648402,88.8,0,0
bidmc_30,85,0.6701538461538461,0.0055725447003922,0.6369230769230769,1.012257236899576,0.3156813222798452,0.2267672515717686,0.1451759478408827,88.8,0,0
bidmc_30,90,0.668,0.004,0.6399999999999999,1.027186131708819,0.3140212928536001,0.2312845154016127,0.141418935486369,89.5,0,0
bidmc_30,95,0.6670769230769231,0.0049994082490067,0.6793846153846153,1.016339010410486,0.3054650835077978,0.2288206658969195,0.1318966871016683,90.0,0,0
bidmc_30,100,0.6634285714285714,0.0087970310390518,0.5839999999999999,1.0333344359376289,0.2220596545510424,0.2355919934972646,0.1182987636075832,90.0,0,0
bidmc_30,105,0.676923076923077,0.0123690776875333,0.6258461538461538,1.0066442204330277,0.2589470423303193,0.228027429835035,0.1314644722554355,90.3,0,0
bidmc_30,110,0.6843076923076923,0.0067412007077558,0.6276923076923075,0.9676127636421152,0.3189358906775563,0.2175623598921016,0.1481465669914226,89.6,0,0
bidmc_30,115,0.6811428571428572,0.0051110125199994,0.6289230769230768,1.0116554517867111,0.3189346109360145,0.2289936621183493,0.1537811026051632,88.3,0,0
bidmc_30,120,0.6843076923076923,0.003988148122097,0.6313846153846152,1.002596638443027,0.3127014800912068,0.2340729308997186,0.1550713582193315,88.0,0,0
bidmc_30,125,0.6855384615384614,0.0036923076923076,0.6338461538461537,1.0132647671327373,0.3120515384182661,0.2208359445490667,0.1453705807429679,88.0,0,0
bidmc_30,130,0.6855384615384614,0.0036923076923076,0.6369230769230769,1.0206268729374397,0.319579887250359,0.2327860421412289,0.1491141143255372,87.6,0,0
bidmc_30,135,0.6867692307692307,0.0042635096801695,0.6399999999999999,1.0117185971609308,0.3122011375593381,0.2274553794177362,0.1553388634088007,87.3,0,0
bidmc_30,140,0.6867692307692307,0.0042635096801695,0.6436923076923076,1.0116601424097411,0.3070246143776453,0.2645796110628706,0.1456976005479106,87.3,0,0
bidmc_30,145,0.688,0.005434929763894,0.6473846153846152,0.991570951048376,0.3072684189821567,0.2198776492085503,0.1431896609691989,87.1,0,0
bidmc_30,150,0.685142857142857,0.0057427860692118,0.6424615384615383,1.0190702051160454,0.3068000418860129,0.2298492898173872,0.1499433127905034,87.0,0,0
bidmc_30,155,0.6732307692307692,0.0112465642353828,0.597142857142857,1.0144279951692872,0.3083751406250733,0.2369627104975799,0.1490388158041147,87.3,0,0
bidmc_30,160,0.6639999999999999,0.0085523597411975,0.636,0.9472508807835978,0.2938442104317726,0.2521249922299267,0.1479274148959038,88.6,0,0
bidmc_30,165,0.6578461538461539,0.0768713672350877,0.5805714285714284,0.9226786562734752,0.2727820935101611,0.2542212320489653,0.1369632112689887,90.0,0,0
bidmc_30,170,0.6775384615384615,0.0805143230302394,0.6086153846153846,0.7779193068054742,0.2888273854893465,0.2451782764615255,0.1399508977135108,90.0,0,0
bidmc_30,175,0.6756923076923076,0.007435720599135,0.6529230769230769,1.013873276161601,0.2998501416473241,0.2507470524887706,0.1425761858094413,89.2,0,0
bidmc_30,180,0.684923076923077,0.0059025618748463,0.6467692307692308,1.00877309540901,0.313856645808706,0.2313105260855296,0.1482031361008335,88.5,0,0
bidmc_30,185,0.6754285714285713,0.0477818170522671,0.6313846153846152,0.9575558640022944,0.3164518843080816,0.2206443891972311,0.149367512090389,87.8,0,0
bidmc_30,190,0.69,0.0066332495807107,0.6246666666666666,1.0183272901543092,0.3086208813425968,0.2322796750961196,0.1484840664448051,87.2,0,0
bidmc_30,195,0.6972307692307692,0.0515455793018385,0.6239999999999999,0.9580091025989528,0.3196244179492597,0.2207296965781247,0.1468843359526328,86.8,0,0
bidmc_30,200,0.696,0.0287589450967333,0.6276923076923075,1.0280632972317685,0.3065804754290093,0.2404139645077178,0.1423713405629767,85.6,0,0
bidmc_30,205,0.6738461538461539,0.0063952645202543,0.6295384615384615,1.0293234274212872,0.3109573697033714,0.2348953837565477,0.1461505310448211,85.6,0,0
bidmc_30,210,0.684923076923077,0.0066847879945847,0.6824615384615385,0.9273633598468904,0.337748411872342,0.2568614100320019,0.1528143405458977,87.6,0,0
bidmc_30,215,0.6793846153846153,0.0316070548637446,0.6966153846153845,0.8446858229878661,0.2997035665255591,0.2459518404082349,0.151164967245696,88.5,0,0
bidmc_30,220,0.6775384615384615,0.0048455433070841,0.6369230769230769,1.0238291174552,0.296696019166419,0.2720207126074478,0.1380501661166617,88.3,0,0
bidmc_30,225,0.6782857142857143,0.0053908463611751,0.6394285714285713,1.0282259352620815,0.3150016028055563,0.2354135846065193,0.1505510219416853,88.4,0,0
bidmc_30,230,0.6836923076923077,0.007435720599135,0.6412307692307692,1.0078412859820582,0.315370906108565,0.2336620607351166,0.1554345322409707,88.6,0,0
bidmc_30,235,0.683076923076923,0.0073846153846153,0.6406153846153846,1.004084076013031,0.3193023750155411,0.2196806677461335,0.1455702899542457,88.3,0,0
bidmc_30,240,0.6788571428571428,0.0041206300291016,0.6399999999999999,1.0159075660236705,0.3114991344450902,0.232778033137833,0.1487017233913182,88.0,0,0
bidmc_30,245,0.6781538461538461,0.0063952645202542,0.6436923076923076,1.0098694900108132,0.309211362435008,0.2318459919185944,0.1467881240447665,88.0,0,0
bidmc_30,250,0.6707692307692307,0.0116761021298524,0.6467692307692308,1.0217752966918894,0.3002241555192435,0.2330705055329228,0.1404964886355111,88.3,0,0
bidmc_30,255,0.6781538461538461,0.0147692307692307,0.6498461538461537,1.0256098102742122,0.2853486908066573,0.2308931170404838,0.1387539779876084,89.1,0,0
bidmc_30,260,0.6824615384615385,0.008527019360339,0.6523076923076923,1.016706894756734,0.3059334539849404,0.2224625163014354,0.1437624584347787,89.0,0,0
bidmc_30,265,0.6737142857142856,0.0068809111878813,0.6525714285714285,1.0307413545913404,0.3191211565321638,0.2359040426865939,0.1533905449715909,88.2,0,0
bidmc_30,270,0.6775384615384615,0.0101118010616338,0.6363076923076922,1.0236269563353222,0.314400134277626,0.2300314223618144,0.1518693908516246,88.5,0,0
bidmc_30,275,0.7175384615384615,0.1888037708980555,0.5796923076923076,0.957268335558835,0.3035246793447821,0.229765318742891,0.15584934685432,88.8,1,3
bidmc_30,280,0.672,0.0067612340378281,0.6697142857142857,0.981949049770538,0.2825988511925665,0.2366559360970283,0.1376917957329695,88.6,0,0
bidmc_30,285,0.6763076923076923,0.0059663752091277,0.6233846153846153,1.018644130086425,0.275347115552672,0.2294956370197191,0.133481267275392,88.7,0,0
bidmc_30,290,0.6812307692307691,0.0028864096983528,0.6283076923076922,1.0214100525799228,0.3194554057968785,0.2300305796039341,0.1492742265367505,88.6,0,0
bidmc_30,295,0.6664615384615384,0.048650425541052,0.595076923076923,0.8815554649110559,0.3054829721435796,0.225524852386101,0.146100694174124,88.4,0,0
bidmc_30,300,0.6788571428571428,0.0806747058455455,0.6012307692307691,0.9029384535558758,0.2865783741083383,0.2270464154780332,0.1389955980750807,89.2,0,0
bidmc_30,305,0.6873846153846153,0.0085713158628825,0.6356923076923077,1.0033227949124008,0.3009653207400959,0.2399811325437379,0.142969781611975,89.5,0,0
bidmc_30,310,0.6793846153846153,0.0073331540232694,0.6399999999999999,0.995749688329388,0.3221322466296863,0.2291295974359833,0.1504868266459498,88.1,0,0
bidmc_30,315,0.6781538461538461,0.0063952645202542,0.6406153846153846,1.015674981507943,0.3239111090455994,0.2219213078986615,0.1490857907763069,87.8,0,0
bidmc_30,320,0.6799999999999999,0.0076861513826441,0.6381538461538461,1.0160409214236634,0.3086872888211478,0.2287000752418462,0.1458862693609029,88.4,0,0
bidmc_30,325,0.6565714285714286,0.0432364170012044,0.6363076923076922,0.9660560364920094,0.310173911542385,0.2335048949205686,0.1479467285090107,88.4,0,0
bidmc_30,330,0.6812307692307691,0.0185229746994367,0.6387692307692306,1.0255279375366415,0.2868074127397809,0.2343923231139879,0.1361587768316286,89.1,0,0
bidmc_30,335,0.6898461538461537,0.0089601352483452,0.6455384615384615,1.0142794191117503,0.3027437623338815,0.2281841812706609,0.1402463267656233,88.7,0,0
bidmc_30,340,0.6824615384615385,0.0048455433070841,0.6486153846153845,1.0247047179199555,0.3142198023366193,0.2410223200594836,0.1444109159575852,87.5,0,0
bidmc_30,345,0.683076923076923,0.0049994082490066,0.6486153846153845,1.027703762070355,0.319330126259522,0.2388659927588768,0.1477965365220162,87.7,0,0
bidmc_30,350,0.6781538461538461,0.0083927271981451,0.6523076923076923,1.0223056091179723,0.3089990195433705,0.2297758621313824,0.1485528790389533,88.0,0,0
bidmc_30,355,0.6775384615384615,0.008527019360339,0.643076923076923,1.0267767047444545,0.3026021153595615,0.2713322847488831,0.14027164355331,88.3,0,0
bidmc_30,360,0.6836923076923076,0.003988148122097,0.6295384615384615,0.9959300739247116,0.30685770078011,0.2302016969396503,0.1452292711335415,88.6,0,0
bidmc_30,365,0.6763076923076923,0.0097300851082103,0.6246153846153846,1.0351518397855533,0.3159842399350307,0.2326039582216099,0.1541232306897071,88.3,0,0
bidmc_30,370,0.683076923076923,0.0152237746176651,0.6215384615384614,1.0299529174966997,0.259759711906684,0.2254320700239019,0.1258348331738186,88.4,0,0
bidmc_30,375,0.6916923076923076,0.0097300851082103,0.6670769230769231,0.9832940661136578,0.2201276050890695,0.2328872921043927,0.1047237424362959,88.4,0,0
bidmc_30,380,0.686153846153846,0.0077840680865682,0.6239999999999999,0.994199323557047,0.2847087378203954,0.251399958873937,0.1333957061699142,87.5,0,0
bidmc_30,385,0.6892307692307692,0.0052937386258723,0.6356923076923077,1.015353535467337,0.3070900960384226,0.2502760274385958,0.1442588127041056,87.0,0,0
bidmc_30,390,0.688,0.0044376015698018,0.6399999999999999,1.0089612520182534,0.2751196086212277,0.2190926643536086,0.1285235789403775,87.0,0,0
bidmc_30,395,0.6857142857142857,0.0036140316116209,0.6418461538461538,1.022945641352392,0.2741850143255861,0.2306380681019766,0.1333794537433116,87.1,0,0
bidmc_30,400,0.6769230769230768,0.0086153846153845,0.643076923076923,1.0133507565326918,0.2960748973526996,0.233068550913003,0.1453493925847226,87.5,0,0
bidmc_30,405,0.6781538461538461,0.0104796223790315,0.643076923076923,1.0127600820953688,0.2935488786350585,0.2218873135849619,0.138475083280403,88.3,0,0
bidmc_30,410,0.6845714285714284,0.0058274508726774,0.6418461538461538,1.0264076129606976,0.3020496331264747,0.2319222292752077,0.1482311233017991,88.6,0,0
bidmc_30,415,0.6849230769230767,0.0038920340432841,0.6443076923076922,1.0121354547915222,0.3242572804894534,0.2283221222897439,0.1532422789511891,88.2,0,0
bidmc_30,420,0.6861538461538461,0.0033706003538779,0.6455384615384615,1.0086498852436787,0.3183387492913757,0.2200904070888203,0.1466594234196101,88.0,0,0
bidmc_30,425,0.6849230769230767,0.0038920340432841,0.6498461538461537,1.0115695202302868,0.3116892568642943,0.2242618219479274,0.1457066730822177,87.8,0,0
bidmc_30,430,0.6775384615384615,0.0057728193967057,0.6529230769230769,1.0122969454711568,0.2939905955296313,0.2282997101858729,0.1469814331358934,87.8,0,0
bidmc_30,435,0.6622857142857141,0.0788012224084197,0.624,0.8258944933938085,0.3032909287889606,0.2223748842833202,0.1392383163531588,88.5,0,0
bidmc_30,440,0.6725714285714286,0.0330491285506771,0.5748571428571428,0.8938532270091709,0.2672499940605066,0.2290704757615289,0.1311070945543722,89.0,0,0
bidmc_30,445,0.6707692307692307,0.0042635096801695,0.5938461538461538,1.006144970755866,0.2597710487928624,0.2265667183355499,0.1272923390807788,89.1,0,0
bidmc_30,450,0.6725714285714286,0.0047466422073817,0.6268571428571427,0.9922629083393008,0.2832546935728753,0.2324722480278815,0.1375791242746881,89.3,0,0
bidmc_30,455,0.6732307692307693,0.0052937386258723,0.6264615384615383,1.0062296902076764,0.3009740484020081,0.2302569317884159,0.1437424053645047,89.2,0,0
bidmc_30,460,0.6668571428571429,0.0098478216797794,0.6268571428571427,1.016543460222701,0.2862043767424038,0.2306972152510139,0.1380100902718816,89.1,0,0
bidmc_30,465,0.6732307692307693,0.014666308046539,0.6295384615384615,1.028365241451992,0.2856711669969096,0.2297920347020979,0.139147452541746,89.6,0,0
bidmc_30,470,0.6867692307692307,0.0042635096801695,0.6344615384615384,1.0259787433551326,0.3166058562144913,0.2238138308315923,0.1468239462251892,89.3,0,0
bidmc_31,10,1.0106666666666666,0.6013673308940773,0.524,0.1029167952971501,0.1383576449660097,0.0709842135420821,0.1114183935616219,87.0,1,3
bidmc_31,15,0.9472000000000002,0.3906785891241034,0.2623999999999999,0.1249230588234622,0.0945879313155284,0.119040605120636,0.0859498166190577,88.6,1,3
bidmc_31,20,0.7546666666666667,0.2767493852246508,0.4039999999999999,0.0905662846775617,0.0974610524307951,0.1042454500690812,0.0686966426248422,88.4,1,3
bidmc_31,145,0.677142857142857,0.1121063634888487,0.491076923076923,0.0746697606462781,0.15975340293274,0.04735643580563,0.1000087840586079,86.5,1,3
bidmc_31,150,0.675076923076923,0.0871024697507848,0.4873846153846153,0.0783313912814844,0.1470076600253786,0.0478785144360597,0.0962301377490076,87.0,0,0
bidmc_31,155,1.149,0.4840320237339673,0.361,0.0590938222830399,0.156148155250708,0.0419749527074408,0.0947037531569539,85.5,1,3
bidmc_31,190,0.7187692307692307,0.0069076751755826,0.6603076923076923,0.0683284927697879,0.1733426980265556,0.043174772770469,0.1039812853376213,83.4,0,0
bidmc_31,205,0.7243076923076923,0.117433702812323,0.4110769230769231,0.0578132171837867,0.1736299187194214,0.0429288862517815,0.1062105035516281,83.2,1,3
bidmc_31,210,0.7267692307692306,0.1333809776808544,0.5015384615384615,0.0713056861639074,0.1708342312435315,0.0439539791177357,0.1032987367280355,82.9,1,3
bidmc_31,215,0.7226666666666666,0.1036575558697429,0.4273333333333333,0.0390320366159044,0.1776562501342746,0.0440974135231201,0.1047328861027119,82.9,1,3
bidmc_31,220,0.8448,0.3034774456199339,0.3898181818181818,0.0437837923754309,0.1815088354821723,0.0449613594164937,0.1067837581434427,83.0,1,3
bidmc_31,230,0.7233333333333333,0.1585083243520317,0.41,0.0726050049817029,0.1783764168422733,0.0425975841676794,0.1073754670274569,83.0,1,3
bidmc_31,245,0.7243636363636363,0.1196534942142767,0.3352727272727273,0.0732999497038118,0.1745405694068453,0.0437863159319487,0.1049715029864685,83.0,1,3
bidmc_31,250,0.7453333333333333,0.0948167823869921,0.4453333333333333,0.0725708811642109,0.1692635892751557,0.0442950021133748,0.1065786909331822,82.6,0,0
bidmc_31,255,0.7095384615384616,0.1209352117614509,0.432,0.0749299267924645,0.1571541090126757,0.0422520350461067,0.096640064722139,82.6,1,3
bidmc_31,260,0.7261538461538461,0.107932918022721,0.4923076923076923,0.0676097079715612,0.1601680263914932,0.0429816349793035,0.0981686158353233,82.8,1,3
bidmc_31,265,0.7052307692307692,0.1204237095529165,0.4314285714285715,0.0724027708123746,0.1694609405271337,0.0424073520116449,0.1040407585307208,83.2,1,3
bidmc_31,270,0.718153846153846,0.15228002856774,0.4135384615384616,0.075623357939707,0.1669915413399323,0.0443631976513964,0.1028860505999583,83.7,1,3
bidmc_31,285,0.7373333333333333,0.1484078464532414,0.3886666666666666,0.0757737116438221,0.162389095452582,0.0426501164851577,0.0969567000460289,83.3,1,3
bidmc_31,290,0.7386666666666667,0.12480740718759,0.3493333333333333,0.0745589849492924,0.1593328388849879,0.0439869067702351,0.0943238244335379,83.0,1,3
bidmc_31,305,0.7226666666666666,0.1339983416149452,0.438,0.0642702279572272,0.1579317841744752,0.0427541599639088,0.0941764840562131,83.0,1,3
bidmc_31,335,0.7113846153846153,0.1200804464076789,0.561142857142857,0.0703152027091928,0.1524033221686121,0.0433027647036905,0.0946360696904489,82.8,1,3
bidmc_31,340,0.7267692307692308,0.1067262161190988,0.5963076923076922,0.0702853407560795,0.1542070133688603,0.0427363554376836,0.0958026322081682,82.7,1,3
bidmc_31,345,0.7083076923076923,0.1197583365432136,0.5594285714285714,0.0724292881201187,0.1636633156508425,0.0450685251343962,0.1023734750464898,82.9,1,3
bidmc_31,350,0.7086666666666667,0.0944010357758618,0.5353846153846153,0.0734847507973844,0.1659605210286951,0.0423455979455366,0.1013254714712968,83.0,0,0
bidmc_31,355,0.7393333333333333,0.1247272580027673,0.4326666666666667,0.07723971474927,0.1724374039379958,0.0430221547439974,0.1031541518069778,83.0,1,3
bidmc_31,360,0.7233333333333333,0.1133941013555036,0.5213333333333333,0.0666809475824985,0.1788528051894787,0.0427191006669274,0.1079583989572333,82.7,1,3
bidmc_31,365,0.7193333333333333,0.1251115058213627,0.4024615384615385,0.0723492826143045,0.1617163456209641,0.0430165349120764,0.0978967991897972,82.2,1,3
bidmc_31,380,0.715076923076923,0.1638472372661904,0.3914285714285714,0.0766984902524574,0.1647287238138036,0.0432010280659159,0.1012193739339258,82.4,1,3
bidmc_31,385,0.7199999999999999,0.1303942739029082,0.3298461538461538,0.0833033322885971,0.1689971893476272,0.0428682111171722,0.1006769676226721,81.6,1,3
bidmc_31,390,0.7506666666666667,0.1296490990670158,0.444,0.0739723584055276,0.1704599071773665,0.0425073667570472,0.1027080583065492,81.6,1,3
bidmc_31,395,0.7373333333333334,0.1135527288189157,0.5393333333333333,0.0618222452888983,0.1580064022322418,0.0482289804528654,0.0963722164799922,81.6,1,3
bidmc_31,400,0.7400000000000001,0.1417039166713468,0.5138461538461538,0.0720866899520262,0.1555379441760901,0.043034293248584,0.0951818341204768,81.2,1,3
bidmc_31,405,0.7390769230769231,0.1564384674012125,0.5132307692307692,0.0761812402941098,0.1688586917181752,0.0424985904508532,0.1034608752666291,81.1,1,3
bidmc_31,430,0.7359999999999999,0.1124751824478034,0.5499999999999999,0.0651702637157433,0.1708378072445293,0.0425509478780455,0.1070225725060914,81.9,1,3
bidmc_31,435,0.7298461538461538,0.107932918022721,0.5986666666666666,0.0584049499747384,0.1587232407222821,0.0417262322381189,0.0962129040040458,82.0,1,3
bidmc_31,440,0.716923076923077,0.1311361368598775,0.3453333333333333,0.0546844671454572,0.16272330299533,0.0414436034529061,0.0983331551687043,82.0,1,3
bidmc_31,445,0.7153333333333333,0.1247700106418027,0.4104615384615385,0.070557779820695,0.1725379941115474,0.042001170637076,0.1042055605405886,82.0,1,3
bidmc_31,455,0.726,0.113707226390117,0.5266666666666666,0.0663224285303603,0.1704850917507031,0.0422959917792194,0.1066448287528582,82.5,1,3
bidmc_31,460,0.7400000000000001,0.1268910293650947,0.4846666666666666,0.0697292400193797,0.1706876777293229,0.0423665372999208,0.1058727088469201,82.9,1,3
bidmc_31,465,0.7076923076923076,0.1430607104131156,0.4377142857142857,0.0736163446125199,0.1701515126021703,0.0412793022491379,0.1045545017238412,83.0,1,3
bidmc_31,470,0.7230769230769231,0.1324064032488677,0.4221538461538461,0.065961772403011,0.1717742344009274,0.0420860484358648,0.1051483999245326,83.0,1,3
bidmc_32,0,0.7393333333333333,0.0076303487615064,0.0836923076923076,-0.0404936094359272,0.099653327092058,0.4757410765995679,0.0620880907945648,81.1,0,0
bidmc_32,5,0.7346666666666667,0.0102415276638248,0.0935384615384615,-0.0251382799857863,0.0860779268565873,0.4717332008971338,0.0571052328725579,81.0,0,0
bidmc_32,10,0.7373333333333333,0.0137921072437181,0.0916923076923077,-0.02085537598118,0.1011380480330684,0.4879292674869211,0.0668482957847753,81.3,0,0
bidmc_32,15,0.7393333333333333,0.0100443461155462,0.0906666666666666,-0.0012614959825769,0.1096025153714316,0.489350785568202,0.0746200735794319,81.5,0,0
bidmc_32,20,0.7386666666666667,0.0075424723326565,0.096,-0.0277796104708771,0.0927453709503466,0.4743080408040185,0.0633480290008913,81.2,0,0
bidmc_32,25,0.7400000000000001,0.0095219045713904,0.088,-0.0283047423683509,0.0852256298463347,0.4715481341043265,0.0550165931249341,81.0,0,0
bidmc_32,30,0.7386666666666666,0.0099777530313971,0.0843076923076922,-0.0418626693552306,0.0892665556090004,0.5221124911220199,0.0578146809296946,81.0,0,0
bidmc_32,35,0.738,0.0080829037686547,0.0806153846153846,-0.0132548945048688,0.0925170576943853,0.4838063113608412,0.0616122805136998,81.0,0,0
bidmc_32,40,0.7367272727272727,0.0110296370095295,0.084,-0.0290390353870883,0.0956518185604916,0.4823961696745947,0.0597675962016787,81.0,0,0
bidmc_32,45,0.7373333333333334,0.0107496769977314,0.0849230769230769,-0.0256580377836974,0.0972772692603255,0.4730150533499281,0.0627432306941096,81.0,0,0
bidmc_32,50,0.7366666666666667,0.006896053621859,0.0818461538461538,-0.0211940613536049,0.1065146835714866,0.47530301087126,0.0686206386475421,81.1,0,0
bidmc_32,55,0.7360000000000001,0.009237604307034,0.0824615384615384,-0.0206426776759973,0.10471196122136,0.4887405434387898,0.0672444453576971,81.1,0,0
bidmc_32,60,0.7366666666666667,0.011527744310527,0.0899999999999999,0.0016814620235361,0.0976832920424198,0.4896682574415167,0.0645000368948263,81.2,0,0
bidmc_32,65,0.7399999999999999,0.0089442719099991,0.0861538461538461,-0.0249196150033442,0.1068086851439411,0.4693447381638332,0.0724222427600535,81.2,0,0
bidmc_32,70,0.7406666666666667,0.0089193921068397,0.0781538461538461,-0.0283417125058418,0.1011807066742738,0.4715189267727199,0.0677837540334418,81.0,0,0
bidmc_32,75,0.7386666666666666,0.0094280904158206,0.088,-0.0339493992778826,0.0797190975848341,0.4875739085175118,0.0550335157384745,81.0,0,0
bidmc_32,80,0.7400000000000001,0.0089442719099991,0.0953333333333333,-0.0123373618591463,0.0748833322752364,0.4902318422102664,0.0533364607290205,81.0,0,0
bidmc_32,85,0.7386666666666667,0.0059628479399994,0.1009230769230769,-0.0426225785245397,0.0897632432667011,0.4843113246620247,0.0590914899498576,81.0,0,0
bidmc_32,90,0.7366666666666667,0.0076303487615064,0.0947692307692307,-0.0290347785189255,0.0824180995391758,0.4717755612122501,0.0540738817015653,81.1,0,0
bidmc_32,95,0.738,0.0080829037686547,0.0843076923076922,-0.0453217284389591,0.0832817335432967,0.5243704483567186,0.0531429713439985,81.3,0,0
bidmc_32,100,0.7413333333333334,0.0059628479399994,0.088,-0.0354347996008934,0.0969417833118573,0.4852294732990643,0.0642528260851084,81.2,0,0
bidmc_32,105,0.7396363636363635,0.0124701295996234,0.09,-0.0327028531351279,0.0917228044436117,0.475062686304824,0.059447887429069,81.0,0,0
bidmc_32,110,0.7346666666666667,0.0107496769977314,0.1009230769230769,-0.0306270186466747,0.0762102589057365,0.472503107150547,0.0523467799022331,81.0,0,0
bidmc_32,115,0.738,0.0087177978870813,0.0978461538461538,-0.0340397649605229,0.0833863462694331,0.4831521256974369,0.0576954636441884,81.3,0,0
bidmc_32,120,0.7393333333333333,0.0060736223860962,0.0923076923076923,-0.0255296031115866,0.0939452773426223,0.4848113203754308,0.0631839447708889,81.3,0,0
bidmc_32,125,0.7373333333333333,0.0091408728005347,0.0926666666666666,-0.0072942122116968,0.0806884833181016,0.4903017606708703,0.0536304246082861,81.0,0,0
bidmc_32,130,0.7386666666666667,0.0082192186706253,0.0916923076923076,-0.034289737677747,0.0928657305181227,0.476146918145194,0.0634425129110249,81.0,0,0
bidmc_32,135,0.7393333333333333,0.0076303487615064,0.0849230769230769,-0.0231999180944573,0.0991350973199486,0.4714559046704764,0.0650181587171989,81.1,0,0
bidmc_32,140,0.7360000000000001,0.009237604307034,0.091076923076923,-0.030070998237676,0.0777422864126935,0.4874761802170241,0.0522604500312621,81.1,0,0
bidmc_32,145,0.7333333333333334,0.008844332774281,0.099076923076923,-0.0246782577166228,0.0759629803401103,0.4839778671777935,0.0563825454446352,81.2,0,0
bidmc_32,150,0.7386666666666667,0.010498677165349,0.0886153846153846,-0.0344077401565847,0.0952573255916297,0.4782580939622132,0.0629010083177172,81.6,0,0
bidmc_32,155,0.738,0.0093094933625126,0.091076923076923,-0.0247395474916907,0.0897894995707535,0.4724190821659528,0.0584145348492774,81.4,0,0
bidmc_32,160,0.7386666666666667,0.010498677165349,0.0892307692307692,-0.0333180677175604,0.0784197785329698,0.5334165769473674,0.0518307697751362,81.0,0,0
bidmc_32,165,0.7413333333333334,0.0094280904158206,0.0843076923076922,-0.0210807554927918,0.0924941317992409,0.4939540820279625,0.0606651269218192,81.0,0,0
bidmc_32,170,0.738,0.0098657657246325,0.0926666666666666,-0.0468500404918613,0.0970576207538808,0.4923158512441765,0.061942621224897,81.0,0,0
bidmc_32,175,0.7366666666666667,0.0105619863451699,0.0947692307692307,-0.0274649847839242,0.091059742763199,0.4739464443493619,0.0589699366749444,81.0,0,0
bidmc_32,180,0.738,0.0093094933625126,0.0836923076923077,-0.0203818999719776,0.0831304255119762,0.4725799443350845,0.0542116342839947,81.1,0,0
bidmc_32,185,0.7393333333333333,0.0076303487615064,0.0824615384615384,-0.0297488963478585,0.0952734527419959,0.4868134670069781,0.0635065800885314,81.1,0,0
bidmc_32,190,0.7393333333333333,0.0060736223860962,0.0859999999999999,-0.014034010949383,0.1007608285665933,0.4878072443037964,0.0645513435321874,81.0,0,0
bidmc_32,195,0.7413333333333333,0.008844332774281,0.0984615384615384,-0.0143735836412479,0.0747816785561333,0.4689107319887475,0.0511459895246331,81.0,0,0
bidmc_32,200,0.7400000000000001,0.0100664459136943,0.0984615384615384,-0.0243990139144767,0.0817653669230635,0.4709450203429772,0.0585060839035289,81.0,0,0
bidmc_32,205,0.7366666666666667,0.0094985378991833,0.0904615384615384,-0.0277454809816027,0.0934041375711239,0.487491118200696,0.0632203164219602,81.0,0,0
bidmc_32,210,0.7413333333333334,0.0099777530313971,0.0812307692307692,-0.004205371505517,0.0981450313268837,0.4908258707141548,0.061350175905095,81.0,0,0
bidmc_32,215,0.738,0.0093094933625126,0.0843076923076922,-0.0307125804649408,0.1011467661264781,0.4822155684931276,0.0621350740364541,81.0,0,0
bidmc_32,220,0.7373333333333333,0.0085374989832438,0.0861538461538461,-0.030050533630775,0.0940506955419033,0.4723799007571564,0.0584675923807112,81.0,0,0
bidmc_32,225,0.7373333333333333,0.0054974741674902,0.0867692307692307,-0.0479527222982062,0.1015456790045198,0.5275260278848792,0.0638392346666529,81.3,0,0
bidmc_32,230,0.7373333333333333,0.0078881063774661,0.0892307692307692,-0.023021235979175,0.1006256095617528,0.4926431627953977,0.0675320359190892,81.5,0,0
bidmc_32,235,0.7386666666666667,0.0109949483349804,0.084,-0.036014811104506,0.1021537093673769,0.4935817457475782,0.0649390600043278,81.3,0,0
bidmc_32,240,0.7399999999999999,0.0083266639978645,0.083076923076923,-0.0389253153972197,0.1084612196321088,0.4755935284077237,0.0694901059437733,81.1,0,0
bidmc_32,245,0.742,0.0098657657246325,0.0793846153846153,-0.026756314430336,0.1085451126744407,0.4723546392147589,0.0695912542596454,81.0,0,0
bidmc_32,250,0.7440000000000001,0.008,0.0744615384615384,-0.0221773947403099,0.1071354721624449,0.4857288771813752,0.0702813794808967,81.0,0,0
bidmc_32,255,0.7454545454545454,0.0089072354283024,0.0693333333333333,-0.0261817590571644,0.1189713954164464,0.4754646042235084,0.0728645395887943,81.0,0,0
bidmc_32,260,0.7433333333333333,0.0110554159678513,0.0769230769230769,-0.0280274753517891,0.1171169198956128,0.4750664603090172,0.072164242445322,81.0,0,0
bidmc_32,265,0.7413333333333334,0.0109949483349804,0.0836923076923077,-0.0354280972200976,0.107561607820067,0.5069124900398209,0.068098266932218,81.0,0,0
bidmc_32,270,0.742,0.0709647799968407,0.0939999999999999,-0.0160338800996694,0.1008917406936435,0.4927596311788948,0.0682386610870626,81.0,0,0
bidmc_32,275,0.738909090909091,0.0297915623974749,0.162,-0.0036168168807721,0.106694009511883,0.4750892171690846,0.0687797418931578,81.2,0,0
bidmc_32,280,0.7413333333333334,0.010498677165349,0.0824615384615384,-0.0296772807478894,0.109175711031753,0.4731178361277426,0.0682514326023085,81.2,0,0
bidmc_32,285,0.7413333333333334,0.0114697670227235,0.0781538461538461,-0.0328402570681762,0.1066159562820238,0.4842252151286599,0.068185051241161,80.9,0,0
bidmc_32,290,0.7399999999999999,0.0089442719099991,0.0793846153846153,-0.016545458752901,0.0978240475319082,0.4941156720642273,0.0673664050735573,80.9,0,0
bidmc_32,295,0.7373333333333333,0.0107496769977314,0.0753333333333333,-0.0405213734054866,0.1148070602887974,0.4933377276161699,0.0703044258553526,81.0,0,0
bidmc_32,300,0.7353333333333333,0.0076303487615064,0.0787692307692307,-0.0211167863148066,0.1107120858103605,0.4739882496064086,0.0688497749451564,81.0,0,0
bidmc_32,305,0.7366666666666667,0.0076303487615064,0.0756923076923076,-0.0224132119121615,0.1019180804910225,0.4715730192168872,0.0628101443296906,81.3,0,0
bidmc_32,310,0.738,0.0098657657246325,0.0756923076923077,-0.0229487046794218,0.1081848420783752,0.486569555406625,0.070189756790742,81.4,0,0
bidmc_32,315,0.742,0.0108934230922454,0.072,-0.0456664265447994,0.116558607554941,0.4933615386313179,0.0751801189552425,81.1,0,0
bidmc_32,320,0.7440000000000001,0.0103279555898864,0.0658461538461538,-0.0250719399237389,0.1239739713256349,0.4694709793865563,0.0745801502842799,81.0,0,0
bidmc_32,325,0.742,0.0103923048454132,0.0683076923076923,-0.0299528901537239,0.1159064136555511,0.4717167353378405,0.0714236490376478,81.0,0,0
bidmc_32,330,0.7426666666666667,0.0091408728005347,0.0738461538461538,-0.0261130477009166,0.1113858555809209,0.4858645822299348,0.0719088329823799,81.0,0,0
bidmc_32,335,0.7418181818181818,0.0068995148949128,0.0793333333333333,-0.0211319061415816,0.1024719815252886,0.4884862182943001,0.0654045210837639,81.0,0,0
bidmc_32,340,0.7426666666666667,0.0085374989832438,0.0781538461538461,-0.028237076100135,0.1106798596973827,0.4736156662277238,0.0699093445235905,81.0,0,0
bidmc_32,345,0.7433333333333333,0.0082999330653258,0.0799999999999999,-0.0358051167689873,0.115362245653387,0.4736809844414612,0.0721790226947704,81.0,0,0
bidmc_32,350,0.7400000000000001,0.0083266639978645,0.0873846153846153,-0.0146683394348971,0.1004427079330829,0.4934743109888324,0.0707641100981732,81.0,0,0
bidmc_32,355,0.7396363636363635,0.0071257883426419,0.088,-0.0207712276116624,0.1041862920882408,0.4890043443883899,0.0663354706832823,81.0,0,0
bidmc_32,360,0.7366666666666667,0.0076303487615064,0.0843076923076922,-0.0295053313560375,0.0982729817993093,0.4738643451996098,0.0631162243663433,81.0,0,0
bidmc_32,365,0.7373333333333334,0.0078881063774661,0.0855384615384615,-0.0245163015921581,0.0980536884780379,0.4718716157505772,0.0658286366781078,81.1,0,0
bidmc_32,370,0.738,0.0108934230922454,0.0849230769230769,-0.0196394975138416,0.1025250869700175,0.4856702949396593,0.0680047218774769,81.2,0,0
bidmc_32,375,0.738,0.0098657657246325,0.0833333333333333,-0.0051985886787612,0.090452633554413,0.4898705926342498,0.0599435792142935,81.1,0,0
bidmc_32,380,0.7406666666666667,0.0060736223860962,0.4892307692307692,-0.0362843199303557,0.0950842283582802,0.4699218928214934,0.0611129036314212,81.0,0,0
bidmc_32,385,0.7393333333333333,0.006896053621859,0.4886153846153846,-0.0355067812418994,0.0807214888435176,0.4705717488799344,0.063685107475912,81.0,0,0
bidmc_32,390,0.7399999999999999,0.0105830052442583,0.0799999999999999,-0.039411236868702,0.0811318502607485,0.5008836571851559,0.0517626062187165,81.0,0,0
bidmc_32,395,0.7426666666666667,0.0102415276638248,0.0733333333333333,-0.00496410469654,0.0795646751207142,0.4890611062280437,0.05092091197766,81.0,0,0
bidmc_32,400,0.742,0.0087177978870813,0.0806153846153846,-0.0194827545736283,0.0928377629212482,0.4682917212659404,0.0607731371137283,80.9,0,0
bidmc_32,405,0.742,0.0073936910042729,0.0867692307692307,-0.0333240939882789,0.1022024313368798,0.4703309824916403,0.0670993008768033,80.9,0,0
bidmc_32,410,0.7406666666666667,0.0089193921068397,0.0836923076923076,-0.0362220489681546,0.103575175809645,0.4837810689574235,0.0680062947586156,81.0,0,0
bidmc_32,415,0.7386666666666666,0.0067986926847903,0.0826666666666666,-0.0280347033156912,0.1016397937570456,0.489347367962674,0.0668792170773019,81.0,0,0
bidmc_32,420,0.7359999999999999,0.0086409875978771,0.0867692307692307,-0.023244906430493,0.1034287168094615,0.4727109669467594,0.0687769129657825,81.0,0,0
bidmc_32,425,0.7386666666666666,0.0099777530313971,0.0886153846153846,-0.0273709016577097,0.1109949111549215,0.4715836314360271,0.0729882026613892,81.0,0,0
bidmc_32,430,0.7386666666666667,0.0094280904158206,0.083076923076923,-0.0352126984139844,0.0997105492011721,0.4880401258073105,0.067341761832468,81.0,0,0
bidmc_32,435,0.7373333333333334,0.0091408728005347,0.0806153846153846,-0.0077976032493903,0.0941253190512154,0.4844009769559023,0.0593733004132004,81.0,0,0
bidmc_32,440,0.7360000000000001,0.0073029674334022,0.0873846153846153,-0.0255989578473293,0.0943947000316583,0.4759062559065128,0.0599606530800651,81.0,0,0
bidmc_32,445,0.742,0.0093094933625126,0.08,-0.0262425230468221,0.088277713083586,0.4722554511228678,0.057944280449494,81.2,0,0
bidmc_32,450,0.7440000000000001,0.0065319726474218,0.0843076923076922,-0.0460361985763004,0.0928958803043022,0.5299352326048049,0.061064118296114,81.1,0,0
bidmc_32,455,0.742,0.0073936910042729,0.0853333333333333,-0.0184689509419653,0.0823588797024888,0.4880228507457954,0.0562625809068145,80.7,0,0
bidmc_32,460,0.7446666666666667,0.006896053621859,0.0744615384615384,-0.015492348893164,0.0929656031166665,0.4681029534510623,0.0595035365770952,80.8,0,0
bidmc_32,465,0.7439999999999999,0.0142361043360417,0.0738461538461538,-0.0240631527488236,0.0931875900037829,0.4715241658636122,0.0597057214929986,80.9,0,0
bidmc_32,470,0.7439999999999999,0.0117756811551038,0.0756923076923077,-0.0289039724070672,0.0896555972248409,0.4828357217504231,0.0607566236677375,80.7,0,0
bidmc_33,0,0.8130909090909092,0.2018755037350111,0.478,0.5107048165579197,0.233133188042327,0.2879791913324926,0.1334517887424944,78.6,1,3
bidmc_33,5,0.7353333333333333,0.1400745833079252,0.4926666666666666,0.5859711034899006,0.2116527641877291,0.2628795509126849,0.1285534228981035,75.5,1,3
bidmc_33,10,0.7089230769230769,0.1135080217690237,0.4504615384615383,0.5869288709693415,0.2071311175222637,0.2680014272343037,0.1244764952094435,77.9,1,3
bidmc_33,15,0.7246666666666667,0.0877243156459801,0.4239999999999999,0.6494120829605456,0.2033025942544491,0.2983671225477368,0.1237625178920798,82.8,0,0
bidmc_33,20,0.7373333333333333,0.1086564412366898,0.451076923076923,0.6366644126973159,0.2094294423220577,0.294104064804462,0.1287590488110551,83.7,1,3
bidmc_33,25,0.7133333333333334,0.1067749450427809,0.3901538461538462,0.5800752546201597,0.2096799287604914,0.2613567085737127,0.1295933960033607,82.5,1,3
bidmc_33,30,0.7280000000000001,0.1173030263889214,0.3889230769230769,0.540382046472753,0.2170971540905082,0.2265456570528072,0.1346205441824251,82.2,1,3
bidmc_33,35,0.7206666666666667,0.1125443122606479,0.3673333333333333,0.6007605075384052,0.1994845367542802,0.2627414126189882,0.1252190271514096,81.7,1,3
bidmc_33,40,0.7107692307692308,0.0967583459697038,0.3742857142857143,0.6285121638271287,0.2108656088530068,0.292715304838949,0.1303766809125882,82.4,0,0
bidmc_33,45,0.696,0.0732540363813069,0.3366153846153846,0.6146350378659655,0.2199489430476653,0.2891073466663052,0.1329744837159172,83.9,0,0
bidmc_33,50,0.7206666666666667,0.0510642297068658,0.3333333333333333,0.5611905563395786,0.2205166354688263,0.2877803278846835,0.1309809300202575,84.4,0,0
bidmc_33,55,0.7213333333333333,0.0939692621138541,0.3006666666666666,0.6237552622748184,0.2281424673725156,0.2890164768298247,0.1432847171943434,84.5,0,0
bidmc_33,60,0.7206153846153845,0.0804578613661915,0.3114285714285714,0.3091445281468862,0.241019978458065,0.2576810282138894,0.1498272494126939,83.2,0,0
bidmc_33,65,0.7175384615384615,0.0975457410532778,0.2886153846153846,0.5242389375086066,0.2255813542330852,0.2196867185108554,0.1394516568635034,82.5,0,0
bidmc_33,70,0.7064615384615384,0.0719236939504589,0.3239999999999999,0.534859815372652,0.2163725960766298,0.2611438950719115,0.1315815173921048,83.7,0,0
bidmc_33,75,0.7079999999999999,0.0635400136397005,0.296,0.5961775227329913,0.2210861477807136,0.2926065737914792,0.1328710492141105,84.6,0,0
bidmc_33,80,0.734,0.1145483886108108,0.3746666666666667,0.5651849694077795,0.2283487515186682,0.2927056058621048,0.1404602331387403,84.3,1,3
bidmc_33,85,0.7246666666666667,0.0940047280134828,0.3906666666666666,0.5380669029121764,0.2296918829848242,0.2954375653425234,0.1410568637200055,82.9,0,0
bidmc_33,90,0.7353333333333333,0.1014801567904889,0.3901538461538461,0.6097646501874286,0.2423619779026637,0.3022696655315255,0.1408024430737591,82.3,1,3
bidmc_33,95,0.8109090909090909,0.1943873614229889,0.412,0.6268345345502574,0.2488140690626778,0.2909161950979074,0.1426326036381797,82.4,1,3
bidmc_33,100,0.8101818181818182,0.2022445945706778,0.4666666666666666,0.6080444021522624,0.2178162258229781,0.2855427202570509,0.1356096391798638,78.8,1,3
bidmc_33,105,0.75,0.1244132897510015,0.474,0.6381752321815974,0.2168768673863973,0.2905470157471627,0.1336998351800168,75.3,1,3
bidmc_33,110,0.7224615384615384,0.0955571640309251,0.4165714285714285,0.6113431557387327,0.2214373249007745,0.2880528393066641,0.1372276986446836,77.9,0,0
bidmc_33,115,0.6959999999999998,0.0930839158212383,0.3938461538461538,0.6482952887805815,0.2228752487499652,0.3124548069890188,0.1353844620693017,81.6,0,0
bidmc_33,120,0.7021538461538461,0.1082517337959188,0.3714285714285714,0.5466325495317453,0.2241289479523036,0.2632497215961334,0.134763238673334,82.9,1,3
bidmc_33,125,0.7133333333333334,0.1107951061895585,0.3086666666666667,0.5318874355716326,0.218365637438072,0.2469946469752668,0.131172568815465,82.4,1,3
bidmc_33,130,0.7393333333333333,0.1268892780690665,0.3944615384615384,0.590177451977768,0.2221193576155663,0.2940101606952972,0.1411270699119132,82.1,1,3
bidmc_33,135,0.7166666666666667,0.1264682656725481,0.3679999999999999,0.5573052511181392,0.2149790688933502,0.2615471232944111,0.1452858023484853,82.4,1,3
bidmc_33,140,0.786,0.1457715107053958,0.4486666666666667,0.5543551114652918,0.2260374536430619,0.261405923578383,0.1394182223975677,79.8,1,3
bidmc_33,145,0.8021818181818182,0.1869982100944081,0.4676363636363636,0.6565245201599715,0.228959444306595,0.293057432043792,0.1356223042430561,77.8,1,3
bidmc_33,150,0.7626666666666667,0.1763128532530235,0.432,0.6085098889266949,0.2144924695656976,0.2960285896707981,0.1331420121526724,76.7,1,3
bidmc_33,155,0.6947692307692308,0.0958894827361597,0.2914285714285714,0.5716532301175677,0.2107865265825159,0.2659555149197373,0.1342268050167978,76.9,0,0
bidmc_33,160,0.7073333333333333,0.1233081055279371,0.4166153846153845,0.5878652330923082,0.215295509560569,0.2634013157730552,0.1343349165549411,82.0,1,3
bidmc_33,165,0.7512727272727272,0.1598710223950947,0.5013333333333333,0.5922993783002363,0.2195166479814911,0.2995627181284698,0.1339451840177843,84.8,1,3
bidmc_33,170,0.724923076923077,0.1251426641498915,0.3704615384615385,0.5816773031330328,0.2225448058190641,0.2954203845974222,0.1352359318462676,81.7,1,3
bidmc_33,175,0.696,0.0803071028566637,0.3206666666666666,0.5743977715419796,0.2334864287757163,0.266118863355236,0.1394036690744117,81.2,0,0
bidmc_33,180,0.7224615384615384,0.1378653832741397,0.4486666666666666,0.5611079042756698,0.2318941525455475,0.2663233002643285,0.1415032013514335,84.9,1,3
bidmc_33,185,0.7298461538461538,0.1224630846442784,0.5175384615384615,0.675154045725334,0.1921580275927074,0.3153469616172752,0.1191320094234206,85.2,1,3
bidmc_33,190,0.7039999999999998,0.0791285873331082,0.4356923076923076,0.579003002262466,0.1922534926877444,0.3417734458810638,0.1159799164068093,83.1,0,0
bidmc_33,195,0.7093333333333333,0.0650196551479285,0.3686153846153847,0.5389577528131796,0.2043560327001365,0.2610932880114725,0.1228166245277812,83.7,0,0
bidmc_33,200,0.7319999999999999,0.1588122581330967,0.3633333333333333,0.5593398649112804,0.2159450091023371,0.2719075535071082,0.130884879391967,84.2,1,3
bidmc_33,205,0.7386666666666666,0.1441234039132977,0.4049230769230769,0.5670949877183856,0.2209389647418556,0.2670353018313953,0.1418793537079083,83.2,1,3
bidmc_33,210,0.6984615384615384,0.080880363105606,0.408,0.5574010323065103,0.1927894511506984,0.302186216659031,0.1322051700225684,82.5,0,0
bidmc_33,215,0.7166666666666667,0.0843142270846912,0.4387692307692307,0.6437682857580975,0.2072651313918766,0.3306546697977706,0.1263440831678603,83.7,0,0
bidmc_33,220,0.7173333333333333,0.0957960797156589,0.3876923076923076,0.602793639849629,0.1925650255766519,0.3215908192428341,0.1250554258279806,84.2,0,0
bidmc_33,225,0.6986666666666665,0.0982694707876708,0.2326153846153846,0.5889269974344169,0.1940662422366973,0.2596016044268945,0.1251609018358088,83.7,0,0
bidmc_33,230,0.7026666666666667,0.1017622501498249,0.2586666666666666,0.6272550142730295,0.1990860409086719,0.2914791908951247,0.1335758873560411,85.1,1,3
bidmc_33,235,0.738,0.1098908549425292,0.5079999999999999,0.6239588032191274,0.1795643933483827,0.2984970752353157,0.1349771153480957,85.7,1,3
bidmc_33,240,0.7453333333333333,0.0999110715697826,0.4147692307692308,0.591414459855798,0.1789038701534796,0.2635965973448876,0.1176946618618814,84.0,0,0
bidmc_33,245,0.7353846153846153,0.1477948362070456,0.3886666666666666,0.6124355238617676,0.1906048596162328,0.2743640193123233,0.1306220332396373,82.1,1,3
bidmc_33,250,0.7818181818181817,0.1717872988118093,0.3693333333333333,0.6186389611106263,0.2043525896737659,0.2919997768818125,0.1361402514942224,81.5,1,3
bidmc_33,255,0.7253333333333333,0.147126551724093,0.2473846153846154,0.6399777124784027,0.1940418752361966,0.3003289829311729,0.1237977353998226,80.6,1,3
bidmc_33,260,0.7519999999999999,0.1628116591759827,0.3153333333333333,0.5567430873139608,0.189217051061008,0.3166733967793857,0.1276397107087331,80.4,1,3
bidmc_33,265,0.79,0.1457715107053958,0.434,0.5430506188885601,0.229042639661358,0.2198999078866859,0.1397586664960948,79.6,1,3
bidmc_33,270,0.7832727272727272,0.183396783410422,0.4894545454545455,0.6529353554415809,0.2279680933671245,0.2902277675156902,0.1419449328360325,77.0,1,3
bidmc_33,275,0.7219999999999999,0.1042113237609042,0.3906666666666666,0.4637333541457599,0.2047791188443185,0.260138987253587,0.1274176815047707,75.9,1,3
bidmc_33,280,0.7399999999999999,0.1187714892836941,0.4734545454545454,0.5010185205796625,0.2095066526691741,0.2657743440458463,0.1261494783667456,78.3,1,3
bidmc_33,285,0.7089230769230769,0.1193433711468148,0.384,0.628865530610063,0.1874881589860225,0.3301260570795052,0.116419979703995,80.6,1,3
bidmc_33,290,0.742,0.1271272328548582,0.4036923076923077,0.6807887755582198,0.1904646325014508,0.3258291687632245,0.1165616602020892,81.6,1,3
bidmc_33,295,0.7306666666666666,0.1359738536958075,0.4055384615384615,0.5825439342964335,0.1910376114387665,0.2576667826457874,0.1205838895587995,82.6,1,3
bidmc_33,300,0.7259999999999999,0.1454051810172755,0.1692307692307692,0.5365648780909039,0.2043369185797527,0.2345109437579226,0.1317645902475641,82.6,1,3
bidmc_33,305,0.7003076923076924,0.147566613180095,0.232,0.6195020448317566,0.2041490125406811,0.2927450112307615,0.1260102971686515,83.4,1,3
bidmc_33,310,0.6966153846153845,0.0916158690163516,0.3464615384615384,0.5878457142117065,0.1718476568286643,0.3400313465367157,0.1103441700438738,84.1,0,0
bidmc_33,315,0.7253333333333333,0.1191227191690243,0.372,0.5143735110215965,0.1747388020508422,0.2865631652117759,0.1165024112887949,84.8,1,3
bidmc_33,320,0.6695384615384616,0.1008217126986012,0.3457142857142857,0.5105101976036317,0.2010763427556253,0.3246668437930757,0.1258290965422069,85.1,1,3
bidmc_33,325,0.7126666666666667,0.0906544109363809,0.3587692307692308,0.6297091868103107,0.1907939895925621,0.3277711813995262,0.1224481666360534,83.7,0,0
bidmc_33,330,0.722,0.1121962566220459,0.3246666666666667,0.5916207317413247,0.2076356415670977,0.3024552862635393,0.127221487287937,83.5,1,3
bidmc_33,335,0.7333333333333333,0.1208562047319963,0.3692307692307693,0.572990287867446,0.2072449961219346,0.2902300505966723,0.1273356110876149,83.2,1,3
bidmc_33,340,0.7505454545454545,0.1442348864849931,0.4433333333333333,0.626574921292309,0.2112501020987975,0.2871967737806405,0.1286089273321802,81.3,1,3
bidmc_33,345,0.7533333333333333,0.1537039000444975,0.4999999999999999,0.6333746169641431,0.2091161339855845,0.2928449336633718,0.1297239365342567,79.9,1,3
bidmc_33,350,0.6571428571428569,0.0835146327151776,0.3434285714285714,0.4979878113099088,0.2020487299258396,0.321568701067785,0.1235629302559174,80.3,0,0
bidmc_33,355,0.7046153846153846,0.0941598791430654,0.3163076923076923,0.6409592257680867,0.1857332469661509,0.3339020255660389,0.1208691021220984,82.9,0,0
bidmc_33,360,0.6867692307692307,0.0757548209647959,0.2874285714285714,0.5789529049333771,0.1982104130154105,0.3024170030819426,0.1204671771553485,85.3,0,0
bidmc_33,365,0.7089230769230769,0.0748192298795123,0.1926153846153846,0.5806803465606206,0.2077784933413612,0.2863757936933116,0.1254853633527776,86.6,0,0
bidmc_33,370,0.7599999999999999,0.1398596699292804,0.3272727272727272,0.6548136751966774,0.2173970360634966,0.2935102296893719,0.1326240125505771,86.6,1,3
bidmc_33,375,0.7353333333333333,0.1381577198550828,0.4055384615384615,0.5988767522192233,0.1987973054692009,0.2986270649418687,0.1220888250603377,83.0,1,3
bidmc_33,380,0.7573333333333334,0.15316512512826,0.3193333333333333,0.5955736680402711,0.1861809723537177,0.2961678102611847,0.1206190412102563,80.6,1,3
bidmc_33,385,0.7473333333333333,0.1420782257146471,0.3981538461538462,0.5240922413673196,0.1957373037912148,0.3240046902457426,0.1300662844423184,81.3,1,3
bidmc_33,390,0.7119999999999999,0.0841585804696506,0.3747692307692307,0.5256112445743641,0.1818482560166879,0.3173635480115059,0.1200109188212673,81.1,0,0
bidmc_33,395,0.7406666666666667,0.1043817778903749,0.444,0.5490076634524916,0.1913318953445192,0.2543190300151395,0.1235733667629323,81.6,1,3
bidmc_33,400,0.700923076923077,0.0639644871886093,0.3396923076923077,0.4447277251110292,0.1889751959330673,0.2623561309972595,0.1235523283993519,81.8,0,0
bidmc_33,405,0.6812307692307691,0.0558544176975408,0.284,0.5782453562362914,0.2004364633657612,0.2955021916751554,0.1296749995511411,83.3,0,0
bidmc_33,410,0.6713846153846152,0.057214224242065,0.2382857142857143,0.5408438412425802,0.2048154288186916,0.2903368170761084,0.1319964319128037,87.1,0,0
bidmc_33,415,0.7246666666666667,0.109858494841723,0.3773333333333333,0.5429277087179678,0.2053033339857088,0.2993126645513623,0.1340510299525768,88.4,1,3
bidmc_33,420,0.7159999999999999,0.1174166370948626,0.4513333333333333,0.5934708635843171,0.2074358215990295,0.2935982652238143,0.1348932908735261,85.9,1,3
bidmc_33,425,0.7113333333333333,0.1048406197785741,0.3710769230769231,0.6332919527314906,0.2112239625866998,0.3145305084871692,0.1318776220733098,83.7,1,3
bidmc_33,430,0.7599999999999999,0.1680865577882148,0.4014545454545454,0.5995986427823626,0.2157291919834545,0.2956093917312967,0.1345905516520054,83.9,1,3
bidmc_33,435,0.7333333333333334,0.1668638833167787,0.3581538461538462,0.5886404320615524,0.2049244931111008,0.2654617678286571,0.1345032811890201,82.6,1,3
bidmc_33,440,0.7175384615384615,0.1027084112985849,0.3593846153846153,0.4677956117932438,0.2062670258452087,0.3182072210511083,0.1304017790111409,81.2,1,3
bidmc_33,445,0.7101538461538461,0.0983884343999265,0.3593846153846154,0.5573774541288578,0.1870710173294661,0.3189231630134848,0.1215023431166069,83.0,0,0
bidmc_33,450,0.6960000000000001,0.1219398758951859,0.3716923076923076,0.6319709076348239,0.1885510538484764,0.2992919951442425,0.1332904923520867,84.7,1,3
bidmc_33,455,0.6479999999999999,0.1303358299602552,0.3552,0.6363182367971736,0.2058206482062679,0.3181042113404865,0.1524418467194863,85.3,1,3
bidmc_33,460,0.6781538461538461,0.0790188352948899,0.4039999999999999,0.5223961786150538,0.2116980911399083,0.3229224630124295,0.1473856313765143,84.8,0,0
bidmc_33,465,0.7426666666666666,0.1518537307923501,0.4273333333333333,0.6391926429392714,0.2094636538353861,0.2930445953004501,0.1344955662475729,82.5,1,3
bidmc_33,470,0.7046153846153845,0.1067545988643965,0.31,0.6707989929503889,0.1997964539690263,0.3188156226719878,0.1280009536257945,82.0,1,3
bidmc_34,0,0.7320000000000001,0.0164924225024706,0.698,0.962539382614394,0.2017152504444413,0.1792722371345013,0.1238749893670276,80.0,0,0
bidmc_34,5,0.688,0.0355008125584146,0.3956923076923077,0.9727409534399672,0.2019452254199117,0.1810841824927729,0.1286531038213995,81.8,0,0
bidmc_34,10,0.6726153846153846,0.027076923076923,0.2830769230769231,0.9723688954505776,0.1828187585125716,0.1694195709396206,0.1240446823740345,85.2,0,0
bidmc_34,15,0.6984615384615385,0.0211391557382371,0.5753846153846153,0.9411452605263596,0.1955438599707528,0.1569650458287164,0.1268153017164782,88.0,0,0
bidmc_34,20,0.7187692307692307,0.014666308046539,0.6886153846153846,0.9614658624035468,0.2150251082519227,0.1612263563531226,0.1371203325908905,86.6,0,0
bidmc_34,25,0.7267692307692306,0.0124909434647288,0.7027692307692307,0.9793014915024532,0.1912877089665634,0.1665267816246659,0.1208128030600755,84.2,0,0
bidmc_34,30,0.7243076923076923,0.0127905290405086,0.7021538461538461,0.9456714880216348,0.1713346975070594,0.1686670429468718,0.1063083843676724,83.2,0,0
bidmc_34,35,0.72,0.0335031571417014,0.6993333333333333,0.9068121275641932,0.1946920007612376,0.156970818239776,0.1196910905919373,82.8,0,0
bidmc_34,40,0.7406666666666667,0.016478942792411,0.702,0.9690984861944624,0.2194892886129704,0.1581662269347955,0.1345425491708941,82.3,0,0
bidmc_34,45,0.7366666666666667,0.0197202659436654,0.6486666666666666,0.966810727709561,0.2056338465645434,0.1669251603627287,0.1299524324343561,81.6,0,0
bidmc_34,50,0.746,0.0182208671582886,0.6553333333333332,0.9762931905055584,0.1953104925096716,0.1658232470875635,0.1266019972661272,81.1,0,0
bidmc_34,55,0.7599999999999999,0.0065319726474218,0.7166666666666667,0.9838532273626108,0.2173781030950757,0.1584001027730752,0.1330988720323872,80.7,0,0
bidmc_34,60,0.7613333333333333,0.0102415276638248,0.7159999999999999,0.9733924308648136,0.2318893746736993,0.1563181986276155,0.1446169602063342,79.8,0,0
bidmc_34,65,0.7614545454545454,0.0089072354283024,0.7025454545454545,0.9657121498089372,0.2488151922850957,0.1569713971679504,0.1545909939935816,79.1,0,0
bidmc_34,70,0.7593333333333333,0.011527744310527,0.6886666666666666,0.9713356669680308,0.2473925813947624,0.1572682752266901,0.1516743430438069,79.0,0,0
bidmc_34,75,0.7526666666666667,0.0336980052162669,0.693090909090909,0.9032975104563832,0.2547111628099968,0.1574493414788493,0.1513489841788948,79.0,0,0
bidmc_34,80,0.7246666666666667,0.0748658058721663,0.6566153846153846,0.9828813550660682,0.2473641531411091,0.1828077781391163,0.1485725156285418,79.1,0,0
bidmc_34,85,0.7015384615384614,0.0319051849767771,0.5259999999999999,0.777320056178304,0.2044937052187682,0.1962898349999322,0.1298343111043352,83.2,0,0
bidmc_34,90,0.6904615384615383,0.0172965776277602,0.5729230769230769,1.010384889333107,0.1788420564500828,0.1812000366073408,0.1285907566369403,92.5,0,0
bidmc_34,95,0.6953846153846153,0.018420467134887,0.5507692307692307,1.054699800261627,0.1751023235153263,0.2665916280834425,0.1273050781396101,96.0,0,0
bidmc_34,100,0.6731428571428572,0.0312566727569767,0.5931428571428571,1.0137625232807432,0.1974566684234213,0.271515599643824,0.1246755731579771,90.9,0,0
bidmc_34,105,0.7126666666666667,0.0591908401321991,0.6093333333333333,0.9962229496578804,0.210468442731843,0.1666035889909282,0.132347354971995,88.2,0,0
bidmc_34,110,0.7453333333333334,0.0223507394856536,0.6786666666666665,0.993649897205052,0.1756265548994989,0.1608454279907222,0.1103840604893315,85.8,0,0
bidmc_34,115,0.7273333333333333,0.0105619863451699,0.69,0.9871239233882592,0.1566524461186307,0.1649195908810326,0.0979207065678913,82.0,0,0
bidmc_34,120,0.7346666666666666,0.0125786415094088,0.6859999999999999,0.8835897939792038,0.1547190657507881,0.208142104904591,0.101045577100536,81.8,0,0
bidmc_34,125,0.734153846153846,0.0228770834405429,0.6959999999999998,0.9566520651235112,0.1609915276121723,0.2086279262800664,0.1014693609181411,82.2,0,0
bidmc_34,130,0.75,0.0505041252440498,0.6473333333333332,1.0063478105353136,0.1799656185435313,0.1640381007914216,0.1090869456919273,81.8,0,0
bidmc_34,135,0.7513333333333333,0.0180246744461277,0.7066666666666666,0.7547755745282122,0.1891961182568953,0.1644043513015656,0.1187012584309602,80.9,0,0
bidmc_34,140,0.7512727272727272,0.0175452190280943,0.7025454545454545,0.9816049704394336,0.1956690875371356,0.1607532666069314,0.1283589805525043,79.9,0,0
bidmc_34,145,0.7599999999999999,0.0142361043360417,0.71,0.9927266554929052,0.2071063005187139,0.1619188614342081,0.1273878203448843,79.7,0,0
bidmc_34,150,0.7658181818181817,0.0128049577175701,0.7149090909090908,1.0073817151515927,0.2105528286490058,0.1884066841967597,0.1270595535601301,79.3,0,0
bidmc_34,155,0.7599999999999999,0.0130639452948436,0.7159999999999999,0.995015473111408,0.2117094274123038,0.161831910122529,0.127647064464204,78.6,0,0
bidmc_34,160,0.7513333333333333,0.0076303487615064,0.7186666666666666,1.0056052561109796,0.2268726309101508,0.2447281286634365,0.1402030052686691,78.8,0,0
bidmc_34,165,0.742,0.0073936910042729,0.6986666666666665,1.0011005888116409,0.2345467782697635,0.1657963143555242,0.1518835631746882,79.7,0,0
bidmc_34,170,0.7493333333333333,0.014360439485692,0.6879999999999998,0.9937878245223354,0.2435287826229215,0.161757007022608,0.1471926780761976,80.5,0,0
bidmc_34,175,0.7639999999999999,0.0110754984838907,0.6926666666666667,0.9942649416871177,0.2463892292338199,0.1638495025270797,0.1514785023738624,80.5,0,0
bidmc_34,180,0.7723636363636364,0.0092566705900784,0.6959999999999998,0.9996390102738516,0.2514101653026635,0.1613066608797038,0.1536429241517511,79.4,0,0
bidmc_34,185,0.7713333333333333,0.0124186240067981,0.6986666666666665,0.9957212245333572,0.2556659264727747,0.1607496101601946,0.1566077687111329,78.2,0,0
bidmc_34,190,0.754909090909091,0.0145817728405552,0.6945454545454545,0.9841503249224164,0.2652431947315051,0.1596031491909637,0.1655345688209962,78.0,0,0
bidmc_34,195,0.7559999999999999,0.012,0.6933333333333332,0.9768964026928508,0.2438093542151297,0.159697597110621,0.1511097878351428,78.7,0,0
bidmc_34,200,0.7560000000000001,0.0110754984838907,0.6945454545454545,0.9803970537329768,0.2271275755253174,0.1647813079970034,0.1410858704510283,79.2,0,0
bidmc_34,205,0.7473333333333333,0.0100443461155462,0.698,0.9735524061333848,0.2285812380512281,0.1564870518345876,0.14359765065256,79.4,0,0
bidmc_34,210,0.7399999999999999,0.0115470053837925,0.6993333333333333,0.9836769194965016,0.2368986101331084,0.1591078294090198,0.1464132202216921,79.8,0,0
bidmc_34,215,0.7373333333333334,0.0116999525165228,0.7033333333333333,0.9392828899198872,0.2553011267808436,0.1744684987272242,0.1592055353841056,80.7,0,0
bidmc_34,220,0.7469090909090909,0.0070511707016964,0.7047272727272726,0.9702078926173288,0.2484763576755335,0.1680422197627586,0.1553695921882048,81.2,0,0
bidmc_34,225,0.7386666666666667,0.0082192186706253,0.7073333333333333,0.96988235258907,0.2535470711319536,0.156502760672983,0.1575590489282568,80.9,0,0
bidmc_34,230,0.738,0.0073936910042729,0.7046666666666667,0.9573793818673934,0.2578098364453186,0.154561377356892,0.1587158347113484,80.9,0,0
bidmc_34,235,0.7413333333333333,0.0099777530313971,0.702,0.9682708258318116,0.2613949225871717,0.1620227549982654,0.1627083856555166,81.1,0,0
bidmc_34,240,0.7373333333333333,0.0121472447721924,0.7053333333333333,0.8609813944051953,0.2509099847905562,0.1621652236581135,0.1615393704620197,81.1,0,0
bidmc_34,245,0.734,0.0080829037686547,0.7066666666666666,0.945763333209816,0.2578690613261214,0.15517027417107,0.1564946283992296,81.1,0,0
bidmc_34,250,0.7400000000000001,0.0110754984838907,0.7073333333333333,0.9624440021773712,0.2551217481566442,0.1571696102363034,0.1546940324567319,81.6,0,0
bidmc_34,255,0.7479999999999999,0.0128582010146572,0.714,0.977454763739466,0.2559954543507819,0.164323941368274,0.1573458032695689,81.4,0,0
bidmc_34,260,0.7373333333333334,0.0159443476574685,0.7113333333333333,0.972106591313128,0.2486395293826043,0.1674997116715155,0.1609066156275772,80.4,0,0
bidmc_34,265,0.7279999999999999,0.0073029674334022,0.6959999999999998,0.9394639264942196,0.2587071454959777,0.1913351422581342,0.1562557300645288,80.7,0,0
bidmc_34,270,0.7366666666666667,0.0082999330653258,0.6859999999999999,0.9816794167487506,0.2657495457200078,0.1613065016845286,0.1617837353275004,81.7,0,0
bidmc_34,275,0.7446666666666667,0.0100443461155462,0.6826666666666665,0.9774978972465618,0.2453690214605533,0.1608156727922211,0.148979965651253,81.6,0,0
bidmc_34,280,0.7399999999999999,0.0089442719099991,0.6806666666666666,0.967168411635089,0.2513497846658586,0.1590965063554901,0.1566346523143176,81.1,0,0
bidmc_34,285,0.7473333333333333,0.011527744310527,0.6819999999999999,0.9621870642009114,0.2671966505678874,0.1536720179539782,0.1637321425189955,80.9,0,0
bidmc_34,290,0.7486666666666667,0.0124186240067981,0.6826666666666665,0.9580908157479512,0.2559140387135805,0.1553403764076845,0.1561494162620982,80.4,0,0
bidmc_34,295,0.738,0.0093094933625126,0.6839999999999998,0.9595014539346028,0.2619158557775141,0.1608077907859197,0.1593857081488548,80.3,0,0
bidmc_34,300,0.7406666666666667,0.011527744310527,0.69,0.9642243239233222,0.2454406316560617,0.1621711460263959,0.1547686121128524,80.8,0,0
bidmc_34,305,0.746,0.0118321595661992,0.6933333333333332,0.9678025346375184,0.2450632880139343,0.1573602515320928,0.146669552864851,81.0,0,0
bidmc_34,310,0.742,0.0108934230922454,0.6959999999999998,0.9644427363935704,0.2455107278062967,0.1581061676353479,0.1478229017667686,80.9,0,0
bidmc_34,315,0.7453333333333334,0.0116999525165228,0.694,0.974566872149222,0.264091470719363,0.1746816091115371,0.1610183209081881,80.9,0,0
bidmc_34,320,0.7426666666666667,0.0107496769977314,0.694,0.928426027080626,0.2657424628592018,0.1660333052305808,0.1624324063193211,81.0,0,0
bidmc_34,325,0.7373333333333333,0.0107496769977314,0.694,0.9074149896160262,0.2692780229822876,0.156939507421268,0.1638636004862267,81.0,0,0
bidmc_34,330,0.7279999999999999,0.0130639452948436,0.6933333333333332,0.9002758944024106,0.2585564904298876,0.1586559223493124,0.155291536548064,81.3,0,0
bidmc_34,335,0.7313333333333333,0.0154775823549918,0.7006666666666667,0.9865675912351168,0.226540452510783,0.1665521380550044,0.1397816907596339,82.0,0,0
bidmc_34,340,0.7319999999999999,0.0168126936172246,0.702,0.9850284855124058,0.2204947112716176,0.1668308336742877,0.141709156619605,82.2,0,0
bidmc_34,345,0.7144615384615384,0.0105874772517447,0.7015384615384614,0.9861512634086484,0.2422982667357947,0.1674230141278422,0.1534115761728551,82.2,0,0
bidmc_34,350,0.707076923076923,0.0073846153846153,0.4898461538461538,0.978642248152787,0.2419236185575442,0.166352256458475,0.1513986032614881,83.5,0,0
bidmc_34,355,0.7119999999999999,0.0062757163244218,0.4923076923076922,0.9803844745789608,0.2334798458848739,0.1641950712062469,0.144039590339017,84.8,0,0
bidmc_34,360,0.7107692307692308,0.0069076751755826,0.6966153846153845,0.9780653265841996,0.231643888140373,0.1627375698901845,0.1440682039485422,84.6,0,0
bidmc_34,365,0.7153333333333333,0.0082999330653258,0.6766666666666666,0.9887176835843648,0.2397514559726638,0.1656852628952928,0.1502753669223757,84.2,0,0
bidmc_34,370,0.7246666666666667,0.0100443461155462,0.6746666666666666,0.9890134373375518,0.2436586413351944,0.1659970479945558,0.1595621128187069,83.9,0,0
bidmc_34,375,0.7384615384615384,0.0145105552277558,0.6781538461538461,0.9818151416480958,0.242896314848347,0.1635651185556846,0.1576017148909297,83.0,0,0
bidmc_34,380,0.7400000000000001,0.0089442719099991,0.6833333333333332,0.9775984787954966,0.2384812464551549,0.1564508573668632,0.1514900597877935,81.7,0,0
bidmc_34,385,0.7386666666666667,0.008844332774281,0.6879999999999998,0.971705572619829,0.2364956427313128,0.1560459483693621,0.1468876835614688,81.0,0,0
bidmc_34,390,0.7413333333333334,0.0075424723326565,0.6913333333333332,0.9531103903511474,0.2458693933059859,0.1635682181238185,0.1509281412433782,81.0,0,0
bidmc_34,395,0.7333333333333334,0.0109949483349804,0.694,0.9949227236045805,0.2228061761281338,0.1659907422146542,0.1497696297427861,81.0,0,0
bidmc_34,400,0.728,0.0070164641544562,0.6904615384615383,0.9784325646179788,0.2319314510731437,0.1651883614195609,0.1475422971213233,81.4,0,0
bidmc_34,405,0.7279999999999999,0.0086409875978771,0.6306666666666666,0.977526263894602,0.232256842455111,0.1899592006095955,0.1686869330588369,82.4,0,0
bidmc_34,410,0.7353333333333333,0.0105619863451699,0.6339999999999998,0.98200297340586,0.2061280384107604,0.1576323329131838,0.1607114035498899,82.5,0,0
bidmc_34,415,0.746,0.0057735026918962,0.6953333333333332,0.9831252139133348,0.2276367608617692,0.1703497594669722,0.1395480196446899,81.7,0,0
bidmc_34,420,0.7446666666666667,0.0076303487615064,0.6953333333333332,0.9765590144726128,0.2467719775290097,0.1625496986500856,0.1555535218524106,80.8,0,0
bidmc_34,425,0.7366666666666667,0.0089193921068397,0.6966666666666667,0.9816363093130128,0.2677943789128836,0.1893313797977792,0.162648032005113,80.6,0,0
bidmc_34,430,0.7326666666666667,0.006896053621859,0.7026666666666666,0.9253859549469756,0.2751800411245597,0.1547466720631023,0.1703237090093879,81.3,0,0
bidmc_34,435,0.7386666666666667,0.010498677165349,0.7006666666666667,0.9698314657754749,0.2620099134339997,0.1848420469391866,0.1586538798854612,81.8,0,0
bidmc_34,440,0.7366666666666667,0.0136463263269724,0.706,0.9791207591639745,0.2526014251567781,0.1625079222277409,0.1548616005801038,81.7,0,0
bidmc_34,445,0.7353333333333333,0.0100443461155462,0.7053333333333333,0.9513343396045314,0.2469481769151419,0.1890445430647589,0.1540828200775727,81.3,0,0
bidmc_34,450,0.7319999999999999,0.0110754984838907,0.6999999999999998,0.9730123687964686,0.2544847388370818,0.1667930458700429,0.1547317821157461,81.6,0,0
bidmc_34,455,0.7320000000000001,0.0083266639978645,0.7006666666666667,0.9656262239214024,0.2701101831558732,0.1569881018101316,0.1653237834453747,82.0,0,0
bidmc_34,460,0.7373333333333334,0.0078881063774661,0.6993333333333333,0.96379986122484,0.24890158959006,0.1569466510304946,0.1529855740273853,82.0,0,0
bidmc_34,465,0.7319999999999999,0.0110754984838907,0.6866666666666665,0.9685997800205852,0.1997752243034344,0.1620312475272774,0.1334411735812846,81.8,0,0
bidmc_34,470,0.7239999999999999,0.0083266639978645,0.616,0.9597146881097208,0.1871599416028388,0.1605844461999484,0.1366825919202703,81.8,0,0
bidmc_35,0,0.5885,0.0174284250579333,0.0839999999999999,0.7620487135859015,0.2305882408272814,0.1548569631072424,0.1404318350415313,101.9,1,2
bidmc_35,5,0.6021333333333332,0.0185826681495299,0.0739999999999999,0.7150405164936482,0.2283728561185718,0.1575546211683736,0.1404074197795189,101.8,1,2
bidmc_35,10,0.5845,0.0305245802591943,0.0849999999999999,0.7682750516451242,0.228618184287537,0.1574181909265391,0.1410026521828661,100.6,1,2
bidmc_35,15,0.5630000000000001,0.0164620776331543,0.1068235294117647,0.7383576097713086,0.2345235777553991,0.155775929530377,0.1411981704410823,103.1,1,2
bidmc_35,20,0.562,0.0118321595661991,0.1077647058823529,0.7673894124521987,0.2357307541720706,0.1622884262108138,0.1393574218819434,106.5,1,2
bidmc_35,25,0.5680000000000001,0.0135646599662505,0.1044705882352941,0.7456071104182366,0.2211713010219566,0.1469518345355512,0.1348282000930467,106.5,1,2
bidmc_35,30,0.5653333333333332,0.0188561808316412,0.158,0.7626423403457545,0.1688657512016576,0.2153459398448729,0.1305079451393833,105.7,1,2
bidmc_35,35,0.7646666666666667,0.5152858969111764,0.2953333333333333,0.6251928587486989,0.1357868016514199,0.1662554811843522,0.1195891171143313,106.9,1,2
bidmc_35,40,0.6582857142857144,0.266248924497205,0.2291428571428571,0.5511670713162501,0.1765820225997751,0.1494021055271327,0.1190019753329667,110.1,1,2
bidmc_35,45,0.5449411764705883,0.0102237934034825,0.1057777777777777,0.704279032434212,0.2003608067576607,0.1458570644722085,0.1239388508851971,110.9,1,2
bidmc_35,50,0.5529411764705883,0.0205124656166619,0.0945882352941176,0.737393389041954,0.226281593114773,0.1495765831655073,0.1378665493677925,110.1,1,2
bidmc_35,55,0.5655,0.0416383236934437,0.0745,0.7224268863875946,0.2350446799124431,0.148587674141131,0.1389519449137146,108.3,1,2
bidmc_35,60,0.5874999999999999,0.0123186849947549,0.064,0.7142003474213756,0.2283082267780376,0.1472217689071347,0.1400342803156896,104.5,1,2
bidmc_35,65,0.6021333333333332,0.0168991781522718,0.0535,0.7081918192976988,0.2265617947018975,0.1482362155429389,0.1440931277225489,101.9,1,2
bidmc_35,70,0.5965,0.0220850628253577,0.0595,0.7706842833794384,0.2342430706610909,0.1552603178612255,0.1451721923210009,100.3,1,2
bidmc_35,75,0.5845333333333331,0.0158571399971397,0.0765,0.7613151976240375,0.2270163857009838,0.1549221160422099,0.1408642687936769,100.6,1,2
bidmc_35,80,0.5854999999999999,0.0120726964676496,0.0785,0.7769480817618545,0.2217577940501151,0.155694620225569,0.1412250235460269,102.1,1,2
bidmc_35,85,0.5941333333333332,0.015028269657179,0.0705,0.7771109366090905,0.2226701925689885,0.1567332557637326,0.1469457123243638,102.2,1,2
bidmc_35,90,0.6138666666666666,0.0132154791395881,0.045,0.7728118877663168,0.2521662028742961,0.1530019644224733,0.1578995707891758,100.7,1,2
bidmc_35,95,0.6154666666666666,0.0114883515885536,0.0435,0.715750864422712,0.2474875808050963,0.1503156367673556,0.1513277993410755,98.3,0,0
bidmc_35,100,0.5995,0.0494342998332129,0.0905,0.7485783179079306,0.2350310563082708,0.150847598883512,0.1422087276601724,97.5,0,0
bidmc_35,105,0.6069333333333332,0.0197837194570575,0.0554666666666666,0.7220870589494273,0.2455332488974484,0.1553186599000348,0.1535111989501769,98.1,0,0
bidmc_35,110,0.5999999999999999,0.0140095205723346,0.063,0.6901712073240227,0.2417933481650765,0.1537422123149341,0.1568420072842372,99.0,0,0
bidmc_35,115,0.5903999999999999,0.0117575507653592,0.073,0.7599957589178448,0.2458672323368899,0.1591812271126005,0.1530700133360426,100.1,1,2
bidmc_35,120,0.5919999999999999,0.0120443624433453,0.0749999999999999,0.7634260721192638,0.2360328175281611,0.1544072586712472,0.1487075449042614,101.2,1,2
bidmc_35,125,0.5820000000000001,0.0453872228716408,0.0755,0.7472807431931704,0.2322981275870708,0.1545027928878693,0.1431187135308529,101.4,1,2
bidmc_35,130,0.583,0.0157162336455017,0.0837647058823529,0.7576015095165956,0.2287472671115691,0.1571099098994261,0.1400604804291159,101.3,1,2
bidmc_35,135,0.582,0.0142828568570856,0.066,0.7597546179095247,0.2364992249226941,0.159263278412826,0.1466690488018283,102.6,1,2
bidmc_35,140,0.5909333333333332,0.01365999837319,0.0445,0.7667644856411442,0.2328783440267106,0.1567468023858584,0.1441207077454245,103.0,1,2
bidmc_35,145,0.5935999999999999,0.0143703398243279,0.0424999999999999,0.7589567098182383,0.246452334611732,0.1509243644316111,0.1488611334164944,102.0,1,2
bidmc_35,150,0.5935999999999999,0.0165762882857814,0.0465,0.748275803330065,0.2325593497662235,0.1554234931280447,0.1432668679970518,101.5,1,2
bidmc_35,155,0.5967999999999999,0.0151226100040083,0.0485,0.7600901168683278,0.2173053930905806,0.163813285673667,0.1347507449808037,101.2,1,2
bidmc_35,160,0.5820000000000001,0.0175499287747842,0.0592941176470588,0.7710580133591406,0.2179467540779626,0.1560413829517239,0.1372807118961941,101.4,1,2
bidmc_35,165,0.554,0.0158745078663875,0.0875294117647058,0.7430695288913518,0.1993781911028194,0.1593021828371671,0.1422871654038339,104.1,1,2
bidmc_35,170,0.551,0.0138202749610852,0.0927058823529411,0.7634408797681516,0.2074507493435778,0.157681514045443,0.1373243104798245,108.1,1,2
bidmc_35,175,0.5725,0.0149582753016515,0.069,0.7506628374006077,0.2303983070665889,0.1557599566696002,0.1416936358692005,108.2,1,2
bidmc_35,180,0.5695,0.0406171146193325,0.0564999999999999,0.7129517669569948,0.2368607023154841,0.1534022478228391,0.141393264028497,105.2,1,2
bidmc_35,185,0.5609411764705882,0.0206951844021609,0.1534117647058823,0.7536370190516652,0.2154689594083692,0.1578169940874496,0.1468065389617279,104.2,1,2
bidmc_35,190,0.5407058823529411,0.0091250444374895,0.1626666666666666,0.7574721996051283,0.1376187303272963,0.1602936052629238,0.1298986035681825,107.5,1,2
bidmc_35,195,0.5510588235294118,0.0139599030345329,0.1232941176470588,0.7588111201008234,0.175307775538994,0.1540821289185557,0.1173815464858051,110.2,1,2
bidmc_35,200,0.5595294117647059,0.0092933730155912,0.1044705882352941,0.7540627458896658,0.2182496685306442,0.1549781168029344,0.1460032235037369,108.6,1,2
bidmc_35,205,0.56,0.0119999999999999,0.1543529411764705,0.763426044962972,0.1815043745229115,0.1577712630439779,0.135244135036864,107.6,1,2
bidmc_35,210,0.581,0.0220680764907138,0.1072941176470588,0.7636442998805669,0.1917118686334746,0.1545533192548223,0.1265342845047463,106.5,1,2
bidmc_35,215,0.5967999999999999,0.0172325273828304,0.088,0.7712379818520331,0.2413071662558269,0.1541519604041518,0.1464886004800366,103.1,1,2
bidmc_35,220,0.592,0.0178885438199983,0.089,0.7960823938087034,0.2349538597527358,0.1610972861339187,0.1460159887840667,101.1,1,2
bidmc_35,225,0.5861333333333332,0.0144492983297536,0.094,0.7557003633131195,0.2201211460269114,0.1623348457436295,0.1376782725177303,101.6,1,2
bidmc_35,230,0.581,0.0157162336455017,0.1016470588235294,0.7826374386195256,0.2068168041262589,0.1592284839704393,0.1305954709102747,102.9,1,2
bidmc_35,235,0.6042666666666665,0.0311714969518986,0.1253333333333333,0.793725038576722,0.2257994118467521,0.1600894138958778,0.1425387824719777,102.8,1,2
bidmc_35,240,0.6302857142857141,0.0376666365661188,0.1897142857142857,0.7970576257503142,0.2339880817397769,0.1584453935944159,0.1437468537478177,99.3,0,0
bidmc_35,245,0.628,0.0211119465164699,0.1365333333333333,0.7101817749554269,0.224941460087188,0.1566321701293847,0.1500175715992617,95.5,0,0
bidmc_35,250,0.6224000000000001,0.0228525709713371,0.1375,0.7532368423794846,0.1679261866017166,0.1586225746559909,0.1222730639701129,95.1,0,0
bidmc_35,255,0.6181333333333333,0.0279377084879121,0.133,0.8131389421950035,0.1722816009860149,0.1606647209674958,0.1075014948092744,96.3,0,0
bidmc_35,260,0.5994666666666666,0.036305861173584,0.1013333333333333,0.806692464291558,0.2201686454138057,0.1643915007746678,0.1357537768915206,97.3,0,0
bidmc_35,265,0.5823999999999999,0.0230385184708855,0.072,0.807931559619143,0.2264021607440863,0.1618080973545458,0.1405960728541465,100.0,0,0
bidmc_35,270,0.6053333333333332,0.0295987987744247,0.099,0.8233355791989206,0.23019639472742,0.158674063922369,0.1431753608554513,101.8,1,2
bidmc_35,275,0.6148571428571428,0.0215633854447008,0.0992,0.8201206826126913,0.2330561481389645,0.1583057297834354,0.1540463554021587,99.8,0,0
bidmc_35,280,0.6047999999999999,0.0276820037810367,0.064,0.7940476487738464,0.2034457944586591,0.1843158001440735,0.1453357807481594,98.2,0,0
bidmc_35,285,0.5994666666666666,0.0276305788735757,0.1045,0.804008933647655,0.180328117744828,0.1751936697250152,0.1350754729240127,98.8,0,0
bidmc_35,290,0.5885,0.0374132329530608,0.1065,0.776956836485458,0.2004449905702272,0.1584183847131625,0.1422066492822875,99.9,0,0
bidmc_35,295,0.5989333333333333,0.0264309582791762,0.069,0.8101393902929168,0.2068789771989704,0.1645649452331152,0.1416808902329062,100.7,1,2
bidmc_35,300,0.5952,0.0256,0.0745,0.8087575933821864,0.2215856587747353,0.1639171447920204,0.1457447985101086,101.1,1,2
bidmc_35,305,0.5740000000000001,0.0228910462845191,0.1628235294117647,0.6489777285870026,0.2020440844060697,0.1618654517442752,0.139400634612111,101.7,1,2
bidmc_35,310,0.5555000000000001,0.0097851928953904,0.4762352941176471,0.790732076823704,0.1567324157371904,0.1621061531402403,0.1205791347127724,104.8,1,2
bidmc_35,315,0.5695000000000001,0.0206337102819633,0.412235294117647,0.7749725838736122,0.1835606282627312,0.160792756619283,0.1173290620281784,107.4,1,2
bidmc_35,320,0.5755,0.038311225508981,0.078,0.7028415760675661,0.2186940107883804,0.1585805562282064,0.1322009704979087,105.4,1,2
bidmc_35,325,0.5989333333333332,0.0245912360179168,0.1159999999999999,0.7904185710622659,0.2396432612556668,0.1586320120570835,0.1452625879514254,102.4,1,2
bidmc_35,330,0.6122666666666665,0.0325114680621401,0.2037333333333333,0.8172538524157488,0.2245265533379448,0.1683426532527049,0.1525397161276225,99.9,0,0
bidmc_35,335,0.6063999999999999,0.021899162845491,0.078,0.6957375459454632,0.2102065509676686,0.1695229587580022,0.1481305689284719,98.0,0,0
bidmc_35,340,0.5973333333333332,0.0186285324763445,0.0675,0.8013841141431887,0.2216890401851239,0.1633856742322822,0.1408245770398847,99.0,0,0
bidmc_35,345,0.6039999999999999,0.0248883219890086,0.0901333333333333,0.7997300630841349,0.2206624765656945,0.167277982526166,0.1382768407583566,100.1,1,2
bidmc_35,350,0.5946666666666666,0.0209973543306981,0.0895,0.7402596770832403,0.1968590161031286,0.1643105234034013,0.1339851829639101,99.7,0,0
bidmc_35,355,0.5946666666666666,0.0271947707391615,0.0915,0.7917479438266184,0.2115515400692124,0.1598718196425877,0.1345671832776209,100.3,1,2
bidmc_35,360,0.6114285714285713,0.032526284504589,0.1834666666666667,0.7674135621271556,0.2407213718511118,0.1574955940902483,0.1506235263546733,100.5,1,2
bidmc_35,365,0.6015999999999999,0.0313534687076246,0.1425,0.7830754416202672,0.203328296303876,0.1627665369303179,0.1378292211279719,99.3,0,0
bidmc_35,370,0.5957333333333333,0.0278459252953741,0.0575,0.7454936774075223,0.1968878254732561,0.1661682210761194,0.123435188663551,99.9,0,0
bidmc_35,375,0.6045714285714284,0.0248817612080883,0.1296,0.8035585959026207,0.2232594565060234,0.1679264855004715,0.1359937358721464,100.4,1,2
bidmc_35,380,0.608,0.0284722086720835,0.0912,0.785292954108257,0.2166566218358646,0.1730279425917262,0.1363042993829196,99.2,0,0
bidmc_35,385,0.6074666666666666,0.0239940733422975,0.0575,0.7008639469936332,0.1861082953004844,0.2265040352593903,0.1286481052221168,98.9,0,0
bidmc_35,390,0.5983999999999999,0.0246490026843548,0.058,0.8047087500777511,0.1868091905246822,0.1681683579112783,0.1274461799589009,99.2,0,0
bidmc_35,395,0.5941333333333334,0.0389150642068366,0.112,0.7850837452557449,0.1922170130386646,0.1657623978750527,0.1295196801786514,100.3,1,2
bidmc_35,400,0.5871999999999999,0.0410839790348176,0.1935,0.7932907312150801,0.2065409235814415,0.2152549600318712,0.1327511290515386,101.0,1,2
bidmc_35,405,0.5780000000000001,0.03104834939252,0.128,0.7813363201502037,0.2198618291481398,0.161698417763626,0.1491624329085903,102.1,1,2
bidmc_35,410,0.5665,0.016301840386901,0.0912941176470588,0.7745281588218783,0.1679840931043001,0.1634237093670481,0.1342588348957678,104.4,1,2
bidmc_35,415,0.5695000000000001,0.0174857084500456,0.096,0.7696428978684058,0.1668877306599977,0.1617558313995147,0.1225906089383873,105.6,1,2
bidmc_35,420,0.5914666666666666,0.0266879914734865,0.0809999999999999,0.7698190029332799,0.2194896916542023,0.1561992785597568,0.1436633541714026,104.5,1,2
bidmc_35,425,0.6138666666666666,0.02537680480719,0.068,0.7403242375840301,0.2284864814215992,0.1582349765359945,0.1478043680072862,100.9,1,2
bidmc_35,430,0.6095999999999999,0.0268049746626753,0.0685,0.749191786678334,0.2339776860393808,0.1597746802069365,0.1491170605352038,98.3,0,0
bidmc_35,435,0.6037333333333332,0.0265918951729448,0.0704,0.7646904381122741,0.2190826477017654,0.1654582663635255,0.1394159924631733,98.3,0,0
bidmc_35,440,0.5973333333333333,0.0290164704186356,0.0745,0.7932526662064598,0.1887515794302841,0.1627162195279348,0.1331282196098507,99.1,0,0
bidmc_35,445,0.6063999999999999,0.0333322666495994,0.097,0.78409592922062,0.1914645615069045,0.1627749446543509,0.1239188875899069,99.9,0,0
bidmc_35,450,0.6005,0.0331624787975808,0.133,0.7972518772819748,0.1942821861508512,0.1663623407118272,0.1255745067239111,100.0,0,0
bidmc_35,455,0.6037333333333332,0.0286017870459561,0.1781333333333333,0.7907666712043786,0.1871195846197783,0.1664697659212634,0.1280539104501552,99.8,0,0
bidmc_35,460,0.6064,0.0330752676985891,0.1285,0.7906633452157452,0.1885120317980005,0.1617742861814903,0.1232491948644481,99.3,0,0
bidmc_35,465,0.6031999999999998,0.0300470741781403,0.0935,0.7999838582224384,0.1941117320462976,0.1613615817285238,0.1243130813496679,99.3,0,0
bidmc_35,470,0.6074666666666666,0.0299997037022405,0.0976,0.8153341974828727,0.2116120706012451,0.167601871092081,0.1347625437846398,99.1,0,0
bidmc_36,0,0.8261818181818182,0.0193241167353984,0.6829090909090908,0.4020318601188642,0.3148530333478778,0.0808429797305817,0.1630477216530123,74.7,0,0
bidmc_36,5,0.8048,0.0286663565874702,0.6871999999999999,0.3982971727302745,0.2967338263775341,0.0850686705591185,0.1675259711935611,73.9,0,0
bidmc_36,10,0.7934545454545454,0.0173329095095461,0.6836363636363635,0.3911986103718097,0.2568910909753012,0.0827011240361275,0.1473326611094571,73.6,0,0
bidmc_36,15,0.8065454545454547,0.0147978108722732,0.6879999999999998,0.339992547903313,0.2883688870777852,0.1033012020670552,0.1511399345361714,74.7,0,0
bidmc_36,20,0.8101818181818182,0.0128049577175701,0.6923636363636363,0.3853322657193791,0.3310224225504387,0.0793048098012263,0.1685342865833579,75.1,0,0
bidmc_36,25,0.8043636363636364,0.0124701295996234,0.6807272727272726,0.3869293666693839,0.324439228615366,0.0813001623102641,0.1669129129827744,74.4,0,0
bidmc_36,30,0.8123636363636364,0.0194060568205473,0.6654545454545454,0.404142011767425,0.2913890075831192,0.0816469017037923,0.1573239202308624,74.1,0,0
bidmc_36,35,0.8130909090909092,0.0369408730158553,0.6632,0.3842157129342896,0.2823197357989625,0.0826482252823599,0.1503950371621597,74.1,0,0
bidmc_36,40,0.8248000000000001,0.0180488226762855,0.6676363636363636,0.3991964960880871,0.3149599082166213,0.0922350289959257,0.168352146839133,73.5,0,0
bidmc_36,45,0.824,0.0180504343941685,0.6676363636363636,0.3957980102187546,0.3213560914380216,0.084621663380013,0.167716162085782,73.0,0,0
bidmc_36,50,0.8167272727272729,0.0181963578228316,0.6654545454545454,0.3912539373460424,0.2904972336576539,0.0889898252508467,0.149226296772266,73.0,0,0
bidmc_36,55,0.8334545454545456,0.0228368268627019,0.6727272727272727,0.4067532097934712,0.2927659828952114,0.0842616161207747,0.1528134611318882,73.2,0,0
bidmc_36,60,0.8341818181818184,0.0255478808294549,0.6792727272727273,0.4017002937147891,0.3076867759092101,0.0820863903392696,0.1598687231800059,72.9,0,0
bidmc_36,65,0.8152727272727275,0.0222264826035434,0.6749090909090909,0.3933440426642516,0.2689591701884068,0.0825658068310959,0.1400018644581088,72.2,0,0
bidmc_36,70,0.818909090909091,0.023453840722323,0.677090909090909,0.3942908392168987,0.2928964161334179,0.0822218239151775,0.1528162533126764,72.5,0,0
bidmc_36,75,0.8392727272727274,0.0191315584552231,0.6778181818181817,0.4008175092599919,0.3275997633385933,0.0813945185966971,0.1683110501947896,73.4,0,0
bidmc_36,80,0.8225454545454547,0.0245555534780132,0.6719999999999999,0.3944082780569782,0.2737347454732528,0.0807002981913942,0.1449678905636422,73.0,0,0
bidmc_36,85,0.8036363636363636,0.0191038916895471,0.6778181818181818,0.3917965388022319,0.2901375732836443,0.0811363486813762,0.1518641685559279,72.3,0,0
bidmc_36,90,0.7993333333333333,0.0486026976846164,0.6821818181818181,0.3767495149810247,0.326497655331577,0.0808347588222676,0.1707831822883409,73.4,0,0
bidmc_36,95,0.8145454545454546,0.0206985446847384,0.685090909090909,0.405449316712388,0.3131076913102826,0.0846536776265541,0.1649127776101042,74.2,0,0
bidmc_36,100,0.8036363636363638,0.013370746407891,0.685090909090909,0.399989681546941,0.2768192466661868,0.0834904488762328,0.1492126800525619,73.9,0,0
bidmc_36,105,0.8174545454545455,0.0217939259109406,0.6887272727272727,0.4003079198934396,0.2921734693731087,0.0820484140643392,0.1539650890455792,74.3,0,0
bidmc_36,110,0.8334545454545456,0.01398937022667,0.6923636363636363,0.405982154466352,0.306313366923637,0.083059915828004,0.1592475692472522,74.3,0,0
bidmc_36,115,0.8356363636363636,0.013370746407891,0.6901818181818181,0.4018513371477907,0.2920001974905695,0.0829873354562836,0.1510090974255859,73.1,0,0
bidmc_36,120,0.8181818181818182,0.016391894792123,0.6843636363636363,0.3615167094567845,0.2841504816486757,0.0835850275129634,0.1473754980518123,72.2,0,0
bidmc_36,125,0.8203636363636364,0.0171796535432984,0.6676363636363635,0.3981240442777262,0.3047938144941586,0.0820165411538044,0.1565974696879826,72.4,0,0
bidmc_36,130,0.8312727272727273,0.0168689650978082,0.6596363636363636,0.4013330144541266,0.3274255356292375,0.0817757352024079,0.174270084110273,73.1,0,0
bidmc_36,135,0.8261818181818182,0.0207750645193973,0.6647272727272727,0.4034335005814879,0.3186641604433262,0.0818408473015598,0.1696439123572524,72.9,0,0
bidmc_36,140,0.8101818181818182,0.0123422274534378,0.6676363636363636,0.331722941006225,0.2879656679739539,0.0798798440263107,0.1584987541214976,72.4,0,0
bidmc_36,145,0.8094545454545454,0.0352558535084823,0.6688,0.3719365838809492,0.299895304561549,0.0801877081291107,0.1552227899605869,73.2,0,0
bidmc_36,150,0.8232727272727274,0.0211535121050894,0.6727272727272727,0.3985744491341361,0.3123484523676558,0.0828297327999599,0.165853819509062,73.9,0,0
bidmc_36,155,0.8181818181818183,0.0180797133013178,0.6756363636363636,0.3988255964614336,0.2984028235623017,0.0839623618888193,0.1572960263127669,73.4,0,0
bidmc_36,160,0.8152727272727273,0.0227439938488899,0.6698181818181818,0.3940020624700983,0.2745912589907738,0.0811124894983883,0.1422083499713377,73.0,0,0
bidmc_36,165,0.8116363636363637,0.0219390590967248,0.6654545454545454,0.3716499075512304,0.2936183233733909,0.0809206949757115,0.1545520700716562,73.1,0,0
bidmc_36,170,0.8472727272727273,0.0294343365015971,0.6690909090909091,0.404722711142188,0.3007161392414098,0.0848051248862694,0.1570150490723359,73.4,0,0
bidmc_36,175,0.8688,0.0196611291639112,0.6744,0.4134443515620455,0.3122999226443522,0.0843316198616232,0.16439563950693,72.9,0,0
bidmc_36,180,0.832,0.0421943555035935,0.6792,0.3804466176782817,0.3372807950798064,0.0824077968707756,0.1728222096420237,71.1,0,0
bidmc_36,185,0.8320000000000001,0.0175271218401653,0.6808,0.3989775616903669,0.3181626613134075,0.0922416324546791,0.1642970296980116,70.2,0,0
bidmc_36,190,0.818909090909091,0.0157333146565701,0.6843636363636363,0.4000606193195732,0.3127344014492879,0.0844385949072234,0.16264635410366,71.2,0,0
bidmc_36,195,0.8058181818181819,0.0210532579289165,0.6865454545454545,0.4011875996759584,0.3030736514791057,0.0814684781134048,0.1558936810242583,72.5,0,0
bidmc_36,200,0.8094545454545454,0.0225806177400145,0.6858181818181817,0.3983611298648681,0.303127975895423,0.0819307587059567,0.1561529887727319,73.4,0,0
bidmc_36,205,0.8370909090909091,0.0174848222257037,0.6836363636363635,0.3999307874130897,0.305590476439491,0.0808679620359937,0.1585407057968772,73.9,0,0
bidmc_36,210,0.8370909090909091,0.0190761847979694,0.6872727272727271,0.3975823473713653,0.2873034955988076,0.0813171757079915,0.1514068441929726,73.4,0,0
bidmc_36,215,0.8254545454545457,0.0155643160429328,0.6923636363636363,0.3918599159173346,0.2873241535115297,0.083575694682582,0.1505440158068279,72.4,0,0
bidmc_36,220,0.8232727272727274,0.0197304144963643,0.6945454545454545,0.3981920248639039,0.3055547069299809,0.0819978230298904,0.1573720501178869,72.2,0,0
bidmc_36,225,0.8167272727272727,0.016520460642328,0.6727272727272726,0.4011741731086586,0.3158294846187819,0.0811713384199678,0.1642802536298196,72.7,0,0
bidmc_36,230,0.8232727272727274,0.0172104139144715,0.6647272727272727,0.4073692446228636,0.3184956969522651,0.0813347904624515,0.1715602186876976,73.1,0,0
bidmc_36,235,0.8272,0.0168570460045643,0.6704,0.4099092646916148,0.2815014269115004,0.0825965888248318,0.1495164618659815,73.2,0,0
bidmc_36,240,0.8079999999999999,0.0167114549717469,0.6756363636363635,0.3989762332955264,0.2824518771018869,0.0837303510023638,0.1544854534292245,73.1,0,0
bidmc_36,245,0.8094545454545454,0.0179917336390588,0.6712727272727271,0.3902163969447056,0.3085130148507629,0.0866332513604113,0.1599924956457444,73.2,0,0
bidmc_36,250,0.8283636363636365,0.0219390590967248,0.6639999999999999,0.4004249658962571,0.2992770890991398,0.081935079394817,0.1523632476988618,73.9,0,0
bidmc_36,255,0.8448,0.0164730082255791,0.6683636363636363,0.4081687076546373,0.2929343680131742,0.0827397530487593,0.1543476202960109,73.8,0,0
bidmc_36,260,0.8356363636363638,0.0469414969108506,0.6664,0.374464978079041,0.2630593404304227,0.0807773442261841,0.1361492334671132,72.4,0,0
bidmc_36,265,0.8512000000000001,0.0168570460045643,0.6527999999999999,0.394765665204161,0.2639644033016314,0.0801697157752039,0.1318118561470213,71.3,0,0
bidmc_36,270,0.8423999999999999,0.0134104436913921,0.6472,0.396347116435264,0.316068097739676,0.0814190763879086,0.1546920974955405,70.7,0,0
bidmc_36,275,0.813818181818182,0.0255478808294549,0.6545454545454544,0.3932058277405283,0.3113415671287826,0.0837321039372173,0.1633015344442709,70.7,0,0
bidmc_36,280,0.8123636363636364,0.0239669193502313,0.6618181818181817,0.3892499006924556,0.32133800047985,0.0829495950943962,0.1691175116228695,71.9,0,0
bidmc_36,285,0.8320000000000001,0.0218424107893544,0.6719999999999999,0.3994837276019914,0.313981070245954,0.0821000250376742,0.1632717165360343,73.3,0,0
bidmc_36,290,0.8370909090909091,0.0193787819555988,0.6749090909090909,0.3859450236334096,0.2985544393005077,0.0834547880932485,0.156034017431862,73.3,0,0
bidmc_36,295,0.8283636363636364,0.0205703790890631,0.6778181818181818,0.3857284418643771,0.3009882502961043,0.0846159960436335,0.1581909686307523,72.4,0,0
bidmc_36,300,0.8261818181818182,0.016391894792123,0.6829090909090908,0.4069565349171786,0.3110394688736003,0.0835596538733029,0.1640803679483247,72.1,0,0
bidmc_36,305,0.8247272727272729,0.0181963578228316,0.6836363636363635,0.4004356002305579,0.3199921196771076,0.0825308285517958,0.1677392869643655,72.6,0,0
bidmc_36,310,0.8276363636363637,0.0191038916895471,0.6858181818181817,0.3995885184239084,0.3188568999144749,0.0809099466216937,0.1656298211188199,73.0,0,0
bidmc_36,315,0.8283636363636364,0.0164884131618249,0.6894545454545453,0.4055887101351395,0.3189227902105369,0.0804810719795587,0.1653616686825543,72.5,0,0
bidmc_36,320,0.8116363636363637,0.0197035886314822,0.6879999999999998,0.4027729242646454,0.3064381771671173,0.0805872158661453,0.1563286865046619,72.0,0,0
bidmc_36,325,0.802909090909091,0.0184561127861083,0.6741818181818181,0.388869220260837,0.3074520235238807,0.0807398961923248,0.1586079725659809,72.6,0,0
bidmc_36,330,0.8026666666666668,0.0170749979664875,0.6613333333333332,0.3876872473014648,0.2978510964343316,0.0814185551593345,0.1655159239371217,74.0,0,0
bidmc_36,335,0.8058181818181819,0.0152900334848207,0.6589090909090909,0.3865917143476763,0.3048448905053718,0.0814995683176886,0.1590217699706378,74.9,0,0
bidmc_36,340,0.8094545454545456,0.0122129859081793,0.6625454545454544,0.3952246476462812,0.3039235608845668,0.0793251145372437,0.1557318196500796,74.6,0,0
bidmc_36,345,0.8065454545454547,0.0135670968044927,0.6647272727272727,0.3912903682035033,0.2742124273479403,0.0800052496107019,0.1420582661757649,74.1,0,0
bidmc_36,350,0.7956363636363637,0.0124701295996234,0.6683636363636363,0.3883920469176978,0.2852401881765732,0.0812104940494478,0.1512252474381002,74.1,0,0
bidmc_36,355,0.8096,0.0222854212434945,0.6696,0.3955557283965825,0.3042223377137285,0.0879456343933679,0.1685064140431486,74.6,0,0
bidmc_36,360,0.8160000000000001,0.0159999999999999,0.6698181818181818,0.3914375760467365,0.298941423625008,0.0845946350863336,0.1550473575724247,74.7,0,0
bidmc_36,365,0.8116363636363637,0.0092566705900784,0.6734545454545454,0.3910182320143209,0.3005622899477414,0.1034946324234532,0.1544868642280712,74.2,0,0
bidmc_36,370,0.8007272727272727,0.0181963578228316,0.6763636363636363,0.3827335693566329,0.303647851597682,0.0806554944422111,0.1547271262784803,74.0,0,0
bidmc_36,375,0.7861818181818182,0.0128049577175702,0.6727272727272727,0.3835062346093889,0.2855694299979666,0.088804981180788,0.1538392940450502,74.3,0,0
bidmc_36,380,0.7934545454545454,0.0151859003765971,0.6756363636363636,0.3931111934463663,0.2947431907158304,0.0820634430795865,0.1571659454890982,75.2,0,0
bidmc_36,385,0.8080000000000002,0.0159999999999999,0.6778181818181818,0.4038742840669467,0.3135332987675234,0.1029787300853923,0.1601208444303731,75.9,0,0
bidmc_36,390,0.8276363636363637,0.0197035886314822,0.6741818181818181,0.4049856660310245,0.2696882695022461,0.0804009604595729,0.1413682121945667,75.4,0,0
bidmc_36,395,0.845090909090909,0.0164563032712505,0.6799999999999999,0.4063754459329549,0.2955489764651748,0.0814177565716418,0.158058377487248,74.0,0,0
bidmc_36,400,0.8283636363636364,0.0267217062849073,0.6879999999999998,0.3988557001938448,0.3099409861438096,0.0828856466071154,0.1614279119195049,72.4,0,0
bidmc_36,405,0.8450909090909092,0.0311286320858657,0.685090909090909,0.3969934493339382,0.2698742605458308,0.0821620298019437,0.1405055314634973,71.7,0,0
bidmc_36,410,0.8656,0.0234059821413244,0.6749090909090908,0.4012940569957521,0.2881562395277652,0.0893099748612431,0.150893433027508,71.6,0,0
bidmc_36,415,0.8568,0.0275855034393066,0.6696,0.3924442917012252,0.2993672208085389,0.0801028791785029,0.1509962104140982,70.8,0,0
bidmc_36,420,0.8632,0.0291643618136931,0.6808,0.4035050590249224,0.328701599822643,0.1043361547806119,0.1643377472842775,70.1,0,0
bidmc_36,425,0.8744,0.0220689827586139,0.6823999999999999,0.4045997443047704,0.3409901772277706,0.0832885811703986,0.1734395439499969,69.9,0,0
bidmc_36,430,0.8530909090909091,0.0199702257712669,0.6669090909090909,0.3975287006642661,0.3250555767249416,0.0804927005234499,0.175614768828607,69.4,0,0
bidmc_36,435,0.8407272727272729,0.0172104139144716,0.6625454545454544,0.3929415049198198,0.2927389697726992,0.08184960336863,0.1519799519205885,69.5,0,0
bidmc_36,440,0.8414545454545457,0.0201285127317789,0.6632727272727272,0.3938243286917054,0.2902717465427107,0.0905983527770023,0.1510084291697905,70.5,0,0
bidmc_36,445,0.8305454545454546,0.024317459632437,0.6661818181818181,0.4062495518442667,0.3131689564129331,0.0825013326383175,0.1608409701041096,71.0,0,0
bidmc_36,450,0.8203636363636364,0.0197035886314822,0.6683636363636363,0.3980058958859076,0.3102118965278916,0.0817491480032819,0.1592831545897664,71.3,0,0
bidmc_36,455,0.8312727272727273,0.0188249877898833,0.6727272727272727,0.3966918200305478,0.3194560320847171,0.0808305497151101,0.164543559663508,72.2,0,0
bidmc_36,460,0.8305454545454546,0.0192418277168333,0.6727272727272727,0.4019259117280983,0.2986733674178488,0.0829271018202447,0.156179396131764,72.7,0,0
bidmc_36,465,0.8072727272727274,0.0200231271242708,0.6719999999999999,0.3981996978183585,0.2748305636062987,0.0810589984651941,0.1444098000005036,72.3,0,0
bidmc_36,470,0.802909090909091,0.0178144708566049,0.6749090909090908,0.3944722105275495,0.2947376731692022,0.0826372436739653,0.1565985945892374,72.8,0,0
bidmc_37,0,0.6662857142857143,0.0055988336977901,0.5107692307692306,0.7596928770081613,0.1723639903208805,0.1632507821146725,0.1098896347003144,90.0,0,0
bidmc_37,5,0.6664615384615384,0.0065705096935577,0.5483076923076922,0.7628060137657656,0.190834163414659,0.1577243148944815,0.1161751269498091,90.0,0,0
bidmc_37,10,0.6668571428571429,0.0071599794777952,0.6319999999999999,0.7426886713800461,0.1912170690451086,0.1655680585456869,0.1174697583786958,90.0,0,0
bidmc_37,15,0.6615384615384615,0.0057728193967057,0.635076923076923,0.7475463491063872,0.1714677230898162,0.1556438995526551,0.111985545871147,90.2,0,0
bidmc_37,20,0.6617142857142857,0.0055988336977901,0.6399999999999999,0.7546047499703408,0.1529020117314018,0.1571940049690975,0.0960447353189357,90.7,0,0
bidmc_37,25,0.6596923076923076,0.0059663752091277,0.643076923076923,0.7558833208694242,0.1420163460419213,0.1721284912329917,0.0950796684104649,91.0,0,0
bidmc_37,30,0.6594285714285714,0.007228063223242,0.5994285714285714,0.7698274911007805,0.1359989723532771,0.1854218093506556,0.1230961717123599,91.0,0,0
bidmc_37,35,0.6701538461538461,0.0094936914587947,0.6356923076923077,0.7638579697669703,0.1389455758285503,0.1636901135501159,0.1180568797848481,90.8,0,0
bidmc_37,40,0.6725714285714285,0.0070681810724874,0.5605333333333332,0.7520200531372598,0.1870583857886938,0.1536217178051493,0.1140375419642631,89.9,0,0
bidmc_37,45,0.6633846153846152,0.0066278951472424,0.4627692307692307,0.7567870805109821,0.1906623922078201,0.1556999940772636,0.1170335928886727,89.3,0,0
bidmc_37,50,0.6639999999999999,0.0060474315681476,0.4885333333333332,0.7480202636619805,0.1517878499225219,0.1568969973346962,0.0962488738208657,90.0,0,0
bidmc_37,55,0.6664615384615384,0.0048455433070841,0.5222857142857142,0.7400210646063352,0.152211090945905,0.156517479163579,0.093485262961749,90.3,0,0
bidmc_37,60,0.6634285714285715,0.0056279187438834,0.3242666666666666,0.747972139144659,0.1445176864934711,0.160713137989004,0.0902131207208243,90.0,0,0
bidmc_37,65,0.6639999999999999,0.005434929763894,0.1097142857142857,0.7622756635666834,0.1566006231781241,0.1626032833263264,0.0966361207449351,90.0,0,0
bidmc_37,70,0.6645714285714285,0.0056279187438834,0.2298666666666667,0.7470425087066861,0.1922746144088096,0.1589711180648504,0.1180000599161648,90.0,0,0
bidmc_37,75,0.667076923076923,0.0049994082490067,0.2931428571428571,0.7721143939255234,0.2174799476402704,0.2055625079341852,0.1297511763571263,90.0,0,0
bidmc_37,80,0.6685714285714287,0.0039589732744431,0.4501333333333333,0.7569532121679393,0.230042351463489,0.1554122112755825,0.1384049020728522,90.0,0,0
bidmc_37,85,0.6683076923076923,0.0059663752091277,0.4874285714285714,0.7575833543955746,0.2619215205537711,0.1881846265965422,0.1544466975177124,90.0,0,0
bidmc_37,90,0.6645714285714285,0.0047466422073817,0.3653333333333333,0.7530430304733116,0.2456556457537312,0.1565191098991789,0.1479177507508691,90.0,0,0
bidmc_37,95,0.6621538461538461,0.0046051167837217,0.4759999999999999,0.7398947937388953,0.2531943960802734,0.1597185755669595,0.1489424193628566,90.0,0,0
bidmc_37,100,0.6611428571428571,0.0038332593899996,0.36,0.7563268601282717,0.248590170284806,0.1568024547975803,0.1485920728106793,90.5,0,0
bidmc_37,105,0.6664615384615384,0.0090860449601436,0.3556923076923077,0.7619109889314393,0.2486774166822358,0.1587753496620249,0.1485238496582583,90.8,0,0
bidmc_37,110,0.6695384615384614,0.0079286761395231,0.6406153846153846,0.7499931615393661,0.2273846590602972,0.1559756238537579,0.1365100659544961,90.3,0,0
bidmc_37,115,0.6664615384615384,0.0057728193967057,0.6406153846153846,0.7502958587552192,0.2184561475482422,0.1558156215919432,0.129428982049236,90.0,0,0
bidmc_37,120,0.6683076923076924,0.0067412007077558,0.6418461538461538,0.743247669692927,0.2334968098754033,0.1529045180955981,0.1375146976706118,90.0,0,0
bidmc_37,125,0.6651428571428571,0.0059384599116647,0.643076923076923,0.756763536563385,0.2606371688554496,0.1567228904588494,0.1524332182351022,90.0,0,0
bidmc_37,130,0.6633846153846152,0.0049230769230769,0.6492307692307692,0.7438424094213368,0.265936602979306,0.1547610129661326,0.1559208835514572,90.0,0,0
bidmc_37,135,0.6611428571428571,0.0048822878544671,0.6498461538461537,0.7535241661629758,0.2574788523875958,0.1591587002511865,0.1556525046857337,90.3,0,0
bidmc_37,140,0.6547692307692307,0.0061538461538461,0.5538461538461538,0.7445917521003078,0.2602539189442962,0.1575651782510686,0.1572616830322596,90.8,0,0
bidmc_37,145,0.6588571428571427,0.0077722688621345,0.5577142857142856,0.7375967058663513,0.2501550150597869,0.1585190743430367,0.150059556213661,91.5,0,0
bidmc_37,150,0.6713846153846152,0.0101491830784434,0.6479999999999999,0.7407522579492912,0.2636732589255539,0.152046656400479,0.1515062718982362,91.3,0,0
bidmc_37,155,0.6685714285714285,0.0083982505466851,0.6090666666666666,0.7491425403845285,0.256363740774978,0.1550247575583976,0.152146766383653,89.8,0,0
bidmc_37,160,0.6633846153846152,0.0066278951472424,0.6553846153846153,0.7429030063981761,0.2566916127083123,0.1582495167157091,0.1565352796314629,89.6,0,0
bidmc_37,165,0.6639999999999999,0.0060474315681476,0.6537142857142857,0.7409550700959625,0.2473827242706972,0.1544243117088606,0.1468231204788991,90.4,0,0
bidmc_37,170,0.6664615384615384,0.0057728193967057,0.6073846153846153,0.7468527766198765,0.2481425763891624,0.154719863666777,0.1492298530179129,90.3,0,0
bidmc_37,175,0.6622857142857141,0.0053908463611752,0.4885333333333333,0.7474487557449461,0.2507380254855883,0.1553753214157589,0.1491525255883231,90.0,0,0
bidmc_37,180,0.6609230769230768,0.0066847879945847,0.3581538461538461,0.7348899822041222,0.2516386402953684,0.1571802059460962,0.1485989340471646,90.5,0,0
bidmc_37,185,0.6582857142857143,0.0055988336977901,0.4410666666666666,0.736520787575543,0.2432286371998473,0.1576153384066998,0.1451988791619645,91.0,0,0
bidmc_37,190,0.6559999999999999,0.0052372293656638,0.3157333333333333,0.7532437583327511,0.2433798343328063,0.1576592862927824,0.1481592734027127,91.1,0,0
bidmc_37,195,0.6566153846153846,0.0037934855402886,0.2422857142857143,0.7511604088707801,0.2430123493055375,0.1558298162946536,0.146719109153097,91.5,0,0
bidmc_37,200,0.6559999999999999,0.0052372293656638,0.1413333333333333,0.7407534689854711,0.2465552663686705,0.1549114952992001,0.1463557200213861,91.7,0,0
bidmc_37,205,0.6594285714285714,0.007228063223242,0.1068571428571428,0.7539963576899195,0.257263277742327,0.1593806203603937,0.151465056959859,91.5,0,0
bidmc_37,210,0.6617142857142857,0.0076665187799992,0.3314285714285714,0.740685150087037,0.2448387850975863,0.1574446633575775,0.1450040512394181,90.9,0,0
bidmc_37,215,0.6611428571428571,0.0057427860692119,0.6411428571428571,0.763672790816572,0.2226959640572052,0.1595180408440696,0.1355880414680277,90.5,0,0
bidmc_37,220,0.667076923076923,0.0049994082490067,0.6387692307692306,0.755732914609199,0.2340894962173457,0.1543813745799418,0.1393354084338184,90.7,0,0
bidmc_37,225,0.6674285714285714,0.0058274508726774,0.5971428571428571,0.7581361591143719,0.2505307546319189,0.1573792854976894,0.1506260145314241,90.4,0,0
bidmc_37,230,0.668923076923077,0.0059025618748464,0.6024615384615384,0.7533438027638397,0.2412058115922087,0.1556487080396874,0.1505848060503054,90.0,0,0
bidmc_37,235,0.668,0.0065900357683833,0.6559999999999999,0.7385365811887135,0.259572166165441,0.157399490518638,0.1567577177413121,90.0,0,0
bidmc_37,240,0.6639999999999999,0.005434929763894,0.5132307692307692,0.7329412835333319,0.2655197520336337,0.1565634957021401,0.1585465308730883,90.0,0,0
bidmc_37,245,0.6651428571428571,0.0051110125199995,0.5138461538461537,0.745135738566897,0.2634110109653008,0.1573328558807656,0.1587607651642648,90.0,0,0
bidmc_37,250,0.6658461538461538,0.0063952645202543,0.6142857142857142,0.7479566213416812,0.2461028838503499,0.157066037858134,0.15074443356581,90.0,0,0
bidmc_37,255,0.6628571428571428,0.0059384599116647,0.5333333333333333,0.7501319793706578,0.2487685262600003,0.1592690134210675,0.1505256063503697,90.0,0,0
bidmc_37,260,0.6633846153846152,0.0058380510649262,0.6086153846153846,0.741774064907422,0.2577646195639965,0.1565097801665645,0.1557359141017303,90.3,0,0
bidmc_37,265,0.6657142857142856,0.0053908463611752,0.6117333333333332,0.7524673610708844,0.2626095309158006,0.1580546078566297,0.1579147437686035,90.5,0,0
bidmc_37,270,0.6664615384615384,0.0048455433070841,0.6091428571428571,0.749714311076162,0.2645145711920106,0.1604833093323931,0.1594461416565565,90.2,0,0
bidmc_37,275,0.6645714285714285,0.0063887656499994,0.5754666666666666,0.749368672063392,0.2650149977381771,0.1561752162077531,0.1582029656386204,90.0,0,0
bidmc_37,280,0.6658461538461538,0.0055725447003922,0.5618461538461538,0.7450738139042006,0.2682816842539158,0.1570105235213424,0.163954246949087,90.0,0,0
bidmc_37,285,0.6651428571428571,0.0059384599116647,0.4911999999999999,0.7434715673326,0.2583685616875113,0.1562308703378038,0.155194373391855,90.0,0,0
bidmc_37,290,0.6652307692307692,0.0052937386258723,0.3144615384615384,0.698507801388165,0.2248056302337648,0.1554604037490127,0.142850622729375,90.0,0,0
bidmc_37,295,0.6731428571428573,0.0108420948348629,0.5731428571428571,0.7507710176146445,0.2224266068963548,0.1570471448871508,0.1370353351098902,90.0,0,0
bidmc_37,300,0.6756923076923076,0.0111450894007844,0.5268571428571428,0.7418244912265316,0.2381303887729917,0.1549081261518774,0.1424993259765052,89.6,0,0
bidmc_37,305,0.6668571428571427,0.0048822878544671,0.264,0.7611423152327953,0.2391019010857657,0.1586483094614046,0.1437606538029127,89.1,0,0
bidmc_37,310,0.6639999999999999,0.0044376015698018,0.3070769230769231,0.7609243719092387,0.2452085323969419,0.1583324624147755,0.1427351502884558,89.6,0,0
bidmc_37,315,0.6674285714285714,0.0049815987926179,0.4892307692307692,0.766809112306197,0.2403551336882461,0.1585091910686486,0.1469883141682118,90.1,0,0
bidmc_37,320,0.668923076923077,0.0059025618748464,0.6356923076923077,0.7364834595730972,0.254812732415807,0.1534735079856376,0.1540449452227158,90.0,0,0
bidmc_37,325,0.6719999999999999,0.0076861513826441,0.6412307692307692,0.7441226425376032,0.2562148840882532,0.1633399388979277,0.1502946268063817,89.9,0,0
bidmc_37,330,0.675076923076923,0.0049994082490067,0.6492307692307692,0.7549838265278941,0.2420484063703041,0.1552100656975198,0.1468210465079954,89.4,0,0
bidmc_37,335,0.6738461538461539,0.0055725447003922,0.6541538461538461,0.7449543174583033,0.2434783313374487,0.1533173021018641,0.147481277722522,89.0,0,0
bidmc_37,340,0.6742857142857143,0.0055988336977901,0.653142857142857,0.7558324129436758,0.2415343699602404,0.1595168269102992,0.1457352835500633,89.0,0,0
bidmc_37,345,0.675076923076923,0.0059025618748464,0.6523076923076923,0.7524361237535727,0.2373933901582489,0.1575346693686751,0.1403727160273991,89.0,0,0
bidmc_37,350,0.6719999999999999,0.0074065607981804,0.6516923076923077,0.7628256323802102,0.2294118108932892,0.1587284693173609,0.1380464115021199,89.0,0,0
bidmc_37,355,0.6683076923076924,0.0050745915392217,0.6461538461538461,0.7470997891867366,0.2343906316383542,0.1580117485406645,0.1404752704663123,89.1,0,0
bidmc_37,360,0.6679999999999999,0.005014265364224,0.6461538461538461,0.7538485794408006,0.2334142806281767,0.1578210930113928,0.1391537469561564,89.6,0,0
bidmc_37,365,0.672,0.0076861513826441,0.6479999999999999,0.7432637462638317,0.2506356595022768,0.1549518254318373,0.1496825066032467,90.0,0,0
bidmc_37,370,0.6732307692307692,0.0069076751755826,0.6036923076923076,0.7303097152207654,0.2490743166690379,0.1502338357574616,0.1477005311921448,89.5,0,0
bidmc_37,375,0.6702857142857142,0.0053908463611752,0.3999999999999999,0.7459203681372935,0.2005851432586644,0.1539365129395947,0.1270668858589654,89.0,0,0
bidmc_37,380,0.667076923076923,0.0059025618748464,0.4342857142857142,0.7375229636887429,0.1972899742583527,0.1549132875733109,0.1264861599883613,89.4,0,0
bidmc_37,385,0.6702857142857143,0.008101398216433,0.5791999999999999,0.7381136929672804,0.2263073589487828,0.1569701479029509,0.1373840363702049,89.9,0,0
bidmc_37,390,0.6670769230769231,0.0086153846153846,0.4337142857142856,0.7507850293147879,0.2477900527615866,0.1591346716161649,0.1472006708220471,89.8,0,0
bidmc_37,395,0.661142857142857,0.0038332593899996,0.5165714285714285,0.7539120808631844,0.2050425506057373,0.1610485398864421,0.12634675981078,90.1,0,0
bidmc_37,400,0.6652307692307692,0.0069076751755826,0.6492307692307692,0.7467577628645182,0.2064424882167814,0.1592447901268846,0.1256675596805656,90.8,0,0
bidmc_37,405,0.6691428571428572,0.0064901809666288,0.6571428571428571,0.7505156835601113,0.208353508798044,0.1560280185315722,0.1272080933415555,90.5,0,0
bidmc_37,410,0.6713846153846154,0.0058380510649262,0.5714285714285714,0.7644274237047897,0.1877756240081736,0.1584309626334533,0.1160635381119336,89.7,0,0
bidmc_37,415,0.6737142857142857,0.0068809111878813,0.5662857142857142,0.7559944178265164,0.1629166871701926,0.1586448149598279,0.0991073359676303,89.4,0,0
bidmc_37,420,0.668923076923077,0.0119644443662914,0.5538461538461538,0.7671568566807746,0.1495195130447056,0.1836954390616167,0.1036149097165357,89.2,0,0
bidmc_37,425,0.6571428571428571,0.0079179465488863,0.465142857142857,0.7646548601127298,0.1197476680354995,0.1843204586936972,0.0882450243141021,89.5,0,0
bidmc_37,430,0.6609230769230768,0.0066847879945847,0.5753846153846152,0.7476007843538107,0.1474775605327419,0.1641166325274591,0.0973626428694064,90.5,0,0
bidmc_37,435,0.6639999999999999,0.0052372293656638,0.6399999999999999,0.7404201535750636,0.169656589595949,0.1537824578740027,0.1055307210908947,90.7,0,0
bidmc_37,440,0.667076923076923,0.0066847879945847,0.6541538461538461,0.7448424452057676,0.144472047657278,0.1877657644838581,0.088819869426951,90.2,0,0
bidmc_37,445,0.6702857142857143,0.0053908463611752,0.5765333333333332,0.7526206691781645,0.1295366339459312,0.1567703195085766,0.0820541560638813,90.0,0,0
bidmc_37,450,0.6701538461538461,0.0046051167837217,0.481142857142857,0.7492848003864683,0.1460067980450403,0.1637906535888774,0.0910432431092745,89.9,0,0
bidmc_37,455,0.669142857142857,0.0048822878544671,0.4047999999999999,0.7431066422271613,0.1628720803017942,0.1578706847865461,0.1020521844155104,89.8,0,0
bidmc_37,460,0.6646153846153845,0.0037934855402886,0.4172307692307692,0.7489396775861337,0.1876039896749774,0.157928055061161,0.1156285572035164,89.9,0,0
bidmc_37,465,0.6702857142857143,0.0075159693931233,0.5697142857142856,0.7265798869567426,0.1906498317241699,0.1576927551204128,0.1178915709201511,90.0,0,0
bidmc_37,470,0.6756923076923076,0.0050745915392217,0.6572307692307692,0.7432846749944002,0.1978706960756294,0.1545959115162192,0.117865243054521,89.7,0,0
bidmc_38,0,0.7486666666666668,0.132803949071136,0.5453333333333333,0.2439684603389819,0.1654715033549095,0.0456588957794999,0.095153626919804,80.2,1,3
bidmc_38,5,0.7206666666666667,0.0794285143313714,0.5864615384615384,0.2158700569685307,0.1563066507871301,0.0493405084065247,0.0884023519556632,80.2,0,0
bidmc_38,10,0.7286153846153847,0.1096663039627581,0.5926153846153845,0.2746910154835805,0.1349588039812688,0.0584217993409336,0.0824156350965772,81.2,1,3
bidmc_38,15,0.7187692307692308,0.0685926143659951,0.6246666666666666,0.2319654732002674,0.1330210560489661,0.0502510053222184,0.0769643628247523,81.9,0,0
bidmc_38,20,0.7386666666666667,0.0377123616632825,0.6766666666666666,0.2261641638673655,0.1367600728515084,0.0483791858781557,0.0803696056604117,81.5,0,0
bidmc_38,25,0.75,0.0066332495807108,0.6926666666666667,0.2756056543633031,0.1275323211382318,0.0497684177350712,0.0771876851259428,81.0,0,0
bidmc_38,30,0.7426666666666666,0.0435532879228295,0.6273333333333332,0.2226943839984081,0.1336867510062632,0.0556628107071564,0.0801074923752244,80.5,0,0
bidmc_38,35,0.7466666666666667,0.0445820093261346,0.6233333333333332,0.2275626161192172,0.1631725438631178,0.0541505623419953,0.0933913173906273,80.5,0,0
bidmc_38,40,0.7560000000000001,0.0325781112609883,0.6673333333333332,0.2311574484497511,0.1634458251871217,0.0491430211083246,0.0971758173921924,80.0,0,0
bidmc_38,45,0.7592727272727273,0.0311625967790961,0.6698181818181818,0.1865386864739898,0.1630204879393657,0.0529471305781195,0.0962884864831507,79.6,0,0
bidmc_38,50,0.752,0.0484824241818151,0.621090909090909,0.2032098298422865,0.1756298519038871,0.0467175248778884,0.0993575252238243,80.1,0,0
bidmc_38,55,0.7720000000000001,0.0388501394248892,0.6399999999999999,0.2474813676053795,0.1783271162520831,0.0508227560092416,0.1022400699228064,80.1,0,0
bidmc_38,60,0.7556363636363636,0.0039834367818557,0.6807272727272727,0.2411897168100999,0.1815745169265723,0.047445719675501,0.1063597295261911,79.3,0,0
bidmc_38,65,0.754,0.0034641016151377,0.6773333333333333,0.2523015069302251,0.1762121541092717,0.0468890824672486,0.1032883728271475,79.3,0,0
bidmc_38,70,0.754,0.0034641016151377,0.6799999999999998,0.2595113811748075,0.1888765613964116,0.0506920113010521,0.1132717145869394,79.9,0,0
bidmc_38,75,0.7447272727272728,0.1144386226197582,0.5876363636363635,0.2585371000562224,0.2005098933274997,0.0475185582071546,0.1160334787204464,80.5,1,3
bidmc_38,80,0.7461818181818182,0.1091103013067037,0.5876363636363636,0.2745456721505636,0.1907089123623389,0.0483737607381698,0.1053818818134398,80.6,1,3
bidmc_38,85,0.7346666666666666,0.1193240219830953,0.6059999999999999,0.2637478123423096,0.1704967795413398,0.0510274659388532,0.0930906515321899,80.2,1,3
bidmc_38,90,0.7480000000000001,0.1053502096185226,0.6006666666666666,0.2554694895125569,0.1659013841699816,0.0483926373644488,0.0960492675635461,80.4,1,3
bidmc_38,95,0.7466666666666667,0.1057964502660126,0.6033333333333333,0.2551953585306271,0.1504412661859711,0.0476762451945433,0.0956063917249783,80.2,1,3
bidmc_38,100,0.738,0.1221638244326036,0.6139999999999999,0.2579283119896532,0.1760102727419808,0.0487303344904904,0.0960490687683419,80.4,1,3
bidmc_38,105,0.7386666666666667,0.1206353550535202,0.6146666666666666,0.2607955196644521,0.1754962867419231,0.0498060103113411,0.1026565328820862,81.3,1,3
bidmc_38,110,0.7386666666666666,0.1219107141403995,0.6119999999999999,0.2529035145781033,0.1549829298281313,0.0475528640739524,0.1008619771825381,81.2,1,3
bidmc_38,115,0.7479999999999999,0.0442417600614321,0.6493333333333332,0.1944341148244895,0.1594503371622475,0.0449715456679899,0.0943554931409034,80.5,0,0
bidmc_38,120,0.754,0.0057735026918962,0.7039999999999998,0.2393115467824773,0.1743802387652279,0.0458442237564319,0.1024337201536518,79.8,0,0
bidmc_38,125,0.7534545454545455,0.0057265511810995,0.6916363636363635,0.2458986774998713,0.1820259683507378,0.045933459678659,0.1098400259259394,79.6,0,0
bidmc_38,130,0.746,0.0206881608655771,0.668,0.2419214971544501,0.1738368535464321,0.0466184694206872,0.100969125017995,79.9,0,0
bidmc_38,135,0.7479999999999999,0.0701617179569219,0.6133333333333333,0.2159811969483847,0.1625556492999765,0.0462742769260459,0.0975330356235078,80.2,0,0
bidmc_38,140,0.7505454545454545,0.0817138729029127,0.602181818181818,0.2385166377619781,0.1807907390335598,0.0449851994279267,0.1072491493579042,80.3,0,0
bidmc_38,145,0.7546666666666666,0.0164384373412506,0.6673333333333332,0.2063696710222982,0.185303948856523,0.047190773709644,0.108568086589775,79.9,0,0
bidmc_38,150,0.7453333333333334,0.0514155186257569,0.5746666666666665,0.1879044593115444,0.172107246709457,0.0489553811470668,0.0987941346300434,80.1,0,0
bidmc_38,155,0.7592727272727273,0.0071996326811721,0.6785454545454545,0.259407335696612,0.166959193777771,0.0471456726582768,0.0962929732593998,80.2,0,0
bidmc_38,160,0.7439999999999999,0.083458572557487,0.6433333333333332,0.2584877707557219,0.1662985015046614,0.0490023749349979,0.1002030231835801,79.8,0,0
bidmc_38,165,0.7346666666666666,0.1175679472569893,0.6033333333333333,0.2577578108220064,0.1855820798055478,0.0525122886826438,0.1028741790296965,80.7,1,3
bidmc_38,170,0.7556363636363636,0.0502923683479868,0.6159999999999999,0.2247540520388455,0.1852002096635217,0.0693080937144064,0.1130170129456104,80.7,0,0
bidmc_38,175,0.7546666666666667,0.0466857104000309,0.6406666666666666,0.2719882750518729,0.1378687316826463,0.0810026988091641,0.1009590789392838,79.7,0,0
bidmc_38,180,0.7053333333333333,0.0877471113801221,0.566153846153846,0.2622632949823177,0.1124914819313868,0.0655594885541238,0.0716315900977412,80.5,0,0
bidmc_38,185,0.6843076923076923,0.0225435804110943,0.6461538461538461,0.2111120548297151,0.1430020981575524,0.0521976719435574,0.0866511172838581,83.3,0,0
bidmc_38,190,0.66,0.0458319913223441,0.5251428571428571,0.2564484847027339,0.1575595202385664,0.06111945054533,0.0945603321605348,86.9,0,0
bidmc_38,195,0.6617142857142858,0.0846331820871937,0.3674285714285714,0.2979045352658668,0.1267587054518822,0.0575143837515519,0.0789335123546104,89.5,0,0
bidmc_38,200,0.656,0.126530020761265,0.4252307692307692,0.3182763207478412,0.1270479717354175,0.0648974041033294,0.0780402661134417,91.0,1,3
bidmc_38,205,0.6685714285714285,0.0946917663381822,0.4863999999999999,0.3425037943023795,0.1386894763897646,0.0628381126795301,0.0837000417040693,91.0,0,0
bidmc_38,210,0.6763076923076923,0.0176434106914848,0.5267692307692307,0.280838289406427,0.1406322723697552,0.0890941527419056,0.0849382256639809,89.6,0,0
bidmc_38,215,0.676,0.0319642657621645,0.533142857142857,0.305395359124102,0.1336589295162096,0.0596486462796036,0.0821832696698269,88.8,0,0
bidmc_38,220,0.6799999999999999,0.0168978833449181,0.5710769230769229,0.2570174206929057,0.1416912715879735,0.0604280666217061,0.0884142708039304,88.5,0,0
bidmc_38,225,0.683076923076923,0.0049994082490066,0.6535384615384614,0.330507457308342,0.1524016635767778,0.0979057640143229,0.0931029648003098,88.1,0,0
bidmc_38,230,0.6851428571428572,0.0057427860692118,0.6356923076923077,0.3209311791041141,0.1506239308213485,0.0982179336000218,0.0907550934657424,88.0,0,0
bidmc_38,235,0.6861538461538461,0.0046051167837217,0.6375384615384614,0.302097984269557,0.141089493181043,0.0597705303595724,0.0858473852420081,87.9,0,0
bidmc_38,240,0.6892307692307692,0.0069076751755826,0.6443076923076922,0.3043573656067643,0.1407793316720772,0.0576382032676746,0.0847974602296374,87.5,0,0
bidmc_38,245,0.6777142857142857,0.0983255733130854,0.5747692307692307,0.2874264785439281,0.1434346281565785,0.0570130993506242,0.0875992731916816,87.1,0,0
bidmc_38,250,0.6946666666666665,0.0967103349642058,0.5726666666666665,0.3164554890502462,0.1421140219489137,0.0588980801545824,0.0874166515069893,86.9,0,0
bidmc_38,255,0.7003076923076923,0.0403816116099025,0.6159999999999999,0.2910993574001956,0.1385742676114852,0.0630775183298101,0.0863715688586818,86.3,0,0
bidmc_38,260,0.684923076923077,0.1107863234675454,0.5508571428571428,0.3426116502486415,0.1406203622839751,0.0632549191545488,0.0880155752191106,85.9,1,3
bidmc_38,265,0.6929230769230769,0.1312111988293104,0.5015384615384615,0.3279279398144115,0.1397186125616473,0.0588066326475963,0.0835083471292372,86.5,1,3
bidmc_38,270,0.6972307692307691,0.1241278211213399,0.5476923076923076,0.3326934170147873,0.1365923841247886,0.058839398859589,0.0824844298637685,86.9,1,3
bidmc_38,275,0.7052307692307692,0.0877953510650709,0.5883076923076922,0.3118138865319331,0.1391138983770723,0.060294529784638,0.0856982773704184,86.0,0,0
bidmc_38,280,0.7266666666666666,0.0345382235919696,0.5626666666666665,0.3285808343999674,0.1432864769366954,0.0603375169260573,0.0885491341448729,84.6,0,0
bidmc_38,285,0.7206666666666667,0.0659258843112644,0.6193333333333333,0.3354163101636606,0.1437013532584869,0.059957197346126,0.089977744434581,84.0,0,0
bidmc_38,290,0.7233333333333333,0.0287440815164134,0.6659999999999999,0.2867963251951883,0.1413427827654895,0.0605150301665509,0.0876873915488756,83.5,0,0
bidmc_38,295,0.7193846153846153,0.0119327504182555,0.6652307692307691,0.2640584923201148,0.1429523631373767,0.0597483568932172,0.0859214466528961,83.1,0,0
bidmc_38,300,0.7163076923076923,0.0819825353027982,0.5735384615384616,0.3242188532313023,0.1403081115280454,0.059323183077177,0.0843765553260918,83.6,0,0
bidmc_38,305,0.7076923076923076,0.098411525759775,0.5803076923076923,0.3212392694159201,0.128875618191472,0.0594218502651626,0.0779376661457081,84.2,0,0
bidmc_38,310,0.7052307692307692,0.1062639339975659,0.5876923076923076,0.3226647842838441,0.123521295277006,0.059093532212211,0.0742489057495724,84.4,1,3
bidmc_38,315,0.7101538461538461,0.1283515881378753,0.5575384615384615,0.3334931875782829,0.1272303488003534,0.0582953945131524,0.0764025738114109,85.0,1,3
bidmc_38,320,0.718153846153846,0.1337240822646197,0.5587692307692307,0.3464871165405223,0.125184818769682,0.0600061306331999,0.0766045660210669,84.9,1,3
bidmc_38,325,0.7021538461538461,0.0799479120368584,0.5891428571428571,0.2891378486213734,0.1196497586762996,0.060826360242577,0.0734303209731991,83.3,0,0
bidmc_38,330,0.7003076923076923,0.0444442340560437,0.6098461538461537,0.2681671603768083,0.1174659628640795,0.0594433595019385,0.068335667414939,83.5,0,0
bidmc_38,335,0.706,0.0198997487421323,0.6479999999999999,0.2983229213318162,0.121139741665181,0.060213121689081,0.0714653280090355,85.0,0,0
bidmc_38,340,0.7106666666666666,0.0388958723888395,0.6373333333333333,0.2712020306574875,0.1284591911495892,0.0610182444466713,0.0798165565572094,85.2,0,0
bidmc_38,345,0.7106666666666666,0.0800555362788164,0.5606666666666665,0.3095343262161103,0.12394789130709,0.0620176211507298,0.0780441997033204,84.7,0,0
bidmc_38,350,0.6929230769230769,0.0948411315658263,0.5053333333333333,0.3236002995573425,0.124508433443647,0.0609390192035971,0.0768301456529691,85.0,0,0
bidmc_38,355,0.7273333333333333,0.049364854794569,0.5606666666666665,0.3388510775918544,0.1285726942283697,0.0601203277179015,0.0787579294933068,85.1,0,0
bidmc_38,360,0.7199999999999999,0.004618802153517,0.6646666666666666,0.3463842788974058,0.1348315932438583,0.0621127385897999,0.078910554367464,84.0,0,0
bidmc_38,365,0.718,0.0108934230922454,0.65,0.31377375243193,0.132963874237088,0.0604919884334009,0.0797564034803562,83.5,0,0
bidmc_38,370,0.7173333333333333,0.0325508149752898,0.6573333333333332,0.2841522006254515,0.1283544242773974,0.0601128419393003,0.0788255213726756,83.8,0,0
bidmc_38,375,0.7206666666666667,0.0296573018927136,0.6626666666666665,0.2787636029615464,0.1361420656155472,0.0617331433961135,0.0839686668441712,83.8,0,0
bidmc_38,380,0.7013333333333333,0.097997732400069,0.5950769230769231,0.2992773861918426,0.1385266752795579,0.0592001166008919,0.0862230391032097,84.0,0,0
bidmc_38,385,0.7159999999999999,0.1326046756340061,0.5026666666666667,0.2340651613323398,0.1219465566136838,0.0577135443302406,0.0760725423511554,84.5,1,3
bidmc_38,390,0.7146666666666666,0.0779287423797464,0.5426666666666666,0.3035400100091076,0.1247228184380034,0.0604448818365314,0.0858014229833343,84.2,0,0
bidmc_38,395,0.6868571428571428,0.0689418566027687,0.5612307692307692,0.3153868390527561,0.086468905849934,0.0635967126226573,0.0767661944878132,84.2,0,0
bidmc_38,400,0.6946666666666665,0.0339149262452717,0.5773333333333333,0.2783475350786198,0.0798810520775731,0.0783849901681376,0.0521822609807439,85.8,0,0
bidmc_38,405,0.6966153846153845,0.0750113206446338,0.6301538461538461,0.3558093229808687,0.1068080353972044,0.0683219937636499,0.0658292329244699,86.6,0,0
bidmc_38,410,0.6984615384615384,0.0362398322814411,0.6264615384615383,0.3103409622154157,0.1076716369069576,0.0996903461977481,0.0698646453977348,87.1,0,0
bidmc_38,415,0.696,0.0070164641544562,0.6246153846153846,0.3487674815534329,0.0980303985949315,0.0655820734201054,0.0621616804940178,87.8,0,0
bidmc_38,420,0.6867692307692307,0.0223749648771665,0.5267692307692307,0.33940114302363,0.1033495174792901,0.0662914646916216,0.0638694878863665,87.3,0,0
bidmc_38,425,0.6855384615384614,0.080453154438913,0.4659999999999999,0.3260954279088162,0.1025844158292778,0.0659535397739665,0.0632513624710283,87.3,0,0
bidmc_38,430,0.6886153846153846,0.0241964347708769,0.6092307692307691,0.3272201539852374,0.1054392613206328,0.0657361560136147,0.0657161840304875,87.2,0,0
bidmc_38,435,0.6886153846153845,0.0505440226421687,0.6166153846153845,0.3379502283023942,0.1127757710161638,0.0672302512704477,0.0695346710965903,87.0,0,0
bidmc_38,440,0.6941538461538461,0.0255217739733264,0.6116923076923075,0.3068133886588819,0.1088484037959748,0.066198542716081,0.0677361630525628,87.6,0,0
bidmc_38,445,0.698,0.0073936910042729,0.6539999999999999,0.3455026188458148,0.1121715395508392,0.0636002572155426,0.0706106508057009,87.8,0,0
bidmc_38,450,0.6775384615384615,0.1014545107497901,0.5468571428571428,0.3351062020477384,0.1180757655375156,0.0633643608892885,0.0724084925144242,87.1,1,3
bidmc_38,455,0.7033846153846153,0.0993002738097847,0.5372307692307692,0.3410942497194109,0.1127943970576016,0.0770872061808096,0.0699053516668832,86.8,0,0
bidmc_38,460,0.6959999999999998,0.0177504062792073,0.6129230769230769,0.3395114610954507,0.1180095333453387,0.073494291102482,0.0706927838652151,86.4,0,0
bidmc_38,465,0.6892307692307693,0.1310350240004286,0.5606153846153845,0.3665331267375687,0.1058290765761704,0.0652628813920204,0.0662074963826685,86.6,1,3
bidmc_38,470,0.6972307692307691,0.0390466266565299,0.6246666666666666,0.2999617588667833,0.1097894753206728,0.0948967961793986,0.0685236938109009,86.6,0,0
bidmc_39,0,0.7486666666666667,0.2070093932382994,0.4879999999999999,0.3115286729555545,0.2007890250546447,0.0557300221614608,0.1275727358528656,80.5,1,3
bidmc_39,5,0.7226666666666667,0.1893239434291277,0.6246153846153847,0.1036864204177234,0.2021697224021489,0.0517746278739427,0.1338873758167904,80.5,1,3
bidmc_39,10,0.7373333333333333,0.2002354170026427,0.6206666666666668,0.0894738984504913,0.186237511298422,0.0720785775448518,0.1339781787661704,80.7,1,3
bidmc_39,15,0.7384615384615384,0.2107366622787842,0.4946666666666666,0.2986558822630609,0.1945620163971257,0.0536224409760841,0.1272178502820144,81.4,1,3
bidmc_39,20,0.7527272727272727,0.1708827832750704,0.5019999999999999,0.2721343490881134,0.2112438060820568,0.050522083252942,0.1324935030310634,80.2,1,3
bidmc_39,25,0.770909090909091,0.1700916622110531,0.6066666666666666,0.1145509833758232,0.2200475479100437,0.049022951670767,0.1379379504748432,78.7,1,3
bidmc_39,30,0.8225454545454546,0.126758441451995,0.544,0.3009885760992769,0.240927115771297,0.0518390150645725,0.142849986927464,77.9,1,3
bidmc_39,35,0.8269090909090909,0.0085435200905241,0.7221818181818181,0.3004655073662856,0.2568767411725194,0.0524907450056147,0.1493250249654759,75.2,0,0
bidmc_39,40,0.8130909090909092,0.0522119013695929,0.6639999999999999,0.242620225041985,0.2415842809991971,0.0508727277015817,0.1472362312680951,72.5,0,0
bidmc_39,45,0.8160000000000001,0.048960095068238,0.6647272727272727,0.2120660594257213,0.2152804523724314,0.0535947627834582,0.1339787027903734,73.1,0,0
bidmc_39,50,0.8240000000000001,0.0646962131812983,0.6519999999999999,0.2668547356220471,0.2029999549990119,0.0529303397362706,0.1176997330077888,73.8,0,0
bidmc_39,55,0.8192,0.0108517279730004,0.7105454545454545,0.3091983538252867,0.2048555720434455,0.0557880017004994,0.1242937490534068,72.9,0,0
bidmc_39,60,0.8160000000000001,0.0096483630264884,0.7214545454545453,0.3106707177180241,0.2462914787956749,0.0556970599862314,0.1496293751392236,72.6,0,0
bidmc_39,65,0.813818181818182,0.0068995148949127,0.7301818181818182,0.2862495017737451,0.2428067543279244,0.0545251252067884,0.14957142425875,73.2,0,0
bidmc_39,70,0.810909090909091,0.0078329669921956,0.7287272727272728,0.2593497306627539,0.2303628921409515,0.0542377132586868,0.1379830231837753,73.5,0,0
bidmc_39,75,0.8094545454545456,0.0095380923989846,0.7112727272727272,0.3026493457596766,0.2554164696231855,0.0533934750061835,0.1519632441089054,73.7,0,0
bidmc_39,80,0.8079999999999999,0.0090252171970842,0.7025454545454545,0.2979289243672647,0.270458128927192,0.0520646365807906,0.1597605769447918,74.0,0,0
bidmc_39,85,0.8096,0.0086162636914151,0.6989090909090908,0.2887539501865647,0.2537767869560248,0.0555324455601758,0.1555592439410246,74.0,0,0
bidmc_39,90,0.8094545454545454,0.0095380923989846,0.701090909090909,0.2845541533188159,0.2443984069105242,0.0521881020945091,0.1466009886106933,74.0,0,0
bidmc_39,95,0.8007272727272727,0.0104888764377134,0.7018181818181817,0.2557093823751152,0.2279642854625488,0.051983489751714,0.1369595683876733,74.0,0,0
bidmc_39,100,0.7985454545454546,0.0101297369288611,0.6952727272727272,0.2842718776449022,0.2294775845719595,0.050698840657629,0.1378780634915658,74.5,0,0
bidmc_39,105,0.8021818181818182,0.0076967310867333,0.6952727272727272,0.2875288242574165,0.2453002400550556,0.0507189146483869,0.1468790948158138,75.0,0,0
bidmc_39,110,0.8058181818181819,0.0076967310867333,0.7018181818181817,0.2910542014326022,0.2520737214544273,0.0568072627137558,0.1529302421395637,75.0,0,0
bidmc_39,115,0.8072727272727274,0.0079668735637114,0.7076363636363635,0.3036024398020048,0.2361416384968301,0.0541032262679302,0.1449756129465689,74.8,0,0
bidmc_39,120,0.8087272727272729,0.00634021664515,0.7163636363636363,0.2948719080827233,0.2367097531386305,0.0529814682884286,0.1429364904131453,74.3,0,0
bidmc_39,125,0.8094545454545454,0.0066655646472084,0.7178181818181817,0.293047374958356,0.2496941810204953,0.0520318103007364,0.1491809955670822,74.0,0,0
bidmc_39,130,0.813818181818182,0.0090836334522158,0.7127272727272727,0.2998192384578785,0.2548948533830212,0.0525307346308676,0.1518135637720121,74.0,0,0
bidmc_39,135,0.8,0.0561556279054427,0.7135999999999999,0.2778881347196962,0.256759130419654,0.0524291329755681,0.1527911269751353,74.0,0,0
bidmc_39,140,0.786909090909091,0.0823136512984489,0.6733333333333332,0.2838543926358821,0.249813171525485,0.0525177251505315,0.1516195704830548,73.7,0,0
bidmc_39,145,0.7919999999999999,0.0477569604636567,0.6589090909090909,0.2312280383273658,0.2319760060760689,0.058304465932161,0.1421864762998821,73.9,0,0
bidmc_39,150,0.8079999999999999,0.013644845846759,0.7221818181818181,0.2855428832064596,0.2469885075544942,0.0513423730508851,0.1414625215466821,74.9,0,0
bidmc_39,155,0.79,0.0856737999624155,0.6813333333333332,0.2757680134395506,0.2354459262095285,0.0520242606342935,0.1395578271323891,75.2,0,0
bidmc_39,160,0.7912727272727273,0.0516722026715101,0.6676363636363636,0.2414453972041311,0.2481847540145803,0.052939736599015,0.1457362738953665,75.0,0,0
bidmc_39,165,0.8050909090909092,0.0085435200905241,0.7272727272727272,0.295921152546153,0.2449075930183947,0.051442736383408,0.1459711400904414,75.4,0,0
bidmc_39,170,0.8138181818181818,0.0128049577175701,0.7141818181818181,0.2893279676790271,0.2299449627469366,0.0512536543747227,0.1370828381886094,75.3,0,0
bidmc_39,175,0.8225454545454546,0.0082281516356252,0.7003636363636363,0.2758599163505165,0.2308614093090214,0.0498826412002493,0.1438569725106386,74.4,0,0
bidmc_39,180,0.8224,0.0086162636914152,0.6967999999999999,0.27716134624991,0.2485628914094128,0.0497483089750613,0.1484130650287603,73.6,0,0
bidmc_39,185,0.8014545454545455,0.0567552378621866,0.7,0.2617625448406566,0.2484280692428519,0.0505642815328819,0.1473489473963925,73.1,0,0
bidmc_39,190,0.813818181818182,0.0084187904747564,0.7018181818181817,0.2960977056801981,0.2416980125875731,0.0538488020310666,0.1466779619235715,73.0,0,0
bidmc_39,195,0.8123636363636364,0.0086052069572357,0.7054545454545453,0.2792419996390535,0.2508435426610984,0.052776989901802,0.1508708055540498,73.5,0,0
bidmc_39,200,0.8080000000000002,0.0048241815132441,0.7069090909090908,0.2673098723474955,0.250741476285327,0.0499060829882033,0.1493015856999167,74.0,0,0
bidmc_39,205,0.8021818181818182,0.0068995148949128,0.7112727272727272,0.2639611127133857,0.2535985979311019,0.0491539406982362,0.1507400520115388,74.0,0,0
bidmc_39,210,0.7978181818181818,0.0049326036240911,0.709090909090909,0.2702766077508229,0.2366926262415259,0.0539136348542699,0.1415956054108975,74.3,0,0
bidmc_39,215,0.7992727272727272,0.00634021664515,0.7032727272727272,0.2671463061439431,0.2243095968295607,0.0513847095104511,0.1383673083396864,74.8,0,0
bidmc_39,220,0.8007272727272727,0.0079668735637114,0.7054545454545453,0.260581117440035,0.2285852094554357,0.0566099711618662,0.1370784897042144,75.0,0,0
bidmc_39,225,0.7992727272727272,0.0053443412569814,0.7098181818181817,0.2514356002209619,0.2316731205657491,0.0498796857170636,0.1380298918007855,75.0,0,0
bidmc_39,230,0.7992727272727272,0.00634021664515,0.7083636363636363,0.233064070679175,0.2154779179890094,0.0522140472549051,0.1302408165234468,75.0,0,0
bidmc_39,235,0.770909090909091,0.0797284647988004,0.6519999999999999,0.280941132279412,0.2064474098149776,0.0519759288307818,0.1252862358106092,75.0,0,0
bidmc_39,240,0.7723636363636364,0.1291477467703861,0.6021818181818182,0.2773352245206315,0.2111853045273708,0.0552033822806792,0.1224761290134177,75.4,1,3
bidmc_39,245,0.7920000000000001,0.0489897948556635,0.6533333333333332,0.2348222308201279,0.1860583505498301,0.0524629478349504,0.1186094339908983,76.6,0,0
bidmc_39,250,0.8058181818181819,0.0084187904747565,0.7156363636363635,0.298279941565312,0.1826183173290243,0.0532809119322357,0.1133805197915308,77.0,0,0
bidmc_39,255,0.7927272727272728,0.0952977066490164,0.6763636363636363,0.2989691513462554,0.1675424258843983,0.0523752952499657,0.1030512746526373,75.6,0,0
bidmc_39,260,0.7713333333333333,0.1266789467731539,0.621090909090909,0.2699212015243094,0.1715410315423152,0.0505782340125142,0.1081962608713305,75.0,1,3
bidmc_39,265,0.802909090909091,0.1005163528490894,0.6196363636363635,0.2970780520994572,0.2016107168822296,0.0531240975954348,0.1273403024921017,75.7,1,3
bidmc_39,270,0.7956363636363637,0.1270585210389096,0.6087272727272727,0.2951932661461534,0.2072798062687875,0.0531559118883895,0.1264338920517541,76.0,1,3
bidmc_39,275,0.7733333333333334,0.1415470082889622,0.6007272727272727,0.2836345785042074,0.1992077424543025,0.0525388992485175,0.1216251160214554,76.0,1,3
bidmc_39,280,0.7733333333333333,0.154758593371167,0.5113333333333333,0.2999532550859123,0.2068177913896249,0.0536090039579987,0.1273333686770149,75.8,1,3
bidmc_39,285,0.8,0.1050852467804548,0.5898181818181818,0.305042247530147,0.2131261670280394,0.051573474325665,0.13187538705395,76.4,1,3
bidmc_39,290,0.8036363636363636,0.0468173874601631,0.693090909090909,0.2462576716917885,0.230789659633841,0.0494945236807063,0.1381837171739998,76.9,0,0
bidmc_39,295,0.8144,0.0099919967974374,0.7071999999999999,0.2912927899527894,0.2194741879436587,0.0578172524746981,0.1362944672805335,75.6,0,0
bidmc_39,300,0.802909090909091,0.0070511707016964,0.7061818181818181,0.2837595679670643,0.2451747231762856,0.0515785262551155,0.1453466265559865,74.4,0,0
bidmc_39,305,0.7992727272727272,0.0071996326811721,0.7047272727272726,0.2857415345977949,0.2568317859551249,0.072623448065405,0.1513758573341978,74.4,0,0
bidmc_39,310,0.7720000000000001,0.0587423753917618,0.6421818181818181,0.2524818487673342,0.2557355651276047,0.0509708851271327,0.1445108353292442,75.0,0,0
bidmc_39,315,0.7400000000000001,0.1336861997365472,0.574,0.2888406060221436,0.2094157689095699,0.0524500987060398,0.1361740321202499,75.9,1,3
bidmc_39,320,0.75,0.1435223559821488,0.5773333333333331,0.2769909739287745,0.2281604315118581,0.0533202845503984,0.1407934664271281,77.9,1,3
bidmc_39,325,0.8261818181818181,0.0424816927025751,0.669090909090909,0.2866294091629994,0.2326826493462776,0.0522831003651482,0.1433536039965805,79.5,0,0
bidmc_39,330,0.7832727272727272,0.0445361771415123,0.6013333333333333,0.2758812550335183,0.2408105072434064,0.0512467196850644,0.1382819922345791,77.9,0,0
bidmc_39,335,0.8036363636363636,0.1046615955677002,0.6109090909090908,0.2882415595234574,0.240190178693932,0.0505681966368081,0.1392480673862082,76.0,1,3
bidmc_39,340,0.8043636363636364,0.0506382405397213,0.6610909090909091,0.2348484801175645,0.2398483270586238,0.0523073760711487,0.1398862781171542,75.4,0,0
bidmc_39,345,0.8247272727272729,0.0307869243469334,0.6661818181818181,0.2957346245744491,0.2311902736800659,0.0529909885258234,0.1362385554760845,74.6,0,0
bidmc_39,350,0.7927272727272728,0.0397013645496907,0.693090909090909,0.2506863355791911,0.2024808195895936,0.0516210987809986,0.1269657296404629,74.6,0,0
bidmc_39,355,0.7876363636363636,0.0696057373905768,0.6516363636363635,0.2745231957461554,0.1952497986686374,0.0535239469365772,0.1219431210100854,75.3,0,0
bidmc_39,360,0.7890909090909091,0.0767539807027558,0.5767272727272726,0.3265826875430812,0.2096519267718111,0.0568217769210513,0.1241332702862662,75.8,0,0
bidmc_39,365,0.7781818181818182,0.0765124091917813,0.5701818181818181,0.3231257815474864,0.2062560039675099,0.0565970673540254,0.1195458084557474,76.1,0,0
bidmc_39,370,0.7720000000000001,0.0069282032302755,0.6766666666666666,0.3144738787176177,0.1857920010078742,0.0569734136890464,0.1103685648197697,76.4,0,0
bidmc_39,375,0.7738181818181818,0.0068995148949128,0.6712727272727272,0.3135973410939355,0.1810436964103965,0.0565078974906576,0.1079602337640816,76.9,0,0
bidmc_39,380,0.7759999999999999,0.0065319726474218,0.6766666666666666,0.3044369809103401,0.1670122491949922,0.0608248325817334,0.103112462460698,77.5,0,0
bidmc_39,385,0.7592727272727273,0.1280206594897805,0.5818181818181818,0.2899051729911819,0.1688208747073462,0.0529905304265185,0.103089647416453,77.4,1,3
bidmc_39,390,0.762,0.1525647403563484,0.5566666666666665,0.2865864522746589,0.1657607241028479,0.0521263353729502,0.10296495907274,77.8,1,3
bidmc_39,395,0.7847272727272727,0.0491326421936132,0.6785454545454545,0.2476973188706422,0.167496257198064,0.0552729356866716,0.1014265274976884,78.5,0,0
bidmc_39,400,0.7949090909090909,0.0070511707016964,0.6981818181818181,0.3118248804693322,0.1829424982896929,0.0545155917294745,0.109506879078937,77.2,0,0
bidmc_39,405,0.7953333333333333,0.006896053621859,0.7033333333333333,0.309674889480544,0.189336533016409,0.0560427296282377,0.1160283654297362,75.6,0,0
bidmc_39,410,0.7934545454545454,0.0057265511810995,0.7054545454545453,0.3056077092290275,0.2111240419233543,0.0565870917344328,0.1263811668325032,75.4,0,0
bidmc_39,415,0.7796363636363637,0.05017654781283,0.6479999999999999,0.2674214115691081,0.2223172388038614,0.0539790524242448,0.1360035167170433,75.5,0,0
bidmc_39,420,0.7713333333333335,0.1215218316005628,0.624,0.3126628695494782,0.2159450700128166,0.0547376078015904,0.1384674938287421,76.2,1,3
bidmc_39,425,0.7592727272727273,0.1338853586326688,0.5686666666666665,0.2980928591586352,0.2065856009550894,0.0529760998308166,0.1313910326911454,77.2,1,3
bidmc_39,430,0.7832727272727272,0.1113986215918401,0.6106666666666666,0.2997921866717042,0.1972916304800226,0.0542067668055884,0.1239373432530491,77.7,1,3
bidmc_39,435,0.7927272727272728,0.0963903907970941,0.6610909090909091,0.2957923103949479,0.1988092873457964,0.0583427323024701,0.1193169763979143,76.8,0,0
bidmc_39,440,0.8058181818181819,0.0499123198160683,0.7003636363636363,0.252606632994768,0.2026148300741428,0.0533498638075427,0.1228595504101257,75.5,0,0
bidmc_39,445,0.8152727272727275,0.0434785023349385,0.7076363636363635,0.2500925347439092,0.2291005512364484,0.0525592512243789,0.1343306468475566,75.3,0,0
bidmc_39,450,0.82,0.0108811764069883,0.7232,0.3207461141791978,0.2430400449052256,0.0535771249153603,0.1429304253132245,74.6,0,0
bidmc_39,455,0.8144,0.0059866518188382,0.7272,0.3227251777529634,0.2488779210554175,0.0553730664929703,0.1455501196761459,73.8,0,0
bidmc_39,460,0.8128,0.0063999999999999,0.7301818181818182,0.3206110181850916,0.2497550419272448,0.056686822779874,0.148572227114893,73.7,0,0
bidmc_39,465,0.8021818181818182,0.0327353525379691,0.6945454545454545,0.2825620039093103,0.2423161813111042,0.0554344907754728,0.1464284758635286,73.9,0,0
bidmc_39,470,0.8065454545454547,0.0523838344883465,0.6836363636363635,0.2519784165599141,0.236222161937888,0.0530965930424975,0.1431102440574178,74.5,0,0
bidmc_40,0,0.5515294117647059,0.0018823529411764,0.0408888888888888,0.5101780037570095,0.7773145885632666,0.1266299662725983,0.4493784929786136,109.4,1,2
bidmc_40,5,0.5505882352941177,0.0030497603286625,0.0271111111111111,0.5077140147828332,0.7937678077720796,0.1266004099509216,0.4509086715737039,109.0,1,2
bidmc_40,10,0.5491764705882353,0.0038230768962992,0.0311111111111111,0.4898019307328127,0.6064182931986629,0.1227979312020753,0.4256590904050133,109.0,1,2
bidmc_40,15,0.547,0.0038729833462074,0.0329411764705882,0.4775486544086652,0.5929279740650701,0.1226389621510162,0.4511782164100688,109.2,1,2
bidmc_40,20,0.544,0.004,0.1388235294117647,0.498605786105789,0.7076093416390595,0.1344944881258106,0.4659483015395725,109.7,1,2
bidmc_40,25,0.5416470588235295,0.0036451607964305,0.1712941176470588,0.5058384243270205,0.5404572489026368,0.1395358866652935,0.4403588227244778,110.4,1,2
bidmc_40,30,0.5411764705882354,0.0038230768962992,0.3337777777777778,0.5240202336218713,0.5371663128092321,0.1377827183884251,0.4090499488822237,110.9,1,2
bidmc_40,35,0.5421176470588236,0.0033934600239661,0.328,0.527849624582656,0.4212632830499072,0.1323022332394384,0.382417472805403,111.0,1,2
bidmc_40,40,0.5449411764705882,0.0037647058823529,0.0933333333333333,0.5108691738666917,0.4566613865597165,0.1270347858697429,0.3269134885350171,110.7,1,2
bidmc_40,45,0.5475000000000001,0.0039686269665968,0.0531764705882353,0.5158407142957757,0.794752705178448,0.1293476226947584,0.4878860503297806,110.2,1,2
bidmc_40,50,0.5475000000000001,0.0039686269665968,0.0484705882352941,0.525068680712085,0.8858608097265541,0.1430328760169444,0.5572067856624582,109.8,1,2
bidmc_40,55,0.5449411764705883,0.0025775179176713,0.0545882352941176,0.5213148092092005,0.7761238189500548,0.1344153518656975,0.4796257452390236,109.8,1,2
bidmc_40,60,0.544,0.0,0.0564444444444444,0.534172887119919,0.7405778351975126,0.1325799516694339,0.4386183661284547,110.0,1,2
bidmc_40,65,0.5444705882352942,0.0018823529411764,0.056,0.5236414996562281,0.7028997770493892,0.1293399294037562,0.4126116224777049,110.0,1,2
bidmc_40,70,0.5444705882352942,0.0033275613232308,0.0555555555555555,0.502068724131044,0.7042994151835666,0.1258456419009921,0.4238082880608219,110.0,1,2
bidmc_40,75,0.543,0.0038729833462074,0.056,0.5018045530206895,0.6775399365878011,0.1348284512338249,0.4102991374948904,110.1,1,2
bidmc_40,80,0.5425882352941177,0.0030497603286625,0.0588235294117647,0.5086769750460054,0.6069951204665862,0.134243994352384,0.3560519560286415,110.6,1,2
bidmc_40,85,0.5755000000000001,0.0864161443250044,0.292235294117647,0.4763489581969012,0.807005219799833,0.1917814313701119,0.660143336571012,110.7,1,2
bidmc_40,90,0.5374117647058824,0.0083388447749032,0.4435555555555555,0.4977163888278241,0.7707609797310027,0.1802097914318672,0.6402643189244072,110.8,1,2
bidmc_40,95,0.5288888888888889,0.0317645660181433,0.615111111111111,0.5153268268422416,0.4454187370124664,0.15453558774858,0.3967964082090279,111.6,1,2
bidmc_40,100,0.5383529411764707,0.0045625222187447,0.4230588235294117,0.5382208551394556,0.5663308148810019,0.1399205129443214,0.4604521433301435,112.0,1,2
bidmc_40,105,0.5430588235294118,0.0037647058823529,0.3048888888888889,0.5317538702036795,0.4892723169360965,0.1320318277909469,0.3482395556273857,111.4,1,2
bidmc_40,110,0.5454117647058824,0.0030497603286625,0.1328888888888889,0.524835358706506,0.3907002703412228,0.1300061791252304,0.2248902108814047,110.4,1,2
bidmc_40,115,0.547,0.0038729833462074,0.0475294117647058,0.5233431700417503,0.4474735311930674,0.129336385355229,0.2710463907848405,110.0,1,2
bidmc_40,120,0.549,0.0038729833462074,0.0428235294117647,0.5226792598834604,0.4948250751433298,0.1309944075971873,0.3044728500327917,109.8,1,2
bidmc_40,125,0.547764705882353,0.0039930735878769,0.0428235294117647,0.5289131732608796,0.4775686071789357,0.1319887626787263,0.3127330451011481,109.3,1,2
bidmc_40,130,0.5458823529411765,0.0033934600239661,0.0451764705882353,0.5222095650641678,0.5072386708887229,0.1334692523509493,0.3176596437911544,109.5,1,2
bidmc_40,135,0.5449411764705883,0.0025775179176713,0.0545882352941176,0.527061292707756,0.5471265315216882,0.1317694777004074,0.4162805281366393,110.0,1,2
bidmc_40,140,0.5430588235294118,0.0025775179176713,0.2195555555555556,0.5333381434539964,0.5223183078501212,0.1333739944343095,0.4243961039492567,110.0,1,2
bidmc_40,145,0.54,0.0048989794855663,0.3505,0.5370278228055726,0.4226753345977105,0.143762399612974,0.3979179948964936,110.5,1,2
bidmc_40,150,0.5383529411764706,0.0045625222187447,0.24,0.5488914021537157,0.3473129828635022,0.1459729257973593,0.3457832365400982,111.2,1,2
bidmc_40,155,0.5402352941176471,0.0039930735878769,0.1395555555555555,0.5263668290728264,0.5024141284705299,0.1350137061305889,0.353534952202327,111.4,1,2
bidmc_40,160,0.544,0.0027439773622801,0.0711111111111111,0.5178842467239358,0.6445081271250677,0.1283592233150839,0.4063955841476461,111.0,1,2
bidmc_40,165,0.544,0.0028284271247461,0.0564705882352941,0.5148319541263617,0.6673461189018369,0.1285369618174422,0.3942005564119443,110.3,1,2
bidmc_40,170,0.5425,0.0031224989991992,0.0564705882352941,0.5055360829856858,0.6843736393564848,0.1323465344443686,0.3944381501034997,110.1,1,2
bidmc_40,175,0.5421176470588236,0.0033934600239661,0.0574117647058823,0.4981236794174084,0.6224312216138596,0.1391407438996966,0.3528172245846141,110.5,1,2
bidmc_40,180,0.5407058823529411,0.003937223654278,0.0657777777777777,0.5035122095491202,0.5995568886174963,0.1277407026536383,0.5086622337844732,110.9,1,2
bidmc_40,185,0.5402352941176471,0.0039930735878769,0.2287058823529411,0.5126410362976195,0.6609527547840107,0.1298993906301374,0.595024017923223,111.0,1,2
bidmc_40,190,0.5425,0.0031224989991992,0.2771764705882353,0.5146183984383966,0.4536713571000978,0.1313254625002108,0.4227494591492103,111.0,1,2
bidmc_40,195,0.5430588235294118,0.0025775179176713,0.1068235294117647,0.5155232065540737,0.5037795283682707,0.1321003405428324,0.329183708579928,111.0,1,2
bidmc_40,200,0.5430588235294118,0.0025775179176713,0.2263529411764706,0.5122610934586855,0.7237434104548718,0.1531338530959195,0.4033114489596561,110.5,1,2
bidmc_40,205,0.5411764705882354,0.0038230768962992,0.3497777777777778,0.5045339332176078,0.5346249431046332,0.1286888477310485,0.3634343403849446,110.5,1,2
bidmc_40,210,0.5407058823529411,0.003937223654278,0.1973333333333333,0.5202930827307158,0.6156253049709453,0.1323080423630294,0.3752908365599793,111.0,1,2
bidmc_40,215,0.5416470588235294,0.0036451607964305,0.0828235294117647,0.5402866600651035,0.5970255042189796,0.1364464290150883,0.4058054721480943,111.0,1,2
bidmc_40,220,0.5392941176470589,0.0047990771892638,0.2097777777777777,0.5047411954261133,0.4875312105836251,0.1375127514212382,0.4172320705681254,111.0,1,2
bidmc_40,225,0.536470588235294,0.0043130124187819,0.208,0.4836156853297348,0.4091994450722896,0.1340863312199697,0.3373760869950373,111.4,1,2
bidmc_40,230,0.5385,0.0046636895265444,0.0795294117647058,0.5155432201105586,0.6017910463733227,0.1385352404127381,0.3688418862190296,111.9,1,2
bidmc_40,235,0.543529411764706,0.0051118967017412,0.0447058823529411,0.5340334848801628,0.815977330135867,0.1308929057007032,0.4564763194910885,111.4,1,2
bidmc_40,240,0.5472941176470588,0.0047990771892638,0.0456470588235294,0.5244593429344603,0.7431552323832209,0.1742049486364831,0.4091792282929886,110.4,1,2
bidmc_40,245,0.548235294117647,0.0039930735878769,0.0497777777777777,0.5405318486597989,0.5981002824077405,0.1319883217369121,0.3517942314924652,109.8,1,2
bidmc_40,250,0.5487058823529413,0.003937223654278,0.048,0.5436857863791689,0.6110644670416399,0.1306968280285031,0.362599082997771,109.5,1,2
bidmc_40,255,0.5487058823529413,0.003937223654278,0.0484444444444444,0.5375600222419487,0.6291981599522796,0.1278862215350237,0.395758182640827,109.2,1,2
bidmc_40,260,0.5465,0.0037080992435478,0.2884705882352941,0.5280884317331065,0.6570462340569482,0.1287747126957551,0.5347752762065905,109.2,1,2
bidmc_40,265,0.5392941176470589,0.0270332359837083,0.2734117647058824,0.5048544718472038,0.6386214304334056,0.1309212609591271,0.5036825719285611,109.7,1,2
bidmc_40,270,0.5485,0.0039686269665968,0.0569411764705882,0.5225148869119813,0.6006455794648646,0.145285150676392,0.3562199525246541,109.9,1,2
bidmc_40,275,0.5505882352941176,0.0030497603286625,0.0564705882352941,0.5328465147565222,0.6083228333033905,0.1322144362286607,0.3692877779518285,109.4,1,2
bidmc_40,280,0.5505882352941176,0.0030497603286625,0.0597647058823529,0.53251925430332,0.6316250299950588,0.1306575278382424,0.3683256900583975,109.0,1,2
bidmc_40,285,0.5491764705882353,0.0038230768962992,0.060235294117647,0.5141558063912683,0.6833557067934941,0.1304512905024168,0.4189902532639435,109.0,1,2
bidmc_40,290,0.5468235294117648,0.0038230768962992,0.1928888888888889,0.5187220522789127,0.690918259628097,0.1297133779573605,0.5127922690808256,109.3,1,2
bidmc_40,295,0.5463529411764706,0.0036451607964305,0.1213333333333333,0.5249294269213329,0.4164639925096144,0.1278365561623058,0.459447772812792,109.8,1,2
bidmc_40,300,0.545,0.0026457513110645,0.0658823529411764,0.5160619628555625,0.4718634742955599,0.1291426438838943,0.3711516933177441,110.0,1,2
bidmc_40,305,0.544,0.0,0.0367058823529411,0.525435046548217,0.6642101898265286,0.1363979623846308,0.4274938443361082,110.0,1,2
bidmc_40,310,0.5449411764705882,0.0025775179176713,0.0437647058823529,0.5231814169275241,0.6491369805418316,0.1328360529611701,0.3978842445674874,110.0,1,2
bidmc_40,315,0.5458823529411765,0.0033934600239661,0.0447058823529411,0.5288557400731649,0.6151720572731423,0.1638905578395625,0.3740958519649708,110.0,1,2
bidmc_40,320,0.5472941176470588,0.003937223654278,0.0506666666666666,0.5163702639816685,0.606542830026801,0.1268121581224638,0.4139568864383481,110.0,1,2
bidmc_40,325,0.5458823529411765,0.0033934600239661,0.2334117647058823,0.5294282592825099,0.699684735812737,0.1290854701005445,0.5523331501095554,110.0,1,2
bidmc_40,330,0.5445,0.0019364916731037,0.5345882352941176,0.540791954677176,0.4956204876744608,0.1310822058883027,0.4243156861969468,110.0,1,2
bidmc_40,335,0.544,0.0028284271247461,0.3392941176470588,0.5332565433260988,0.5229445778687022,0.1444119482324621,0.440357933726226,110.0,1,2
bidmc_40,340,0.5425882352941177,0.0030497603286625,0.3524705882352941,0.5406247421124178,0.5316320083726528,0.1355521746081841,0.4590174672610754,110.3,1,2
bidmc_40,345,0.5430588235294118,0.0025775179176713,0.2408888888888888,0.5431904767580331,0.2246423769668004,0.1349181836448971,0.2035940896309385,110.8,1,2
bidmc_40,350,0.5430588235294118,0.0025775179176713,0.1488888888888888,0.524252107357381,0.4213296167960709,0.1282808849915665,0.2485301102148271,110.9,1,2
bidmc_40,355,0.5435000000000001,0.0034278273002005,0.0512941176470588,0.5164962756093396,0.4988950950961088,0.1281737458637851,0.292238206574814,110.4,1,2
bidmc_40,360,0.544,0.004,0.060235294117647,0.5202203650060543,0.5218451011901948,0.1327912369680079,0.3262192895852716,110.0,1,2
bidmc_40,365,0.5411764705882354,0.0047058823529411,0.101,0.5073621538384777,0.5905428333894573,0.1316743187299014,0.4682388910205005,110.1,1,2
bidmc_40,370,0.5369411764705883,0.0037647058823529,0.208,0.4853712935482214,0.446388374158183,0.1308163535867533,0.4088466402886093,110.9,1,2
bidmc_40,375,0.5364705882352941,0.0043130124187819,0.104,0.4572833877214193,0.4237549329771844,0.1292863469649262,0.2588428587913292,111.8,1,2
bidmc_40,380,0.5378823529411765,0.0043640557625862,0.0588235294117647,0.4516025303086425,0.6959135474092504,0.1264420836493539,0.3868987344406907,112.0,1,2
bidmc_40,385,0.5378823529411765,0.0033934600239661,0.0608888888888888,0.4670362043314526,0.7655723270778967,0.1290341347446494,0.4210935591495806,112.0,1,2
bidmc_40,390,0.5392941176470589,0.003937223654278,0.0466666666666666,0.4721002482552773,0.7025050055798735,0.1294235681492861,0.3763235911877181,111.8,1,2
bidmc_40,395,0.541,0.0038729833462074,0.1181176470588235,0.4715331885835464,0.693995255450025,0.134011912423972,0.5275149949193152,111.3,1,2
bidmc_40,400,0.5402352941176471,0.0039930735878769,0.2288888888888889,0.4596983770124517,0.6650649464684174,0.1402647933630122,0.5518687833070726,111.0,1,2
bidmc_40,405,0.540235294117647,0.0039930735878769,0.4955294117647058,0.4718484274642935,0.5035925323767496,0.1384598839641253,0.3898547925350663,111.0,1,2
bidmc_40,410,0.5383529411764706,0.0036451607964305,0.3017777777777778,0.4829724679010218,0.3018133952097932,0.1381586121814196,0.2970320516020351,111.2,1,2
bidmc_40,415,0.5374117647058824,0.0030497603286625,0.0917647058823529,0.4541528683833353,0.5144045566165065,0.1288527677266912,0.2878385447069017,111.7,1,2
bidmc_40,420,0.5388235294117647,0.0047058823529411,0.1222222222222222,0.4445288249548944,0.685879405477053,0.1348519119541621,0.5088953170227548,111.9,1,2
bidmc_40,425,0.5425882352941177,0.0049355710502124,0.1457777777777777,0.4805783759865723,0.5667323985561965,0.1351654530798925,0.4878905222525221,111.4,1,2
bidmc_40,430,0.5445,0.0034278273002005,0.0785882352941176,0.4764155738562684,0.6395487946353889,0.1261062710559881,0.3594024089571728,110.7,1,2
bidmc_40,435,0.5445,0.0034278273002005,0.0564705882352941,0.4823209340418058,0.7575955273061971,0.1318826010738304,0.4503480862095073,110.2,1,2
bidmc_40,440,0.5444705882352942,0.0018823529411764,0.3265,0.4924713869107504,0.7423315322660401,0.1362412207771433,0.544595937309352,110.0,1,2
bidmc_40,445,0.5444705882352942,0.0033275613232308,0.3502222222222222,0.4889439553665112,0.71274602510992,0.1610088515313561,0.6470951707821523,110.0,1,2
bidmc_40,450,0.5425882352941177,0.0041024931233324,0.292,0.4840333070194103,0.6374796366567578,0.1354017396727539,0.4839649330246524,110.0,1,2
bidmc_40,455,0.5407058823529411,0.003937223654278,0.3066666666666666,0.4816297649608024,0.3685403452517199,0.1368858398810382,0.31283498558317,110.5,1,2
bidmc_40,460,0.5388235294117647,0.0038230768962992,0.2927058823529411,0.4895969042333405,0.3768772216323402,0.1355713541171131,0.2735281219331329,111.1,1,2
bidmc_40,465,0.5421176470588236,0.0033934600239661,0.0945882352941176,0.4833547347827304,0.5289508783105269,0.1302549324193151,0.3531144892476737,111.2,1,2
bidmc_40,470,0.5454117647058825,0.0030497603286625,0.06,0.4793620450070546,0.6702948457413757,0.1258545571991541,0.4076850663362395,110.7,1,2
bidmc_41,0,0.7905454545454546,0.0066655646472085,0.709090909090909,1.3754578383111429,0.1557545421094779,0.2816421068891057,0.0846344962037488,80.0,0,0
bidmc_41,5,0.7833333333333333,0.098871409191715,0.61,1.385221704756877,0.1444925622991079,0.2883663688112449,0.0791580727900476,73.7,0,0
bidmc_41,10,0.786909090909091,0.1105502391309074,0.6014545454545454,1.407549447904761,0.1540888307834381,0.2844021334890533,0.0841801280069722,64.0,1,3
bidmc_41,15,0.7854545454545455,0.1157209524804182,0.6021818181818182,1.3971469409632669,0.1580399637008206,0.2703618053472745,0.0849115389404494,59.3,1,1
bidmc_41,20,0.6788571428571429,0.1528654203366277,0.5559999999999999,1.4059137257520746,0.1150380766221543,0.3053146359061562,0.0698350077717718,58.5,1,1
bidmc_41,25,0.6211428571428571,0.1462555772528043,0.5034666666666666,1.3915272010110942,0.0932366600607109,0.3127711938806251,0.0546126966860794,55.9,1,1
bidmc_41,30,0.6367999999999999,0.1483433854271905,0.4834285714285714,1.365990510807874,0.0838554339643696,0.3179084910168312,0.0484063795618217,52.4,1,1
bidmc_41,35,0.5871999999999999,0.1290225820027899,0.3075,0.2980422400152824,0.0741661827580315,0.3198131145927288,0.044641032596167,52.5,1,1
bidmc_41,40,0.5866666666666667,0.1282553009517432,0.3055,0.2812197223943496,0.0618569444320008,0.309524902110773,0.0396380719379876,57.3,1,1
bidmc_41,45,0.5965,0.1415335649236604,0.4465,1.3769927085393767,0.0585634300733707,0.3210268015551428,0.0421738653457768,62.8,1,3
bidmc_41,50,0.6058666666666668,0.1402007449655275,0.432,1.3705882847167687,0.0699495441825265,0.3286740489775341,0.0481682064758851,68.4,1,3
bidmc_41,55,0.596,0.1693280839081337,0.3515,0.7743044341878876,0.0783435887663271,0.3274005498809834,0.0516669701115415,74.2,1,3
bidmc_41,60,0.5861333333333333,0.1299999316239136,0.136,0.2813680732202066,0.0789211143477665,0.329820323845741,0.05380498108981,78.9,1,3
bidmc_41,65,0.5871999999999999,0.1306329208124812,0.224,0.2902297860773409,0.0811923934044718,0.3113563333804111,0.0568438099845363,77.0,1,3
bidmc_41,70,0.5877333333333332,0.1312541893511297,0.2255,0.2897547253753783,0.0774661659011292,0.3157551797105886,0.0521077724155749,75.3,1,3
bidmc_41,75,0.6514285714285714,0.1523819047589285,0.3971428571428571,1.0747863243633058,0.0744819223174115,0.318511823287596,0.0517573982177009,79.7,1,3
bidmc_41,80,0.6525714285714285,0.1580080080636576,0.3971428571428571,1.0848638489359348,0.0827571704951679,0.3180438088818534,0.0553490850148437,78.7,1,3
bidmc_41,85,0.5904,0.1406180642734069,0.1417142857142857,0.2849720685104553,0.0910452285660251,0.32132834366697,0.0610362240443912,77.4,1,3
bidmc_41,90,0.5920000000000001,0.1407636316667057,0.1434285714285714,0.3036701889913975,0.0831195924452569,0.3648080606638123,0.0582594191349573,81.7,1,3
bidmc_41,95,0.5936,0.142606591713006,0.2345,0.2901142534821324,0.0821498382290974,0.3136100167768889,0.055894821002012,83.3,1,3
bidmc_41,100,0.5957333333333333,0.1427461460853575,0.2314999999999999,0.2969939919947691,0.0785408140828187,0.3124800176331992,0.0516916807959758,82.5,1,3
bidmc_41,105,0.6085714285714287,0.1420008623141394,0.1594666666666667,0.3319030310807989,0.0758487770009262,0.3181258452742131,0.050158975761126,79.7,1,3
bidmc_41,110,0.6645714285714287,0.158289840070005,0.412,1.024627123798319,0.0776465765088294,0.3293125747679744,0.0524832433447847,76.9,1,3
bidmc_41,115,0.6133333333333333,0.1043753908841649,0.3749333333333334,0.8553349777274222,0.082022855632032,0.3201618215194428,0.0515032979243784,80.6,1,3
bidmc_41,120,0.5974999999999999,0.158309033222997,0.248,0.4367980806373736,0.0816176045266476,0.3264940295423316,0.052798795422776,80.3,1,3
bidmc_41,125,0.5808000000000001,0.1114194477339271,0.3475,1.281936190345251,0.0823675931641633,0.3219900996129226,0.055738775745331,75.1,1,3
bidmc_41,130,0.6202666666666666,0.1300458722485604,0.435,1.3855530463356251,0.0890383130701975,0.3173717626780368,0.0575739345488712,71.6,1,3
bidmc_41,135,0.6857142857142857,0.116929422285062,0.5885714285714284,1.421444139360361,0.0947061014576796,0.314514764003524,0.0571512055417125,70.1,1,3
bidmc_41,140,0.7083076923076924,0.1028631537644401,0.6104615384615384,1.407739757185771,0.1027940129926729,0.2982741064165494,0.0561308915063489,81.0,1,3
bidmc_41,145,0.6824615384615386,0.1202411777570494,0.5753846153846153,1.4145823775758637,0.0910033688421097,0.2994671972444593,0.0546056876458702,87.2,1,3
bidmc_41,150,0.6719999999999998,0.096,0.5165714285714286,1.3067028522686477,0.1069023993682402,0.3097188607609553,0.0599108514254603,81.4,0,0
bidmc_41,155,0.6085714285714287,0.1168134742018318,0.3308571428571429,1.403799488474841,0.0934460565857527,0.3240041850346308,0.0594336013025322,78.3,1,3
bidmc_41,160,0.6042666666666665,0.137291644157813,0.4289999999999999,1.384028703275065,0.0931166373851779,0.312848441468996,0.0538136869801844,77.9,1,3
bidmc_41,165,0.6486153846153845,0.1377966944236429,0.5314285714285714,1.398649685049198,0.0911514177663415,0.3249203963324191,0.0562185386927212,82.9,1,3
bidmc_41,170,0.6337142857142857,0.1780447089001718,0.2948571428571429,0.5325369858731172,0.0743409962535232,0.3251794920879155,0.052246616944934,89.6,1,3
bidmc_41,175,0.5825,0.1690732089953934,0.3409999999999999,0.6112697405729861,0.0711493836834792,0.3465318954099213,0.0483943806066617,92.4,1,3
bidmc_41,180,0.6479999999999999,0.1381676000887535,0.4011428571428571,1.3747946628182464,0.0825606854977587,0.3116451036716953,0.0518570342819974,92.6,1,3
bidmc_41,185,0.676,0.1285612694399056,0.4916923076923076,1.3990849618956618,0.102062027550655,0.3057586990563195,0.0570289381870229,89.2,1,3
bidmc_41,190,0.7713333333333333,0.061662161997632,0.6579999999999999,1.1838848670874198,0.120889929080856,0.2820085805212414,0.06615432717085,84.3,0,0
bidmc_41,195,0.7636363636363637,0.1055472946359056,0.6779999999999999,1.3833765544225916,0.1304523870683384,0.2671686701667552,0.0710495147525975,82.0,1,3
bidmc_41,200,0.716923076923077,0.2015213145964624,0.5913333333333333,1.3188452247691185,0.1451377321019764,0.2779130693219543,0.069944609973345,81.3,1,3
bidmc_41,205,0.6898461538461539,0.2228576110275335,0.5144615384615384,1.2904063021868242,0.1356221053431252,0.2886819557567513,0.0667925475524458,80.6,1,3
bidmc_41,210,0.6262857142857144,0.2057999821502937,0.4845714285714285,1.345694014644534,0.1068075640159658,0.2945578211126226,0.0725178154918147,80.1,1,3
bidmc_41,215,0.6186666666666667,0.1718459258237512,0.5188571428571428,1.3495322378308954,0.1038400265412616,0.3038172916232484,0.0678053355658626,80.0,1,3
bidmc_41,220,0.6634285714285714,0.1165392112342538,0.5811428571428571,1.383041942501111,0.1020740550070502,0.3001044485362567,0.0622709183543973,80.0,1,3
bidmc_41,225,0.7249230769230769,0.0086153846153846,0.6412307692307692,1.3182731950605329,0.1046891932741456,0.2969848589587731,0.0607568383862618,80.0,0,0
bidmc_41,230,0.7333333333333333,0.0082192186706253,0.6886666666666666,1.2972562301097583,0.114567099941888,0.2944013376814976,0.0631244847013748,79.6,0,0
bidmc_41,235,0.7400000000000001,0.0069282032302755,0.6893333333333332,1.389657731219016,0.1223323853782507,0.2907076178301912,0.0657824766029342,79.1,0,0
bidmc_41,240,0.7453333333333334,0.0054974741674902,0.6926666666666667,1.4328419427704515,0.1292998124191669,0.294743630670808,0.0719300217212467,79.0,0,0
bidmc_41,245,0.75,0.0034641016151377,0.6973333333333332,1.4455877844956453,0.1417327469382254,0.3042704034262947,0.0820247277905057,80.2,0,0
bidmc_41,250,0.7513333333333333,0.0022110831935702,0.6966666666666667,1.4411068722814024,0.1518589201301438,0.2911259484736561,0.0808257704427347,81.7,0,0
bidmc_41,255,0.75,0.0034641016151377,0.6973333333333332,1.4391036949195548,0.1507397759497395,0.293204404204096,0.0816662708712804,81.8,0,0
bidmc_41,260,0.7520000000000001,0.0032659863237109,0.6967272727272726,1.4415925873537938,0.1480579352575755,0.3037587970406668,0.084659859882735,82.3,0,0
bidmc_41,265,0.7546666666666666,0.0037712361663282,0.6986666666666665,1.4313840822010957,0.1546903189149026,0.2925067660417262,0.0829396994057161,81.7,0,0
bidmc_41,270,0.7593333333333333,0.0051207638319124,0.6993333333333333,1.43478972990032,0.1539965135123326,0.2958575824118647,0.0834012029413695,79.7,0,0
bidmc_41,275,0.7621818181818182,0.0068995148949128,0.7018181818181817,1.439018809689845,0.1489985869714492,0.2960006630237554,0.0850309674358509,79.5,0,0
bidmc_41,280,0.742,0.0697519414305676,0.6664615384615384,1.4252962662346922,0.1509188117617789,0.2931880881933545,0.0824704506205172,82.2,0,0
bidmc_41,285,0.73,0.0627481739442139,0.6006666666666666,1.298493586010781,0.141630810338166,0.3114651615555718,0.0798510587199026,84.9,0,0
bidmc_41,290,0.757090909090909,0.0141771554106312,0.6938181818181817,1.418668391049161,0.149140362877031,0.3077830880317304,0.0799882669215538,83.6,0,0
bidmc_41,295,0.7249230769230769,0.0563539112538736,0.6319999999999999,1.2909879866948395,0.1366243232649006,0.3091463387944794,0.0768044851726812,81.5,0,0
bidmc_41,300,0.7233333333333333,0.0737894903688112,0.6379999999999999,1.4267468163403196,0.1406231932565709,0.29246262026811,0.0797104152686186,81.4,0,0
bidmc_41,305,0.7553333333333333,0.0154775823549918,0.6846666666666666,1.4409986051700223,0.1522976251208972,0.2936735976262935,0.0820431913753425,88.5,0,0
bidmc_41,310,0.757090909090909,0.0153590633323221,0.6865454545454545,1.4334410474825894,0.1565069450910916,0.3253025474433877,0.0841623534462157,91.5,0,0
bidmc_41,315,0.7286153846153846,0.0669667408397498,0.5870769230769229,1.324319303331968,0.1489116255499294,0.3018295175540691,0.0839679530429704,84.5,0,0
bidmc_41,320,0.6947692307692308,0.0969616528849292,0.5058461538461538,1.4278666505793745,0.1456799261992624,0.367741368553323,0.0827634041312869,81.4,0,0
bidmc_41,325,0.7233333333333333,0.0672078037796868,0.584,1.2910947487471405,0.1522135668050004,0.2849087308217234,0.0846621715002196,77.2,0,0
bidmc_41,330,0.7212307692307692,0.0660328051876243,0.588,1.3214118692612462,0.1311557251308129,0.3015591764682859,0.0766345689491402,70.9,0,0
bidmc_41,335,0.6941538461538461,0.0979873195515593,0.5993846153846154,1.4020046741329584,0.1220976355069231,0.3188314785931464,0.0985880698664958,73.4,0,0
bidmc_41,340,0.6074666666666667,0.1501349911098527,0.467,1.3240611113517142,0.0998290052629816,0.3082436363952742,0.0906584257190488,80.1,1,3
bidmc_41,345,0.6181333333333332,0.1296384030893452,0.3557333333333333,1.3961977137669452,0.1013122240915704,0.317100075266605,0.0645638802220478,83.7,1,3
bidmc_41,350,0.6960000000000001,0.1490234880815772,0.4666666666666666,1.4156105556457752,0.1158810578510067,0.324201499522744,0.0676063942460368,88.9,1,3
bidmc_41,355,0.7132307692307691,0.1258999320865912,0.5243076923076923,1.4060671684854,0.0976687190760621,0.3064484053935029,0.0565168597566161,91.2,1,3
bidmc_41,360,0.6859999999999999,0.1000333277796288,0.3766153846153846,1.4160690274516936,0.0936996941584963,0.3673725537562946,0.0515515782118774,87.9,1,3
bidmc_41,365,0.7366666666666667,0.1552446098545417,0.5587692307692307,1.2711967837142526,0.1044346596507777,0.268483838072735,0.0547493663751246,87.1,1,3
bidmc_41,370,0.7353333333333332,0.2249849377674475,0.6106666666666666,1.3090090532778076,0.1267984753102002,0.2633286406915308,0.0573803885335593,89.3,1,3
bidmc_41,375,0.7341538461538462,0.2603506056644049,0.5766153846153845,1.2819442022358538,0.116902717062993,0.2832888534858217,0.0540236084652924,87.9,1,3
bidmc_41,380,0.73,0.2223780564714063,0.5486666666666666,1.2991579129418755,0.1386114550412626,0.2602491991836803,0.0620925552952034,85.0,1,3
bidmc_41,385,0.6627692307692309,0.2312208913392472,0.4811428571428571,1.2403926257868023,0.1318095772868782,0.2727534323044997,0.0614524720824496,82.4,1,3
bidmc_41,390,0.6548571428571428,0.1623219275491309,0.3381333333333333,1.3095905915159725,0.1033624141073587,0.3074824611297672,0.0546202540346394,80.7,1,3
bidmc_41,395,0.6935384615384615,0.1130232211570262,0.3513846153846153,1.4228781719307866,0.1037508287462689,0.3065681546672445,0.0556991701816766,80.6,1,3
bidmc_41,400,0.7046666666666667,0.1236104993742665,0.376,1.4283513053916126,0.1039412044435569,0.301704231909531,0.056290793241627,80.4,1,3
bidmc_41,405,0.6777142857142857,0.1257818000526697,0.2902857142857143,1.4134775407977749,0.0983376875919319,0.3101156460766421,0.0561766468112871,81.9,1,3
bidmc_41,410,0.6996923076923076,0.1148479828799688,0.2817142857142857,1.4245882011825746,0.0959026865866736,0.3087238483417531,0.0570087185344751,81.9,1,3
bidmc_41,415,0.6984615384615385,0.0905849498321584,0.3245714285714285,1.4154245162994508,0.0995642992102283,0.3017558538245079,0.0553257986429693,79.9,0,0
bidmc_41,420,0.6972307692307692,0.1220076629662465,0.3581538461538462,1.3888414166827947,0.1043470450787313,0.3089089489772925,0.0551606008228047,79.3,1,3
bidmc_41,425,0.6933333333333332,0.1201036589321444,0.5619999999999999,1.3875083354539308,0.1081787693754865,0.2939758152852667,0.058844317546807,81.1,1,3
bidmc_41,430,0.7519999999999999,0.009237604307034,0.698,1.3814461227791983,0.1149312881256468,0.2894771586175405,0.0672977504017819,81.9,0,0
bidmc_41,435,0.754909090909091,0.0061711137267189,0.6989090909090908,1.4306533279413616,0.1223633249606832,0.3089949723398901,0.0690331875720076,80.1,0,0
bidmc_41,440,0.7255384615384615,0.0607955152503555,0.6479999999999999,1.3239305063550204,0.1263844919020767,0.3015259947730596,0.0695517223464047,79.8,0,0
bidmc_41,445,0.7233333333333333,0.0631998593528674,0.6413333333333332,1.3128900771846443,0.1450475269871008,0.3250030991129166,0.0775846703707541,81.3,0,0
bidmc_41,450,0.7560000000000001,0.0083266639978645,0.6953333333333332,1.4274164870717472,0.1608442228222809,0.290133811109824,0.0850736017058211,80.8,0,0
bidmc_41,455,0.7607272727272728,0.0071996326811721,0.7039999999999998,1.4274855875975585,0.1511867834049484,0.2883225444369011,0.0875327439189359,79.1,0,0
bidmc_41,460,0.7286666666666667,0.0671284010104681,0.6066666666666666,1.3015972352346017,0.1274457147344566,0.2910484526300669,0.0718209130575717,78.3,0,0
bidmc_41,465,0.7266666666666666,0.0676329965491861,0.5886666666666666,1.287771944830913,0.1236781745065397,0.2977858418719545,0.0726322383246157,78.4,0,0
bidmc_41,470,0.7566666666666667,0.0094985378991833,0.6773333333333333,1.3920037507496033,0.1280258526760758,0.30329249448693,0.0731165368035698,78.9,0,0
bidmc_42,0,0.7126666666666667,0.006896053621859,0.6006666666666666,1.12976078371292,1.212231760138502,0.2367653129599563,0.6674794968192597,83.7,0,0
bidmc_42,5,0.71,0.0073936910042729,0.6026666666666666,1.11170926276515,1.2060965170140043,0.2414301794705405,0.6707239004952337,84.0,0,0
bidmc_42,10,0.7126666666666667,0.0060736223860962,0.6033333333333332,1.1135903930637432,1.200329981361102,0.2392897873431101,0.6702306236256976,84.2,0,0
bidmc_42,15,0.714,0.0057735026918962,0.6006666666666666,1.127478134074674,1.2251157259859535,0.2828325476999238,0.6733273420672389,84.2,0,0
bidmc_42,20,0.7064615384615384,0.0356923076923077,0.6026666666666666,1.0587066451171532,1.2184058882277742,0.2785960377133782,0.6690836558382968,84.0,0,0
bidmc_42,25,0.7199999999999999,0.004618802153517,0.6079999999999999,1.1286768575018091,1.2498616814073054,0.2739937298258765,0.6815728911476504,84.0,0,0
bidmc_42,30,0.7193333333333333,0.0022110831935702,0.6126666666666666,1.0839501372466718,1.28044890753937,0.2355252471125606,0.706183351325916,83.7,0,0
bidmc_42,35,0.7199999999999999,0.0056568542494923,0.6126666666666666,1.1100125766805593,1.2648635699638622,0.2353871533763451,0.7027701264663085,83.3,0,0
bidmc_42,40,0.7159999999999999,0.0069282032302755,0.6153333333333332,1.1225651062147142,1.2678030547212276,0.2362518108983786,0.6969187070888662,83.2,0,0
bidmc_42,45,0.7159999999999999,0.0076594168620507,0.6186666666666666,1.118091531172382,1.2544166706811122,0.2389699692427385,0.6839969299553078,83.5,0,0
bidmc_42,50,0.7113333333333333,0.0051207638319124,0.6199999999999999,1.1148570677184764,1.2623074667570515,0.2341100005502316,0.691031764526445,83.9,0,0
bidmc_42,55,0.7113333333333333,0.0051207638319124,0.6053333333333332,1.1160459952617658,1.2316368531140975,0.2341730369345326,0.6725935906900876,84.0,0,0
bidmc_42,60,0.71,0.0057735026918962,0.5873333333333332,1.1125675186827026,1.2416622987443715,0.2383804272898068,0.6668149818173155,84.2,0,0
bidmc_42,65,0.7126666666666667,0.0060736223860962,0.5873333333333332,1.1152309475655704,1.2452253793054595,0.2342625779010054,0.6767171360778481,84.3,0,0
bidmc_42,70,0.7126666666666667,0.0060736223860962,0.5893333333333332,1.1141399967451655,1.2441210911225251,0.2352629557616806,0.6760387367518079,84.1,0,0
bidmc_42,75,0.700923076923077,0.0366657701163476,0.5906666666666666,1.046882548893111,1.2244929314668225,0.2350674522375112,0.6733993482322779,84.0,0,0
bidmc_42,80,0.7015384615384614,0.0415555520397147,0.5919999999999999,1.0377144322760503,1.2253386011348355,0.2334617460063995,0.6689782614240583,84.0,0,0
bidmc_42,85,0.7159999999999999,0.0089442719099991,0.5953333333333332,1.1010355052536958,1.2294645432489075,0.2336541358308173,0.666981394147683,84.0,0,0
bidmc_42,90,0.7166666666666667,0.0076303487615064,0.5993333333333332,1.1029703234327075,1.2266728359018235,0.2348650510133694,0.6661180143193368,84.0,0,0
bidmc_42,95,0.7003076923076923,0.0385095085468603,0.5993333333333332,1.047748396228615,1.2327996351349373,0.2335931448091714,0.6720281636415845,84.0,0,0
bidmc_42,100,0.71,0.0057735026918962,0.5966666666666666,1.1101919150109725,1.23190187960578,0.2334757279152953,0.6754744114862852,84.0,0,0
bidmc_42,105,0.7027692307692307,0.0373716343401574,0.5966666666666666,1.0516639937228005,1.2229158191000848,0.2346184730110788,0.6680800438124868,84.5,0,0
bidmc_42,110,0.7159999999999999,0.0069282032302755,0.5993333333333332,1.1199652118943697,1.202280783402089,0.2400949462213284,0.659181366008393,84.5,0,0
bidmc_42,115,0.7027692307692307,0.0395477391090698,0.5999999999999999,1.0484783057669291,1.1999038872567256,0.237154988313265,0.6535878118300161,84.0,0,0
bidmc_42,120,0.7173333333333333,0.0075424723326565,0.6033333333333332,1.1086359324847088,1.1527769961677654,0.2378761071920226,0.6340523691503857,84.0,0,0
bidmc_42,125,0.7213333333333333,0.007180219742846,0.6053333333333332,1.1101240194259712,1.2349987434530196,0.2354646518869245,0.6912950594111709,84.0,0,0
bidmc_42,130,0.7253333333333333,0.0049888765156985,0.6079999999999999,1.118842835393559,1.2634001996736166,0.2365305915561268,0.6797636171959865,83.6,0,0
bidmc_42,135,0.7279999999999999,0.0065319726474218,0.6119999999999999,1.097660295838334,1.2348880807644824,0.2379882736859425,0.6652231047003294,83.1,0,0
bidmc_42,140,0.726,0.0080829037686547,0.6106666666666666,1.095916063856475,1.2286444655501518,0.2326431775597953,0.6915807991782775,82.9,0,0
bidmc_42,145,0.7267692307692308,0.0061538461538461,0.6092307692307691,1.11358253868717,1.2180629720699372,0.232534466718514,0.6834501839839345,82.9,0,0
bidmc_42,150,0.7292307692307692,0.0069076751755826,0.6129230769230768,1.1094651245192082,1.238584630929054,0.2351179203631156,0.6862069694814359,82.9,0,0
bidmc_42,155,0.7249230769230769,0.0080236337294801,0.6012307692307691,1.106856901390249,1.231143724500081,0.234524780048176,0.6838488788701166,82.4,0,0
bidmc_42,160,0.7169230769230768,0.0059025618748464,0.5876923076923075,1.1121062315367154,1.224659458004638,0.2376995203112431,0.6853066427151572,82.3,0,0
bidmc_42,165,0.7146666666666666,0.0059628479399994,0.5895384615384613,1.1122692390243358,1.226245432077285,0.2361830902106225,0.6837293201006567,83.3,0,0
bidmc_42,170,0.7144615384615385,0.0072813289638149,0.5926153846153844,1.1411601192071132,1.223874540309959,0.2390581934808431,0.6826500196631367,84.0,0,0
bidmc_42,175,0.712,0.0062757163244218,0.5938461538461537,1.1316565468385131,1.2083904542541408,0.2375737089213287,0.6770452915878817,84.0,0,0
bidmc_42,180,0.7132307692307691,0.0061538461538461,0.5956923076923075,1.1314723028022888,1.2013464599898516,0.238234005072705,0.6747353688642073,84.0,0,0
bidmc_42,185,0.712,0.0062757163244218,0.5944615384615383,1.1214970451302295,1.2097974726799474,0.2366199153380729,0.6760138315140443,84.0,0,0
bidmc_42,190,0.7144615384615384,0.0048455433070841,0.5938461538461537,1.113353475470168,1.208740650107078,0.2371945135880705,0.6736239014024947,84.0,0,0
bidmc_42,195,0.7126153846153845,0.0058380510649262,0.5963076923076922,1.1296983726530132,1.2085940436819211,0.2394484291094448,0.6724340808538862,84.0,0,0
bidmc_42,200,0.7144615384615385,0.0065705096935577,0.6006153846153844,1.1262561870403738,1.2126328526377923,0.2383622097457034,0.6766375432068678,84.0,0,0
bidmc_42,205,0.7144615384615384,0.0065705096935577,0.6018461538461537,1.1219030532239294,1.1925760491486024,0.2381761941610062,0.6665050011463094,84.0,0,0
bidmc_42,210,0.7175384615384615,0.0079286761395231,0.603076923076923,1.1187552505609848,1.2010403718132026,0.2377102205115828,0.6717454918548764,84.0,0,0
bidmc_42,215,0.7163076923076923,0.0086592290950586,0.6073846153846152,1.1128405432821988,1.2201633733621584,0.2367032218821488,0.6793950167548238,84.0,0,0
bidmc_42,220,0.7144615384615384,0.008527019360339,0.6086153846153844,1.0993261836937036,1.2092122513690335,0.2355736848505495,0.677371694612998,84.0,0,0
bidmc_42,225,0.7193333333333333,0.0105619863451699,0.6079999999999999,1.101267565764094,1.2225217215678632,0.253638041305535,0.6746729498590027,84.0,0,0
bidmc_42,230,0.7193333333333333,0.0100443461155462,0.6066666666666666,1.121341973702628,1.233182948550144,0.2567866873181758,0.6696799601019826,83.9,0,0
bidmc_42,235,0.7173333333333333,0.0067986926847903,0.6073333333333332,1.111405556046024,1.2122738857041992,0.2410750282869805,0.6649333704250349,83.5,0,0
bidmc_42,240,0.7186666666666666,0.0063944420310836,0.6119999999999999,1.1108843191570448,1.2424599566911791,0.280380865774349,0.6728480012783663,83.5,0,0
bidmc_42,245,0.7226666666666666,0.0075424723326565,0.6153333333333332,1.1188206434539685,1.26695598947887,0.2393968819676594,0.7041130932570845,83.5,0,0
bidmc_42,250,0.7206666666666667,0.0082999330653258,0.6166666666666666,1.1192609464783527,1.266870420573017,0.2356987563346272,0.6994281773136026,83.1,0,0
bidmc_42,255,0.718,0.0080829037686547,0.6039999999999999,1.0998428736988757,1.2590895293968103,0.2340051568829052,0.6901975693701274,83.4,0,0
bidmc_42,260,0.7186666666666666,0.0044221663871405,0.5906666666666666,1.1069342345194615,1.2499622765062195,0.2376295158491645,0.6791235974775399,83.8,0,0
bidmc_42,265,0.7166666666666667,0.0051207638319124,0.5913333333333332,1.1145430494666428,1.2536580319813158,0.2350594371045784,0.6772130911580004,83.9,0,0
bidmc_42,270,0.7173333333333333,0.0059628479399994,0.5893333333333332,1.1185219352731772,1.215563624182486,0.2347712488736075,0.6576130323045721,84.0,0,0
bidmc_42,275,0.7206666666666667,0.0076303487615064,0.5893333333333332,1.12464790970176,1.2111869052529012,0.235861275473301,0.656969482218172,83.9,0,0
bidmc_42,280,0.7253333333333333,0.0059628479399994,0.5873333333333332,1.1085772745825624,1.2090713380017628,0.2344144392366295,0.6791388921875993,83.4,0,0
bidmc_42,285,0.7273333333333333,0.0060736223860962,0.5919999999999999,1.107589435426276,1.222953456540475,0.2335743514185874,0.6924792292412086,83.0,0,0
bidmc_42,290,0.7249230769230769,0.0066847879945847,0.5969230769230768,1.1167292490415732,1.2266138173870804,0.2343766175061653,0.6800861067316833,82.8,0,0
bidmc_42,295,0.7212307692307692,0.0061538461538461,0.5993846153846152,1.1165157215054908,1.2254539488270884,0.2352931724209587,0.6806875700959124,82.8,0,0
bidmc_42,300,0.7144615384615385,0.0057728193967057,0.6006153846153844,1.095783284530772,1.2251987692810224,0.2508897796581076,0.6769422012575593,83.3,0,0
bidmc_42,305,0.712,0.005434929763894,0.6018461538461537,1.1130577429832162,1.218022132678524,0.235933250680604,0.6704777220473693,83.8,0,0
bidmc_42,310,0.7107692307692306,0.0069076751755826,0.6036923076923075,1.1224537448564311,1.2109898863234323,0.2362728217424198,0.6674469783582787,84.2,0,0
bidmc_42,315,0.7163076923076923,0.0080706935683717,0.6018461538461537,1.1186614686659528,1.221133760216056,0.2539332639209038,0.6761243793945534,84.2,0,0
bidmc_42,320,0.7193846153846153,0.0049230769230769,0.6043076923076922,1.1151552395304327,1.2055209230439483,0.2367273685745076,0.6705220131543973,83.8,0,0
bidmc_42,325,0.718153846153846,0.0055725447003922,0.606153846153846,1.1184130087599666,1.187527831285088,0.2375760958061367,0.6622319120797863,83.6,0,0
bidmc_42,330,0.7187692307692307,0.0052937386258723,0.6092307692307691,1.1373361077182438,1.201020886788218,0.2403506159999057,0.6702059076797696,83.7,0,0
bidmc_42,335,0.718,0.0057735026918962,0.611076923076923,1.1207205948638912,1.206254751427596,0.2378978106347918,0.6704802036200083,83.8,0,0
bidmc_42,340,0.722,0.0066332495807108,0.6146666666666666,1.1182530172460678,1.2116449359573116,0.2296334346026101,0.6633590773385074,83.6,0,0
bidmc_42,345,0.7186666666666666,0.007180219742846,0.6166666666666666,1.1100804444619985,1.227994668532458,0.2282650459409536,0.6672055419757575,83.2,0,0
bidmc_42,350,0.7186666666666666,0.0063944420310836,0.6159999999999999,1.1316734344610662,1.2369183319479486,0.263317710013176,0.674022243589895,83.5,0,0
bidmc_42,355,0.7193333333333333,0.0089193921068397,0.5953333333333332,1.1178961776888374,1.2494120219929583,0.2400001696240168,0.6736738147270469,83.9,0,0
bidmc_42,360,0.7153333333333333,0.0082999330653258,0.5839999999999999,1.1088358154374505,1.2412475999742776,0.2350141168294308,0.673214913302069,83.6,0,0
bidmc_42,365,0.7126666666666667,0.0060736223860962,0.5873333333333332,1.129902737418289,1.2345130896703842,0.2361369144850223,0.6692006697678407,83.7,0,0
bidmc_42,370,0.7159999999999999,0.0061101009266077,0.5913333333333332,1.1393565870913165,1.247490267481963,0.2373674730492077,0.6802787408061731,84.0,0,0
bidmc_42,375,0.7166666666666667,0.0051207638319124,0.5926666666666666,1.1220990140905436,1.2580737685066916,0.2360103170904143,0.6844783153817356,84.0,0,0
bidmc_42,380,0.714,0.0057735026918962,0.5939999999999999,1.1182578560598366,1.2466362722600322,0.2351820000159779,0.6784046936676033,84.0,0,0
bidmc_42,385,0.7133333333333333,0.0054974741674902,0.5966666666666666,1.1270255175906172,1.2333951651364456,0.2368016695870846,0.666578617381692,84.0,0,0
bidmc_42,390,0.7213333333333333,0.0107496769977314,0.6006666666666666,1.1201088629841285,1.2442002819550266,0.2360742325295221,0.6828330106682463,84.0,0,0
bidmc_42,395,0.7313333333333333,0.0110554159678513,0.6026666666666666,1.0869453167999628,1.2214821646755136,0.2351566033042659,0.6546693832348978,83.4,0,0
bidmc_42,400,0.7233333333333333,0.011527744310527,0.5999999999999999,1.1091365686309598,1.219302305213411,0.2349413714927237,0.6553073981732127,82.4,0,0
bidmc_42,405,0.7163076923076923,0.0080706935683717,0.5987692307692306,1.1198447674032912,1.1827755555831363,0.235852107070621,0.6641834734702543,82.6,0,0
bidmc_42,410,0.7132307692307691,0.0075869710805772,0.5999999999999999,1.115409366387603,1.1993531416259733,0.2349500341350419,0.6577712589253292,83.6,0,0
bidmc_42,415,0.7138461538461538,0.0063952645202543,0.6024615384615383,1.112024481371994,1.2065993045620789,0.2343287916899995,0.6589418899841726,84.0,0,0
bidmc_42,420,0.7163076923076923,0.0050745915392217,0.6055384615384614,1.1041121147107602,1.210452805932833,0.234134310601693,0.6669426164033474,84.0,0,0
bidmc_42,425,0.718153846153846,0.0071235919401786,0.6079999999999999,1.1117604649039845,1.2073790326187168,0.2330285477138608,0.6612472388525236,84.0,0,0
bidmc_42,430,0.7224615384615384,0.0079286761395231,0.6104615384615383,1.1217490104256984,1.1937180588814422,0.233960274951319,0.6545601182516211,83.6,0,0
bidmc_42,435,0.7156923076923077,0.0080706935683717,0.6129230769230768,1.1248722681226662,1.181051777251264,0.2370330073367439,0.6519691891394519,83.1,0,0
bidmc_42,440,0.7132307692307692,0.0061538461538461,0.6104615384615383,1.1220625814648286,1.1816708909524485,0.2382487943817676,0.6525471843458632,83.5,0,0
bidmc_42,445,0.7132307692307691,0.0042635096801695,0.6092307692307691,1.0739332527523897,1.1974618334916147,0.2399674706708719,0.6591419855188382,84.0,0,0
bidmc_42,450,0.7113846153846153,0.0079762962441942,0.6129230769230768,1.128363054658386,1.2096179814352983,0.2396403570841582,0.6640470318980788,84.0,0,0
bidmc_42,455,0.7138461538461538,0.0089601352483452,0.5975384615384614,1.1138855060258115,1.214177925783719,0.2389073343499233,0.6650889538918955,84.0,0,0
bidmc_42,460,0.7144615384615384,0.0072813289638149,0.5852307692307691,1.1129420235871643,1.1860561463077215,0.2344620828714441,0.6556816183320887,84.0,0,0
bidmc_42,465,0.7132307692307691,0.0052937386258723,0.5883076923076922,1.1205942779853246,1.2002676656642457,0.237123101208822,0.6563862246347444,84.0,0,0
bidmc_42,470,0.7169230769230768,0.0066847879945847,0.5919999999999999,1.1298654565343296,1.2033670665829066,0.2362959118050012,0.6586432604601248,84.0,0,0
bidmc_43,0,0.6812307692307692,0.0174274489335461,0.6079999999999999,0.8852432507251156,0.2700722719026519,0.1710439625709291,0.1631765757282752,86.0,0,0
bidmc_43,5,0.6702857142857143,0.0139151950421553,0.6125714285714284,0.8957348480182199,0.2489620039448503,0.1739499264928548,0.1567334031624898,87.8,0,0
bidmc_43,10,0.6627692307692308,0.010799956169098,0.6079999999999999,0.8908042752819286,0.2148284287240267,0.1732188404582449,0.135706262194608,89.9,0,0
bidmc_43,15,0.668,0.0127391410340616,0.6108571428571427,0.8841908267135621,0.2297142284514955,0.1739044065942192,0.1397904013766419,90.5,0,0
bidmc_43,20,0.6726153846153845,0.0131121696939461,0.6178461538461537,0.877705673527121,0.218868967330259,0.1710463346164679,0.1409099747799352,90.0,0,0
bidmc_43,25,0.6744615384615383,0.0181303629078845,0.6153846153846152,0.8911534901569762,0.2205942889670854,0.1868766575209663,0.1290484847921315,89.4,0,0
bidmc_43,30,0.6695384615384614,0.018927454152898,0.6104615384615383,0.8837712305949216,0.2148113016050863,0.1720849031499888,0.1229596443699137,89.2,0,0
bidmc_43,35,0.6719999999999999,0.0217397190555762,0.6073846153846152,0.8856829942712308,0.2362672160802474,0.2076024125070092,0.1331388337689917,89.8,0,0
bidmc_43,40,0.6834285714285714,0.023169297065958,0.6148571428571428,0.9016765365892108,0.2689424080250295,0.1739947872739552,0.1569697651819459,89.2,0,0
bidmc_43,45,0.6738461538461539,0.0172307692307692,0.6289230769230768,0.9069369914934424,0.2696938022059392,0.1736520307803016,0.1629838999291805,88.0,0,0
bidmc_43,50,0.6726153846153846,0.0155194094928227,0.6313846153846152,0.8880045788875759,0.242138362511712,0.1822112563467262,0.1477071710661263,88.9,0,0
bidmc_43,55,0.6769230769230768,0.0131410193871154,0.6363076923076922,0.8970016202019764,0.2471136290477693,0.1725463520560143,0.1542895712066327,89.5,0,0
bidmc_43,60,0.6904615384615383,0.025758091737177,0.6258461538461538,0.8861494394878976,0.2508199477438739,0.1667196564896759,0.1496131677908873,88.6,0,0
bidmc_43,65,0.6947692307692308,0.0242745635979273,0.6116923076923075,0.8827108444343995,0.2440029183524587,0.1652538687383279,0.1470279147083302,87.4,0,0
bidmc_43,70,0.6639999999999998,0.0236903096060555,0.6566153846153846,0.8218856682052754,0.2187559754884627,0.170005020479265,0.1263238418248956,87.6,0,0
bidmc_43,75,0.7146666666666666,0.18614212013644,0.5619999999999999,0.8378288446239737,0.2419512691857657,0.176312129069813,0.137175981354673,89.8,1,3
bidmc_43,80,0.6923076923076922,0.0734295943434511,0.5723076923076922,0.7941096600610906,0.2205479658309141,0.170462716718647,0.1326135591037594,90.9,0,0
bidmc_43,85,0.7426666666666666,0.0769299825960088,0.6066666666666666,0.9085245748054896,0.2022802872384831,0.1636213100237516,0.1312200516779816,87.4,0,0
bidmc_43,90,0.7366666666666667,0.0580076623291172,0.6066666666666666,0.8923408499972678,0.2224425928126002,0.1612206635630963,0.1370174333295594,82.2,0,0
bidmc_43,95,0.7280000000000001,0.0297545514725618,0.6079999999999999,0.8678576782615975,0.217563795840328,0.1649192116965063,0.1340427342409252,82.0,0,0
bidmc_43,100,0.7046666666666667,0.043873555690061,0.6153333333333332,0.8708134804657199,0.2305222810012562,0.1663606374283863,0.1482049325926079,83.3,0,0
bidmc_43,105,0.6788571428571427,0.02219027181594,0.5794285714285713,0.8677048368309312,0.2198579476869807,0.1880267866651838,0.1377027821585663,84.9,0,0
bidmc_43,110,0.6726153846153846,0.0245999951893005,0.614153846153846,0.8896432201957073,0.2218883773309352,0.1719241123854566,0.127792805874308,87.9,0,0
bidmc_43,115,0.6799999999999999,0.02976833630141,0.6153846153846152,0.897052338581931,0.2401478812193574,0.1702909395752037,0.1439050534197988,88.7,0,0
bidmc_43,120,0.667076923076923,0.0494686560257511,0.5415384615384614,0.787487622431054,0.2663561686615045,0.1707218367401126,0.1542339196690564,88.4,0,0
bidmc_43,125,0.6843076923076924,0.0437745704462245,0.5833846153846152,0.8853801871181204,0.241071849727755,0.1664554594493047,0.1425372087598797,89.1,0,0
bidmc_43,130,0.7039999999999998,0.0267332502076845,0.6246666666666666,0.8803569274323434,0.2281195529018283,0.1647487059147225,0.1410545237943795,87.7,0,0
bidmc_43,135,0.6754285714285714,0.0237538396466588,0.6137142857142857,0.8916205222242426,0.2082346052390845,0.1720289303923741,0.1235702429283408,86.4,0,0
bidmc_43,140,0.683076923076923,0.0290211104555116,0.6104615384615383,0.8903374752385672,0.2269599227739276,0.1720803441570149,0.1292724163631421,88.1,0,0
bidmc_43,145,0.6782857142857143,0.0380289900159424,0.611076923076923,0.8507808423636558,0.2529039596644147,0.1677372658490416,0.1461955040037104,88.5,0,0
bidmc_43,150,0.6633846153846152,0.0227276126924546,0.6190769230769231,0.683940439260641,0.2553864853604805,0.1685279546209569,0.1557813352698903,88.3,0,0
bidmc_43,155,0.6793846153846153,0.0659294943470073,0.5704615384615382,0.8375544727839728,0.2391382320302143,0.1684421291656343,0.1441757590024747,89.6,0,0
bidmc_43,160,0.6916923076923076,0.0547657734431679,0.6159999999999999,0.7654412260913037,0.2240894451399212,0.1667741044001313,0.1363098740120384,88.4,0,0
bidmc_43,165,0.6849230769230767,0.0272720243768127,0.606153846153846,0.8647015801161269,0.1917007504243586,0.1878088369042342,0.1236231884375535,86.5,0,0
bidmc_43,170,0.6812307692307692,0.0232384093396913,0.606153846153846,0.893688017593387,0.2268944396531096,0.1729748945323818,0.13564448888152,87.4,0,0
bidmc_43,175,0.6674285714285714,0.0164825201164067,0.6125714285714284,0.9003777341646878,0.2572211594458753,0.1745342856701436,0.1526384892057329,88.2,0,0
bidmc_43,180,0.6541538461538461,0.0104796223790316,0.6153846153846152,0.889344868862185,0.2497293686264961,0.172346425392446,0.1542777884683646,89.6,0,0
bidmc_43,185,0.6479999999999999,0.0148131215963608,0.5725714285714284,0.884037646531349,0.240769814860273,0.1715840502839558,0.1472478845185749,91.5,0,0
bidmc_43,190,0.6514285714285714,0.0164825201164068,0.5742857142857142,0.8793053129330602,0.1978716409506064,0.1846712326422265,0.1346123183800658,92.5,0,0
bidmc_43,195,0.6621538461538461,0.0113804566208658,0.6129230769230768,0.8953956719476517,0.2169491989052486,0.1701252065519795,0.1233003504805085,92.0,0,0
bidmc_43,200,0.6708571428571428,0.0162430518897735,0.6119999999999999,0.895134032944261,0.230424366807644,0.1713585208969222,0.130110691117894,90.5,0,0
bidmc_43,205,0.6689230769230767,0.0178991256273833,0.6166153846153845,0.8909235217113929,0.2353774052749018,0.1699374978133636,0.1398689665929766,89.5,0,0
bidmc_43,210,0.6662857142857143,0.0129803619332577,0.6142857142857141,0.8983680963735698,0.2175423526069392,0.1720951991466642,0.1280394204086164,89.6,0,0
bidmc_43,215,0.659076923076923,0.0155437919265416,0.619076923076923,0.8502414384753134,0.2326830164317678,0.1708009769556141,0.1406772247109471,90.1,0,0
bidmc_43,220,0.6559999999999999,0.0202837021134844,0.6119999999999999,0.8884769728171678,0.2219170633370408,0.1712225529674661,0.1274289849275899,91.0,0,0
bidmc_43,225,0.667076923076923,0.0187060728043946,0.6129230769230768,0.8809147071783484,0.226502702381729,0.1701560760896666,0.1322767301983299,91.7,0,0
bidmc_43,230,0.6794285714285715,0.0203880717427557,0.62,0.8861536006743956,0.2557472845318562,0.1710641208031649,0.1560350903989955,90.2,0,0
bidmc_43,235,0.6695384615384614,0.013454283759431,0.614153846153846,0.8764039408832565,0.2505048218104483,0.1709784748015969,0.155629854333062,88.6,0,0
bidmc_43,240,0.6668571428571429,0.0088709569692914,0.6159999999999999,0.8835008252078309,0.2477350871374217,0.1724262509694042,0.1530191353785509,89.2,0,0
bidmc_43,245,0.6553846153846153,0.0127311759172782,0.6221538461538461,0.8153328701261023,0.250102062712893,0.170685649557171,0.1572775295447672,90.3,0,0
bidmc_43,250,0.6377142857142857,0.0164030858221797,0.5754666666666666,0.8747013595758637,0.2067493507475761,0.1707896881329213,0.1224026911823324,91.9,0,0
bidmc_43,255,0.6337142857142856,0.0154708415664924,0.5662857142857142,0.87818787343933,0.2260114952569075,0.1753854077858292,0.1342753040389326,93.9,0,0
bidmc_43,260,0.6382857142857141,0.0166107906899984,0.6097142857142855,0.8443968410178015,0.2389526888141722,0.1766787414413943,0.147009992132704,94.4,0,0
bidmc_43,265,0.6434285714285713,0.0103490115864427,0.6079999999999999,0.8736055189223457,0.2225999249035887,0.1894986304286958,0.13779550701829,93.7,0,0
bidmc_43,270,0.6373333333333332,0.0353773310971242,0.6148571428571428,0.8368770789278772,0.2632383383631093,0.1701378632813314,0.1533709394403143,93.3,0,0
bidmc_43,275,0.6559999999999999,0.0202837021134843,0.6108571428571427,0.8849192378663292,0.2190381173301024,0.1704974573378518,0.1312861971163593,93.1,0,0
bidmc_43,280,0.6836923076923076,0.0343183839842429,0.6098461538461537,0.8830128503576228,0.2259739630943094,0.1701641243194091,0.129635679638089,91.8,0,0
bidmc_43,285,0.6828571428571427,0.0418549487479542,0.6227692307692306,0.8418428780798773,0.2532143990360546,0.1653918884793643,0.1473127159117158,88.9,0,0
bidmc_43,290,0.6658461538461538,0.0297937684600866,0.6393846153846153,0.7728366443796231,0.2352743258648731,0.1706834630895269,0.1409815792960252,87.8,0,0
bidmc_43,295,0.6996923076923077,0.0531230568736178,0.4929230769230769,0.8706649281965888,0.2511470917401425,0.171473776349168,0.1516637289656718,89.0,0,0
bidmc_43,300,0.7426666666666667,0.0366363511040909,0.6219999999999999,0.8934442023801685,0.2347310396541929,0.1664298519792408,0.1408909207398685,86.8,0,0
bidmc_43,305,0.7304615384615385,0.0403534678418584,0.6172307692307691,0.8859708936765641,0.2206983544915566,0.1664261899862328,0.1243837185413769,82.9,0,0
bidmc_43,310,0.6867692307692307,0.0316669054283534,0.6233846153846153,0.8841105123974352,0.2226627088410103,0.1664214666859803,0.1365863987761062,82.7,0,0
bidmc_43,315,0.6719999999999999,0.0230584541479325,0.5790769230769229,0.8875213097611854,0.2267695038402392,0.1658603532634145,0.1447259548273649,85.8,0,0
bidmc_43,320,0.6713846153846152,0.0206864446941188,0.5544615384615383,0.8977534802655283,0.2335601833245502,0.1700271045879447,0.1383052923822045,88.5,0,0
bidmc_43,325,0.6634285714285714,0.01109513590797,0.6043076923076922,0.8954549682549235,0.2347700670354686,0.1906361015334564,0.1408371724183265,89.5,0,0
bidmc_43,330,0.644,0.0193021094332052,0.6097142857142855,0.8780213274591466,0.2289395946425758,0.1727899422267536,0.1405065102751999,90.7,0,0
bidmc_43,335,0.6302857142857141,0.0132418631157216,0.6039999999999999,0.8903310261682245,0.211355594599934,0.170849371157489,0.1304388377520576,93.4,0,0
bidmc_43,340,0.6445714285714285,0.0130805978768681,0.5988571428571428,0.8888262926705627,0.2152792954308521,0.1710703877030636,0.1311578734525243,94.6,0,0
bidmc_43,345,0.6559999999999999,0.0135224680756562,0.6011428571428571,0.9007673309340718,0.2421166603416009,0.1762812238338765,0.1455692538706418,93.1,0,0
bidmc_43,350,0.6479999999999999,0.0205763119966775,0.6024615384615383,0.8906543523875732,0.2223859710985656,0.1780588842150805,0.1355274396584629,92.0,0,0
bidmc_43,355,0.6457142857142857,0.018986568829527,0.6028571428571426,0.8900622394717342,0.234868134238057,0.1700141857066217,0.1450507753964275,92.6,0,0
bidmc_43,360,0.661142857142857,0.0111538407405389,0.6125714285714284,0.8895654078113161,0.2511183072990321,0.1727828702333111,0.1564695754771189,92.6,0,0
bidmc_43,365,0.7040000000000001,0.0547479071137274,0.6179999999999999,0.8980079542001084,0.2297813292922533,0.1647590751485644,0.1446205921514572,90.5,0,0
bidmc_43,370,0.7613333333333334,0.0316368280472124,0.6286666666666666,0.9032407803835406,0.2515021294971324,0.1608082554940746,0.1495233889970463,85.5,0,0
bidmc_43,375,0.714,0.0306594194335117,0.6439999999999999,0.8856834970239172,0.2863867111064844,0.1655847384518846,0.1674533441860879,81.3,0,0
bidmc_43,380,0.6782857142857142,0.0307139534865752,0.6443076923076922,0.8396233959425704,0.2675072679316592,0.1660633610674648,0.1593476771201775,83.3,0,0
bidmc_43,385,0.6738461538461539,0.0133695759891694,0.6375384615384614,0.9025322377261248,0.2388253787457671,0.1727154679393353,0.149421721409577,87.1,0,0
bidmc_43,390,0.6639999999999998,0.0150486390900153,0.5907692307692307,0.8655210490861461,0.2304833988480638,0.1797277398959151,0.1378294898731379,88.9,0,0
bidmc_43,395,0.6525714285714285,0.0170281879151443,0.5141333333333332,0.8842052817637699,0.2335178942088821,0.1693831987582073,0.1482023037905772,90.3,0,0
bidmc_43,400,0.6399999999999999,0.0215936498602185,0.328,0.8824463471732875,0.2316489250767431,0.1711553425406408,0.144584894842087,92.3,0,0
bidmc_43,405,0.6462857142857141,0.0218417312612758,0.4445714285714285,0.8742779040936216,0.234531628100081,0.1802655170615864,0.1520793186408275,93.6,0,0
bidmc_43,410,0.6348571428571429,0.0217218032099979,0.5701333333333332,0.8815383268811203,0.2788996046940123,0.1761536532712702,0.1665606699087621,93.3,0,0
bidmc_43,415,0.6255999999999999,0.0200692135703752,0.6058666666666664,0.8713341105024013,0.2304295564452924,0.1747427971524579,0.1388820896951755,94.7,0,0
bidmc_43,420,0.6417142857142857,0.0205476052529888,0.6119999999999999,0.8756512382695097,0.2411879286565077,0.1819113356322768,0.1470528652249756,95.7,0,0
bidmc_43,425,0.644,0.0065900357683833,0.6171428571428571,0.895314519743844,0.2826253081009133,0.1714405448460083,0.1617303124961181,93.7,0,0
bidmc_43,430,0.6165333333333333,0.0280900140421625,0.5279999999999999,0.8532414913412941,0.2411861173038978,0.2217232429400455,0.1426255922952048,93.8,0,0
bidmc_43,435,0.6457142857142857,0.0370856702619153,0.5234285714285712,0.891610664203126,0.2109597739517065,0.1784485792292761,0.1435141300381559,95.4,0,0
bidmc_43,440,0.6474285714285715,0.0337336506129038,0.6085714285714284,0.8947572445614276,0.2234979558932397,0.1780576042936119,0.1377390862529587,93.8,0,0
bidmc_43,445,0.6101333333333333,0.0166447856366157,0.5247999999999998,0.8776912808261199,0.1906935856507936,0.1769055193257099,0.1154188956005868,94.0,0,0
bidmc_43,450,0.6122666666666666,0.013968854243956,0.5157333333333332,0.7809435332772539,0.1918850711648444,0.1760544510653796,0.1098156949072341,97.5,0,0
bidmc_43,455,0.6285714285714284,0.0098974331861078,0.5954285714285713,0.8946114393156039,0.2024796430911449,0.176081820327126,0.1283652518639184,97.6,0,0
bidmc_43,460,0.6325714285714286,0.0076877851697564,0.5749333333333333,0.8787185536358997,0.2037298265752816,0.1786495504116188,0.1532319834262888,95.7,0,0
bidmc_43,465,0.6365714285714285,0.0098974331861078,0.5782857142857142,0.887358936770413,0.1744833648004423,0.1744209157954355,0.1374380761207055,94.9,0,0
bidmc_43,470,0.6382857142857142,0.009646824580648,0.6227692307692306,0.8839932797296854,0.1708711987536839,0.174132870841971,0.1309357076101372,94.4,0,0
bidmc_44,0,0.6559999999999999,0.0060474315681476,0.1815384615384615,0.0980550474771908,0.4133606598425992,0.119306679416898,0.289982364152575,91.3,0,0
bidmc_44,5,0.6559999999999999,0.0062757163244218,0.5513846153846153,0.1108214405111577,0.3808171997616286,0.1162542953485437,0.2556131925703063,91.2,0,0
bidmc_44,10,0.6559999999999999,0.0067612340378281,0.3525333333333333,0.0711524730276276,0.4480760459591936,0.1149444330791269,0.2990042001201676,91.6,0,0
bidmc_44,15,0.6541538461538461,0.0055725447003922,0.1034285714285714,0.0703368136659694,0.5150923906566242,0.1173864289458738,0.3058187600022353,91.8,0,0
bidmc_44,20,0.6554285714285715,0.0056279187438834,0.3589333333333332,0.0952109133280106,0.4779293653082204,0.1120787328321246,0.2850032101282042,91.9,0,0
bidmc_44,25,0.6542857142857142,0.0061809450436525,0.3152,0.0980425929678949,0.4732270158874654,0.1378884256098016,0.2896669857150822,92.0,0,0
bidmc_44,30,0.6559999999999999,0.0070164641544562,0.1068571428571428,0.1028470822231068,0.4863123763275781,0.1127968545445558,0.300889839039591,92.0,0,0
bidmc_44,35,0.6554285714285715,0.0063887656499994,0.0176,0.082873796484019,0.4745039570397919,0.1124198848402404,0.2880803271420825,92.0,0,0
bidmc_44,40,0.6565714285714286,0.0076877851697564,0.0211428571428571,0.0835923172393763,0.4682024701758044,0.1143027932147327,0.2857814145184523,91.9,0,0
bidmc_44,45,0.6572307692307692,0.0082102548086931,0.0668571428571428,0.0795584099110187,0.4793284546103976,0.1111228472532113,0.2907070186939642,91.6,0,0
bidmc_44,50,0.6559999999999999,0.0052372293656638,0.0608,0.0827055425223568,0.4887910438381916,0.1141811071023678,0.3000637054002477,91.5,0,0
bidmc_44,55,0.6572307692307692,0.0052937386258723,0.0634285714285714,0.0882587518711813,0.5074474178385612,0.1151949502473323,0.3183903691981981,91.6,0,0
bidmc_44,60,0.6542857142857141,0.0061809450436525,0.0202666666666666,0.0855624723012891,0.5268799429001418,0.1121952317666537,0.318174384485477,91.5,0,0
bidmc_44,65,0.6548571428571428,0.0051110125199995,0.0229333333333333,0.0936209183284536,0.4930700300238903,0.1347538424369103,0.3091653131076735,91.7,0,0
bidmc_44,70,0.6553846153846153,0.0101491830784434,0.0291428571428571,0.0848824410252446,0.4860605544562503,0.114119256268307,0.3131204121794672,92.0,0,0
bidmc_44,75,0.6565714285714285,0.0087970310390518,0.0341333333333333,0.1028183647683877,0.4960101333265992,0.1136796427085085,0.3067347713083676,92.0,0,0
bidmc_44,80,0.6559999999999999,0.0060474315681476,0.0342857142857142,0.0899595276745997,0.4830021673305791,0.1207792442637298,0.2954856342593959,91.8,0,0
bidmc_44,85,0.6535384615384614,0.0057728193967057,0.0325714285714285,0.0948696313231381,0.4764716726380838,0.1139194940520402,0.2866015131911869,91.7,0,0
bidmc_44,90,0.6548571428571428,0.0059384599116647,0.0304,0.1034621330439959,0.476828769123422,0.1147474091142508,0.2987194797641282,91.9,0,0
bidmc_44,95,0.6537142857142857,0.0063631592718057,0.0708571428571428,0.0875215116458811,0.4935283680694683,0.1190996631194603,0.3087128010414887,92.0,0,0
bidmc_44,100,0.6559999999999999,0.0067612340378281,0.3669333333333333,0.0844701314274341,0.5613384478370625,0.1115531468307343,0.372319584891314,92.0,0,0
bidmc_44,105,0.66,0.0058554004376912,0.5359999999999999,0.0923194275340891,0.4591171379633978,0.1133996947658485,0.3422423619728312,91.5,0,0
bidmc_44,110,0.6578461538461539,0.0063952645202543,0.4748571428571427,0.0887756043196853,0.4334494994768675,0.1113768046174429,0.2810118861413681,91.0,0,0
bidmc_44,115,0.6577142857142856,0.0061809450436525,0.3167999999999999,0.0930991699275674,0.5505695176955072,0.1084922381211511,0.3352679511558306,91.0,0,0
bidmc_44,120,0.659076923076923,0.0080236337294801,0.1565714285714285,0.0930701458897051,0.5376813429809422,0.1135746016354708,0.3191232683519315,91.0,0,0
bidmc_44,125,0.6588571428571427,0.0071599794777952,0.0197333333333333,0.083527823614104,0.4734185611402147,0.1102993953329321,0.2851364354334018,91.0,0,0
bidmc_44,130,0.6594285714285714,0.0058274508726774,0.0613333333333333,0.1002469532670941,0.4756290908225491,0.1205734669798424,0.2961340102937722,91.0,0,0
bidmc_44,135,0.6578461538461539,0.0063952645202543,0.0691428571428571,0.10078093763242,0.4794238988794456,0.1132804479715364,0.2909338193836155,91.0,0,0
bidmc_44,140,0.6599999999999999,0.0058554004376912,0.0192,0.096502282319268,0.4633513754945064,0.1096837745469648,0.2832525177560323,91.0,0,0
bidmc_44,145,0.6559999999999999,0.0125514326488437,0.0222857142857142,0.0955684421900501,0.4860569260786057,0.1134125963325664,0.2918367621357421,91.0,0,0
bidmc_44,150,0.6588571428571427,0.0093721254096324,0.024,0.0398781586914733,0.4487383200240518,0.1116425511094244,0.2731523989468629,91.0,0,0
bidmc_44,155,0.66,0.0058554004376912,0.0245714285714285,0.0885107864096494,0.4416949152891969,0.1310539968076095,0.2720687568556461,91.0,0,0
bidmc_44,160,0.659076923076923,0.0049994082490067,0.0302857142857142,0.0825035580699038,0.4655334944776776,0.1100834180854134,0.2803453606935108,91.0,0,0
bidmc_44,165,0.6617142857142857,0.0070450445748216,0.0341333333333333,0.0925298923970186,0.4678690586113231,0.1090787455152792,0.293214672302144,91.0,0,0
bidmc_44,170,0.6609230769230768,0.0066847879945847,0.0342857142857142,0.0914288191908575,0.4957719250748407,0.1116707880546339,0.3096373679289608,91.0,0,0
bidmc_44,175,0.6611428571428571,0.0064901809666288,0.0346666666666666,0.1022206115200371,0.4720967730413825,0.1108388389261391,0.2916487216447593,91.0,0,0
bidmc_44,180,0.6633846153846152,0.0073331540232695,0.0337142857142857,0.1006390353146141,0.4476731250455565,0.110531597014059,0.2861715243828973,91.0,0,0
bidmc_44,185,0.6611428571428571,0.0077722688621345,0.0325333333333333,0.0874877996457582,0.4574882921918736,0.1123113454897034,0.2772578204365625,90.9,0,0
bidmc_44,190,0.6621538461538461,0.0071235919401786,0.1224615384615384,0.0921235989038363,0.4636632391996222,0.1124739026101944,0.2775653015729709,90.8,0,0
bidmc_44,195,0.6621538461538461,0.0046051167837217,0.1074285714285714,0.0903962903884696,0.4564746391018949,0.1093813978931511,0.2766971757340716,90.9,0,0
bidmc_44,200,0.6634285714285715,0.0056279187438834,0.12,0.0888630097035487,0.4610836669564405,0.1098867523670701,0.2799441416018513,90.9,0,0
bidmc_44,205,0.6652307692307692,0.0061538461538461,0.0634285714285714,0.10219802086927,0.4322514794764483,0.1100397310315848,0.2665541794298694,90.4,0,0
bidmc_44,210,0.6645714285714285,0.0047466422073817,0.0188571428571428,0.0872474806691927,0.4554723435612587,0.1104815270254904,0.2789943732481865,90.0,0,0
bidmc_44,215,0.6664615384615384,0.0048455433070841,0.0171428571428571,0.1028801866469142,0.4625165110096719,0.1094399450284877,0.2859248183860698,90.0,0,0
bidmc_44,220,0.6668571428571427,0.0057427860692119,0.1097142857142857,0.0997522120836755,0.4641155034539051,0.1114501508285484,0.2823156502627029,90.0,0,0
bidmc_44,225,0.6664615384615384,0.0057728193967057,0.1114285714285714,0.0955185657935219,0.4592771740603174,0.1103610139994985,0.2787289358954354,90.0,0,0
bidmc_44,230,0.6645714285714286,0.0126361967928548,0.1097142857142857,0.0948489015516271,0.4693825195584123,0.1081389971876648,0.2808813503835733,90.0,0,0
bidmc_44,235,0.6683076923076923,0.0111450894007845,0.0685714285714285,0.0460527854274699,0.4840661620006489,0.107490267309738,0.2972110890825553,90.0,0,0
bidmc_44,240,0.668,0.0065900357683833,0.0742857142857143,0.0958843402638836,0.4868319268223965,0.1103032293671859,0.2916167232439772,90.0,0,0
bidmc_44,245,0.668923076923077,0.0049994082490067,0.0302857142857142,0.10372528196058,0.4328171448246506,0.1088454766594497,0.269118553984272,89.9,0,0
bidmc_44,250,0.6695384615384616,0.0057728193967057,0.032,0.1015994372609213,0.4313216193956249,0.1073507044425494,0.2583327796227311,89.9,0,0
bidmc_44,255,0.6695384615384616,0.0057728193967057,0.0342857142857142,0.0984717872537325,0.4516521695206711,0.1107407622954475,0.2743776087653856,89.9,0,0
bidmc_44,260,0.6726153846153846,0.0058380510649262,0.0285714285714285,0.1040689370389639,0.4788106909605534,0.1088964005389516,0.2897265920857736,89.6,0,0
bidmc_44,265,0.6708571428571429,0.0066639450226803,0.0256,0.0918189699934333,0.4502806046312744,0.1116873189672628,0.2726445085207876,89.2,0,0
bidmc_44,270,0.6707692307692308,0.0061538461538461,0.0331428571428571,0.0901471619609719,0.4734010329986765,0.1155864696841763,0.2747804499881147,89.0,0,0
bidmc_44,275,0.6725714285714286,0.0311991627307855,0.0937142857142857,0.0982777472284433,0.4302551688313128,0.1145923198407591,0.2564959189633709,89.4,0,0
bidmc_44,280,0.6880000000000001,0.0420987849267373,0.576,0.1195114567047673,0.3564860384252746,0.1148608496574548,0.2936033397004741,89.4,0,0
bidmc_44,285,0.675076923076923,0.0049994082490067,0.741090909090909,0.1246252451776085,0.2566904820322079,0.1125364159507248,0.2416117792098847,88.6,0,0
bidmc_44,290,0.6744615384615386,0.0048455433070841,0.5304615384615385,0.0998492655009464,0.0377982995449544,0.1096827217350873,0.0323538715093071,88.6,0,0
bidmc_44,295,0.6756923076923076,0.0050745915392217,0.4771428571428572,0.1006822672840821,0.0391557136683895,0.1037294478831843,0.0377565962745985,89.0,0,0
bidmc_44,300,0.6765714285714285,0.0049815987926178,0.5091428571428572,0.1103079423876862,0.1633758268564477,0.1097926800771014,0.1365217391140396,89.0,0,0
bidmc_44,305,0.675076923076923,0.0059025618748464,0.1942857142857143,0.1067430038295756,0.295600218054167,0.1129661554086795,0.2085253423192113,89.0,0,0
bidmc_44,310,0.6756923076923076,0.0059663752091277,0.0668571428571428,0.1105615797628002,0.3683769363216975,0.1114431339676353,0.2254928457911005,89.0,0,0
bidmc_44,315,0.6756923076923077,0.0050745915392217,0.0234285714285714,0.1082893827780482,0.3560794790060054,0.1110901420733004,0.2170280935920759,89.0,0,0
bidmc_44,320,0.6756923076923076,0.0050745915392217,0.0137142857142857,0.1073039632299765,0.3691298387204393,0.1074352548059104,0.2155872715440295,89.0,0,0
bidmc_44,325,0.6777142857142857,0.00559883369779,0.1482666666666666,0.106223394525201,0.4066727212499962,0.1110349466167789,0.2397738277026955,89.0,0,0
bidmc_44,330,0.6775384615384614,0.0057728193967057,0.2565714285714285,0.0955281675344277,0.5117948902486366,0.1101422255248115,0.2863632225080378,89.0,0,0
bidmc_44,335,0.6781538461538461,0.0055725447003922,0.1571428571428571,0.0971272955201532,0.5390679500885016,0.1093931358286523,0.3088608379801538,88.6,0,0
bidmc_44,340,0.6787692307692306,0.0061538461538461,0.0588571428571428,0.1053452766434766,0.4756089718904883,0.1103091046343964,0.288954167194417,88.3,0,0
bidmc_44,345,0.6763076923076923,0.0161882417698041,0.1741538461538461,0.0798639649910396,0.5102415986316827,0.1100109944090447,0.2964518325715721,88.4,0,0
bidmc_44,350,0.6788571428571428,0.0366427875243003,0.2222857142857142,0.0674168145002329,0.5505503526618699,0.1073325564432001,0.3226589186151229,88.5,0,0
bidmc_44,355,0.6799999999999999,0.005434929763894,0.1571428571428571,0.095422719504244,0.518043324198284,0.1101197321584811,0.3355406056586135,88.3,0,0
bidmc_44,360,0.6793846153846153,0.0049230769230768,0.0622857142857142,0.0897723236336401,0.5379003466685982,0.1092067692586572,0.3168362384761797,88.0,0,0
bidmc_44,365,0.6817142857142857,0.0061809450436525,0.0634285714285714,0.1065781982244629,0.5268013979693832,0.1133832577095074,0.3125395147792693,88.0,0,0
bidmc_44,370,0.6818461538461538,0.0055725447003922,0.0211428571428571,0.1021101588374441,0.5310093106413256,0.1122636020918035,0.3255644266044886,88.0,0,0
bidmc_44,375,0.6824615384615383,0.0057728193967057,0.0234285714285714,0.0994701608580546,0.542759915516391,0.1055755784435386,0.3185769099004236,88.0,0,0
bidmc_44,380,0.6828571428571427,0.0057427860692118,0.1710769230769231,0.0979298628398658,0.5548158068824647,0.108980659176538,0.3279941318858768,88.0,0,0
bidmc_44,385,0.6824615384615383,0.0057728193967057,0.5218461538461537,0.097340952543279,0.5460491130613642,0.1100042465036771,0.3351739955682034,88.0,0,0
bidmc_44,390,0.683076923076923,0.0073846153846153,0.6221538461538461,0.1013598268710352,0.5174671297514525,0.1058543141618669,0.3081859293577633,88.0,0,0
bidmc_44,395,0.6828571428571427,0.0071599794777951,0.5747692307692307,0.0957777291875211,0.5270869830705083,0.1115646177126109,0.3147442046120253,88.0,0,0
bidmc_44,400,0.6806153846153845,0.0058380510649262,0.4919999999999999,0.0918668966986456,0.568493399592177,0.1139865683559826,0.3494117914726752,88.0,0,0
bidmc_44,405,0.6812307692307691,0.0061538461538461,0.4451428571428571,0.0913662377816617,0.5477944041061059,0.1065459707051594,0.3294291824805847,88.0,0,0
bidmc_44,410,0.6843076923076923,0.0067412007077558,0.3514285714285714,0.0863985815433214,0.4995565726813724,0.1081729421246044,0.2951557382914492,88.0,0,0
bidmc_44,415,0.683076923076923,0.0049994082490066,0.1594285714285714,0.0842248435247266,0.4937911890381121,0.1086991372532456,0.3083200319697924,88.0,0,0
bidmc_44,420,0.684923076923077,0.0059025618748463,0.1588571428571428,0.1009536009445576,0.515823245872073,0.1054253865944911,0.3065016676776455,88.0,0,0
bidmc_44,425,0.6855384615384614,0.0065705096935576,0.1114285714285714,0.1002998923409799,0.5303419165730922,0.108650806915483,0.3113731216378562,88.0,0,0
bidmc_44,430,0.6843076923076923,0.0059663752091277,0.208,0.1034892475743218,0.5288881914992302,0.10931487439032,0.3281801548242929,88.0,0,0
bidmc_44,435,0.6861538461538461,0.0099988164980134,0.227076923076923,0.0364620123416363,0.5505291717555062,0.1090708769592385,0.3272663786032665,88.0,0,0
bidmc_44,440,0.6916923076923076,0.0204840824333455,0.2131428571428571,0.0981493556846897,0.5684084499831868,0.1053406879305585,0.3426370926441878,87.8,0,0
bidmc_44,445,0.6855384615384614,0.0057728193967057,0.2793846153846153,0.0973218550769834,0.5555984034281336,0.1096512608222846,0.337389838490619,87.6,0,0
bidmc_44,450,0.6861538461538461,0.0055725447003922,0.1611428571428571,0.1047623710900113,0.5262092056399694,0.1086534403104012,0.3181466555493232,87.7,0,0
bidmc_44,455,0.6873846153846154,0.0066278951472424,0.0645714285714285,0.0936379163859515,0.4830119125972938,0.1075044606212989,0.284826786848205,87.4,0,0
bidmc_44,460,0.6867692307692307,0.0052937386258723,0.1622857142857143,0.0890459174425458,0.4839276760291877,0.1086895820062101,0.2839954068255716,87.0,0,0
bidmc_44,465,0.6867692307692307,0.0028864096983528,0.0194285714285714,0.0966902614140478,0.5095352151734519,0.1165723546021658,0.3011644902151631,87.0,0,0
bidmc_44,470,0.6886153846153846,0.0037934855402885,0.1243076923076923,0.086770824928897,0.5024661077819128,0.1097667906768785,0.3031557077298251,87.0,0,0
bidmc_45,0,1.04,0.2851245341951478,0.6755555555555556,0.8003428914906955,1.0082201183004929,0.1542302488389952,0.5961662666702874,65.0,1,3
bidmc_45,5,0.8676363636363637,0.0750748386941902,0.6872727272727273,0.7635753309848504,0.9848719581445824,0.1558563539947834,0.6469357553923245,63.1,0,0
bidmc_45,10,1.016,0.2834642834644252,0.6924444444444444,0.7652115620169379,1.0260870529101709,0.1485475774828054,0.6422189591582328,63.3,1,3
bidmc_45,15,1.1451428571428568,0.2527084308455263,0.6594285714285714,0.7979421999104568,1.046414821405533,0.1361974834356257,0.5752067592105436,63.6,1,3
bidmc_45,20,0.9031111111111112,0.1976374033675724,0.6951111111111111,0.6995959907370818,1.01076125926335,0.1555815041208042,0.6074608890837663,59.3,1,1
bidmc_45,25,0.990222222222222,0.2284876742495109,0.7511111111111111,0.7876634296754782,1.047604917513378,0.1422362477214757,0.6466191673243362,58.5,1,1
bidmc_45,30,1.0659999999999998,0.2079903843931252,0.7786666666666666,0.7860229991896345,0.9523625891427456,0.1364799388440923,0.6291077311290368,60.2,1,3
bidmc_45,35,0.9688888888888888,0.1785848347701353,0.6936,0.6871404506877317,0.9991959618221146,0.1345765473969191,0.588342134865148,59.0,1,1
bidmc_45,40,1.04,0.130093983121605,0.7724444444444445,0.7835661912818734,1.008896698697391,0.141696954252088,0.6013681689063541,56.0,1,1
bidmc_45,45,0.8933333333333332,0.0666133119829162,0.7768888888888889,0.7887173196218631,1.0159604772858877,0.1536308368229593,0.6432727569276507,55.5,1,1
bidmc_45,50,1.0168888888888887,0.2564841101616865,0.7608888888888888,0.7723531341975154,0.983704625561822,0.1435370079979773,0.6120943933778779,60.5,1,3
bidmc_45,55,1.1874285714285715,0.1882421367303726,0.7737142857142857,0.6796473326295595,0.9897617504621038,0.1769763739192331,0.5791184438364381,63.5,1,3
bidmc_45,60,0.9875555555555556,0.12284688854298,0.773,0.706397378662751,1.038007084784918,0.1349530564129858,0.6184342110548302,59.9,1,1
bidmc_45,65,0.907,0.0857846140050767,0.7813333333333333,0.7710975756996371,1.0401222868928737,0.1444412451242112,0.658358574080021,56.7,1,1
bidmc_45,70,1.132,0.2242498606465565,0.778,0.7633073773719006,1.0169122580597942,0.1405247711699432,0.6125011518543181,56.3,1,1
bidmc_45,75,1.0710000000000002,0.1171964163274628,0.786,0.7886332998491533,1.0228729625430648,0.1732878088906976,0.6166240322396935,57.1,1,1
bidmc_45,80,0.9688888888888888,0.0667673314069828,0.7928888888888889,0.7895607389387074,1.0414356391783,0.1415840432828805,0.6537171935501711,56.6,1,1
bidmc_45,85,0.9466666666666668,0.0775628777186612,0.7848888888888889,0.7805010787895243,0.8627319596912489,0.1428316427282485,0.5559473308848273,57.1,1,1
bidmc_45,90,0.8349090909090908,0.0617111372671896,0.7624,0.7194766433696002,0.7756177386929223,0.1507663693404111,0.5091985555116455,61.5,0,0
bidmc_45,95,0.9333333333333332,0.1555377767617886,0.7857777777777778,0.7915074192792202,1.032498217905251,0.1504075481461299,0.6545915034456089,66.5,1,3
bidmc_45,100,1.124,0.0697423830966507,0.784,0.789584477611079,1.1062024177736225,0.141328187390092,0.6566225052692705,67.5,0,0
bidmc_45,105,0.991111111111111,0.085868691027437,0.7564444444444445,0.7637468777129224,1.030188301233344,0.1679112992900329,0.6280208712153341,62.5,0,0
bidmc_45,110,0.8624,0.0503173926192524,0.7055999999999999,0.7512433818209281,0.9556926741262652,0.177463367161425,0.6131787638320106,59.0,1,1
bidmc_45,115,0.8480000000000001,0.1211676524489931,0.7032,0.6757794965698306,0.9631653554241688,0.1757764580350832,0.6034045266364034,63.1,1,3
bidmc_45,120,0.8927999999999999,0.2508787755072159,0.728,0.7748584330534591,0.9320426684720168,0.171473574894709,0.6101148937921893,68.8,1,3
bidmc_45,125,1.139,0.2643009648109519,0.757,0.7986203932583664,0.9588777118028268,0.1363650476787691,0.5585742522645373,65.6,1,3
bidmc_45,130,1.143,0.111314868728306,0.777,0.8034666674940681,1.088126732280246,0.134248500042336,0.6604310154669456,59.6,1,1
bidmc_45,135,0.9484444444444444,0.1161216901081802,0.7715555555555556,0.7797252459970286,1.0928458446270426,0.1440230923234851,0.6928702446649947,55.7,1,1
bidmc_45,140,0.9937777777777776,0.193724763390273,0.7751111111111111,0.7990883059239641,1.0087074718059477,0.1476991700696843,0.628111062109799,56.0,1,1
bidmc_45,145,1.108,0.1744935528894978,0.782,0.7396441951080825,0.9427987544762652,0.1408598170305801,0.5790592537084401,59.8,1,1
bidmc_45,150,0.8920000000000001,0.1249255778453715,0.7024,0.7017848203926992,0.952924201123341,0.1443027099530092,0.6311645696022169,59.4,1,1
bidmc_45,155,0.9084444444444444,0.1196802323890263,0.78,0.7306647291424577,0.9921958263772264,0.1484867251025803,0.657237141928481,59.7,1,1
bidmc_45,160,1.076,0.0880908621821809,0.8,0.7694456899691269,1.0330999882173344,0.1401967050437036,0.6184189994054801,63.5,0,0
bidmc_45,165,0.997,0.0932898708327972,0.7057777777777778,0.7567826070256521,1.074670518878705,0.1408333585711115,0.6490249494598415,62.9,0,0
bidmc_45,170,0.8544,0.0819599902391404,0.6269090909090909,0.7520349209449386,1.0341081730035062,0.1571392672888913,0.7098880610677045,59.8,1,1
bidmc_45,175,0.8704000000000001,0.062461508147018,0.6327999999999999,0.7891424823831585,0.9863057168967618,0.1572627657541374,0.6393331451571945,63.6,0,0
bidmc_45,180,0.9502222222222222,0.0658378104431687,0.8062222222222223,0.7638935288135903,0.9608095849108476,0.1542222438817352,0.5925841556637446,68.7,0,0
bidmc_45,185,1.0302222222222224,0.0658378104431687,0.8008888888888889,0.7565534308029237,1.0110994144393668,0.1397000668632,0.6334410382358989,67.1,0,0
bidmc_45,190,0.9795555555555556,0.0815067974140277,0.8097777777777778,0.7644510981750958,1.0427242058107302,0.1418398664730927,0.6652590743470197,62.1,0,0
bidmc_45,195,0.9066666666666668,0.0564426946360446,0.7847999999999999,0.7587299776097044,0.9851802482481514,0.1499138822344317,0.6448003562712499,60.4,0,0
bidmc_45,200,0.9191111111111112,0.0748991090949009,0.7724444444444445,0.7872953865726857,1.0085259096138866,0.1498650707796258,0.6539697677092929,62.5,0,0
bidmc_45,205,0.8672000000000001,0.0382329700651152,0.772,0.7519516504412213,0.95636110391856,0.1623843463494945,0.6268240237331784,65.0,0,0
bidmc_45,210,0.8429090909090909,0.0374103887988703,0.7650909090909092,0.7309529712459027,0.95345962243801,0.1556195064135656,0.6346337257560704,66.9,0,0
bidmc_45,215,0.944,0.1690759198309051,0.772,0.7384665611609156,0.889388263929834,0.1426421563236686,0.5704882642234115,69.2,1,3
bidmc_45,220,1.093,0.0712109542135196,0.804,0.6841472872038532,0.9632649825430062,0.1337141362481791,0.5768046774751608,68.2,0,0
bidmc_45,225,1.0710000000000002,0.0404845649599943,0.801,0.7682558904535726,1.0688174848474534,0.1568840934860546,0.6412662043060728,62.6,0,0
bidmc_45,230,1.056888888888889,0.0480657985230072,0.7884444444444445,0.7674831938649778,0.9805358667399584,0.145073253117929,0.6002367121903358,57.5,1,1
bidmc_45,235,0.969777777777778,0.0962055412792813,0.8071111111111111,0.7885316338713817,1.0253129652971973,0.1456678924878692,0.6376606092546555,56.2,1,1
bidmc_45,240,1.068,0.1758635834958448,0.805,0.7826215000088068,1.0722432418483587,0.1375457019113,0.6507249448101832,57.3,1,1
bidmc_45,245,1.0248888888888892,0.1640138506647427,0.7248,0.7814333168953551,0.9455060857475164,0.1420895427255107,0.6090538501284802,56.7,1,1
bidmc_45,250,0.8879999999999999,0.0623794838067773,0.8008000000000001,0.7648005489523041,0.9990360643674598,0.1507513871989316,0.6332256079566512,56.9,1,1
bidmc_45,255,0.9056,0.0415384159543909,0.7792,0.7649319122666385,0.9957185071090098,0.1503658400502801,0.6552108804013103,61.3,0,0
bidmc_45,260,0.9031111111111112,0.1545031063653518,0.6584000000000001,0.7842103765889361,0.9156303570249624,0.1544459370324231,0.6093387211636203,65.9,1,3
bidmc_45,265,0.8792,0.1527748670429793,0.7048,0.7684588950250575,1.0112631678291326,0.1540805552764879,0.5972927458052519,67.1,1,3
bidmc_45,270,1.032,0.1670927885936433,0.784,0.7467861038135981,1.042726986886153,0.1417886334737453,0.6078252671498127,67.0,1,3
bidmc_45,275,0.9768888888888888,0.1472446523793682,0.7928888888888889,0.7701670886255908,0.9987336667694218,0.1438676795423723,0.6551277539390048,64.0,1,3
bidmc_45,280,0.974,0.1531926891205974,0.7768888888888889,0.77448349393768,0.9708032912015068,0.1449805645162634,0.6142371363222003,60.5,1,3
bidmc_45,285,1.0444444444444445,0.1207450124215959,0.7688888888888888,0.7083143994796044,0.9205560432547366,0.1353985381208365,0.6116007074983306,59.9,1,1
bidmc_45,290,0.904,0.0862451286869132,0.7831111111111111,0.763740042914463,0.9825504707519253,0.1507771887642001,0.6150308219105148,59.5,1,1
bidmc_45,295,0.991111111111111,0.1728380387944765,0.7893333333333333,0.7571890654306964,1.0502832133184277,0.1494905543200772,0.6482020286835218,61.2,1,3
bidmc_45,300,1.0739999999999998,0.271668916146106,0.6659999999999999,0.7819164794799403,0.982132642388807,0.1495683727953115,0.5944965889288483,63.2,1,3
bidmc_45,305,0.944,0.2079692284930634,0.6784,0.7749437456377901,0.964809708529916,0.1587893577084052,0.6302175141838118,61.4,1,3
bidmc_45,310,0.96,0.1292164420222476,0.7333333333333333,0.7523295832640384,1.0639366548210876,0.1409915033932321,0.6635453746586861,61.1,1,3
bidmc_45,315,0.96,0.1179378367333119,0.768,0.7431408310626529,0.990661398532268,0.1411840082318712,0.6172027010894264,63.0,1,3
bidmc_45,320,0.8448,0.0245796663931795,0.7856,0.7625349888808558,0.9994863680035656,0.1575694278089129,0.6472449975655135,63.1,0,0
bidmc_45,325,0.959111111111111,0.1831456278147374,0.7888,0.8030185588093179,1.0149569527394708,0.1456082412450792,0.6563440705339257,65.8,1,3
bidmc_45,330,1.125,0.1181820629368095,0.795,0.6771218699905918,1.052845323516194,0.1342555494059541,0.6134397881115585,66.1,1,3
bidmc_45,335,0.9377777777777776,0.0733966057007751,0.768,0.7388791522812237,1.012734482494967,0.1463605252194668,0.6379970516246535,61.1,0,0
bidmc_45,340,0.9208888888888888,0.2007433100833247,0.7144,0.799217702670752,1.0456614248170195,0.1551235352449844,0.6570703215173617,59.2,1,1
bidmc_45,345,0.9831111111111112,0.2825016988914283,0.6124444444444443,0.8070877254338107,0.8680198316025137,0.1561901709519236,0.5725081653608867,61.1,1,3
bidmc_45,350,0.9626666666666668,0.1931079145624711,0.6853333333333332,0.7686781624531105,1.0054853398536314,0.1490826906223149,0.6182903029368182,62.1,1,3
bidmc_45,355,1.1509999999999998,0.1536977553512086,0.773,0.7922079640069187,1.04004409269892,0.1346923102238721,0.6029538416671416,61.2,1,3
bidmc_45,360,0.968,0.1912950019675835,0.6144000000000001,0.7818243493531022,0.8810866553860386,0.1441410475332677,0.5585603999967497,59.1,1,1
bidmc_45,365,0.9386666666666668,0.27366808769424,0.6791111111111111,0.7579665802812452,0.911470763571362,0.14417243701941,0.5574622847930227,58.0,1,1
bidmc_45,370,1.145,0.3105462928453663,0.698,0.7741611995354298,0.8867813472087701,0.1434210941623816,0.5178172421939164,60.0,1,3
bidmc_45,375,0.9964444444444444,0.2008023412386259,0.7511111111111111,0.6843711455730943,0.9795786341212668,0.1492422193849185,0.5791201826296841,60.7,1,3
bidmc_45,380,1.08,0.187275198571514,0.788,0.7550690463847834,1.0898849194455644,0.135439797710016,0.6307080574566191,58.0,1,1
bidmc_45,385,1.1700000000000002,0.1064142847553842,0.79,0.7995234125785264,1.0467073904737418,0.1342854625957942,0.6246868550310006,55.9,1,1
bidmc_45,390,1.092,0.0324961536185438,0.78,0.773268874965059,1.06576032251029,0.1335135432906183,0.6465735002228787,55.0,1,1
bidmc_45,395,1.053,0.0359861084308931,0.778,0.7329867071280733,1.008915158563387,0.1353830960329811,0.6072103164226437,54.0,1,1
bidmc_45,400,0.9484444444444444,0.0808937727463357,0.784,0.7543412321516768,0.9769444598816698,0.1735350266472131,0.6203525926376057,55.1,1,1
bidmc_45,405,0.8610909090909092,0.0438540027103457,0.7818181818181817,0.7778947200340811,0.9706337619743995,0.1560848729462979,0.6736602589189455,59.2,1,1
bidmc_45,410,0.8378181818181819,0.036754265508344,0.7072,0.7219526396584853,0.9321129717779446,0.1516619507541337,0.6131958051821096,65.5,0,0
bidmc_45,415,1.0510000000000002,0.2526321436397198,0.6995555555555556,0.7668514376816008,0.9274442714503556,0.1358534141507701,0.5671277903173687,70.1,1,3
bidmc_45,420,1.0719999999999998,0.1278570630486582,0.797,0.7793804412395156,1.01327066909692,0.1395483583422491,0.6029080078780412,64.6,1,3
bidmc_45,425,0.9377777777777776,0.0543604794717178,0.8088888888888889,0.7798565970703555,1.0439097425788175,0.1488629528067038,0.6569176811322798,57.7,1,1
bidmc_45,430,1.007111111111111,0.0808351469823264,0.8186666666666667,0.6912146498006762,1.0276055084197044,0.1466551804005766,0.6497610689144312,58.8,1,1
bidmc_45,435,1.0364444444444445,0.0898877214592504,0.808,0.7917894849035688,0.9735455637597864,0.1456810425973264,0.6061281203426497,61.2,0,0
bidmc_45,440,0.9768888888888888,0.087914661202333,0.8168888888888889,0.7092319088627063,1.0097663921832207,0.141459717771978,0.6337342332037403,60.7,0,0
bidmc_45,445,1.057,0.1236406082159094,0.813,0.7878825309940279,1.0800866982602702,0.1483111847304438,0.6436815145951259,59.2,1,1
bidmc_45,450,0.9288888888888888,0.1003775588515065,0.776,0.764930500758086,0.9860722957168508,0.1501767666725131,0.6117559709648027,59.4,1,1
bidmc_45,455,1.051,0.1632635905522109,0.787,0.7650278158473472,1.0244263961955609,0.1427656688738653,0.6200482170827536,60.1,1,3
bidmc_45,460,1.0133333333333332,0.1774485841025506,0.782,0.7659161677648267,1.0076820193932032,0.1424114745917852,0.6289255495567809,60.0,1,3
bidmc_45,465,0.8414545454545455,0.0783701747957771,0.4967272727272727,0.7808459561507215,1.0036714786984031,0.1579082832179318,0.6592958862720731,59.3,1,1
bidmc_45,470,1.0275555555555556,0.2816613850041733,0.6097777777777778,0.805006934170384,0.9680493172038692,0.1456342670358787,0.5914322380300463,63.2,1,3
bidmc_46,0,0.5665882352941177,0.0041024931233323,0.0936470588235294,1.214605308969387,1.0560523418011174,0.3077753455301074,0.6146603504663117,106.3,1,2
bidmc_46,5,0.5685,0.0034278273002005,0.092235294117647,1.2048306082338518,1.0742154600281302,0.2965910896829079,0.6221060622634461,105.8,1,2
bidmc_46,10,0.565,0.0047958315233126,0.0969411764705882,1.1914946230275854,1.0599910301308593,0.2959308656814866,0.6153271441907994,105.8,1,2
bidmc_46,15,0.5585,0.0042130748865881,0.1035294117647059,1.1838481006416457,0.9929612678874152,0.304641656234299,0.5974065420099363,106.7,1,2
bidmc_46,20,0.5575000000000001,0.0037080992435478,0.1096470588235294,1.2060216711090328,1.018213582073915,0.3076468652205505,0.599967632666641,107.7,1,2
bidmc_46,25,0.5595000000000001,0.0019364916731037,0.1025882352941176,1.207262782319302,1.0526642696585744,0.3066751670226274,0.6179938046396848,107.5,1,2
bidmc_46,30,0.5605,0.0019364916731036,0.0861176470588235,1.1987544054354606,1.010359516300945,0.3109246640343058,0.6060603443115082,107.0,1,2
bidmc_46,35,0.5605,0.0034278273002004,0.0837647058823529,1.199393338708558,1.009032582488632,0.3039511798364616,0.6097034683133381,107.0,1,2
bidmc_46,40,0.559,0.0038729833462074,0.0856470588235294,1.2021961195546234,1.0105639808479927,0.3054746362376352,0.6002794279938839,107.0,1,2
bidmc_46,45,0.557,0.0038729833462074,0.0837647058823529,1.2131041987552396,1.0089944912923705,0.3100877711562435,0.5986701107891392,107.3,1,2
bidmc_46,50,0.556,0.004,0.0875294117647058,1.209489148935703,1.042167397968793,0.3113407123130837,0.6181540936636487,107.8,1,2
bidmc_46,55,0.5595000000000001,0.0052678268764263,0.0875,1.2092411181753662,1.0917350785537518,0.3114304805021881,0.6429388725485671,107.9,1,2
bidmc_46,60,0.5660000000000001,0.0044721359549995,0.0865,1.2294197123218598,1.1423605694985994,0.3152805687551862,0.6487216121569512,107.1,1,2
bidmc_46,65,0.5609411764705882,0.0283683141140734,0.088,1.1705534208268011,1.0682782583325094,0.3092279257977386,0.6093418348554955,106.2,1,2
bidmc_46,70,0.5660000000000001,0.0034641016151377,0.0955294117647058,1.2179060705084346,1.0566426078222926,0.3076405882142431,0.6122135274178723,106.0,1,2
bidmc_46,75,0.5630000000000001,0.0038729833462073,0.0992941176470588,1.2146136689155171,1.0666750323001974,0.3110760743663311,0.6412543792549051,106.1,1,2
bidmc_46,80,0.5585,0.005074445782546,0.1021176470588235,1.2186782005549293,0.9406360830760252,0.3343784329579699,0.597269321460223,106.8,1,2
bidmc_46,85,0.553,0.0026457513110645,0.1007058823529411,1.2209932927363276,0.9449864488176776,0.3474679946341401,0.5582743385899289,107.9,1,2
bidmc_46,90,0.558,0.0066332495807107,0.0988235294117647,1.2417548372902036,1.085084751461531,0.3321455862706438,0.6340491261363524,108.5,1,2
bidmc_46,95,0.5695,0.0070533679898329,0.096,1.240917421145057,1.1150399765297283,0.3301343585210032,0.662602240454359,107.2,1,2
bidmc_46,100,0.5734999999999999,0.0037080992435478,0.0955,1.262639870114863,1.138118148136556,0.3397309704837191,0.6674679223954623,105.4,1,2
bidmc_46,105,0.569,0.0047958315233126,0.100235294117647,1.2370631787300082,1.1014591708200667,0.3456114643091636,0.6305842769486172,105.1,1,2
bidmc_46,110,0.56,0.0063245553203367,0.0941176470588235,1.2382435970048993,1.1705896737938712,0.3631478622537646,0.7059513558371732,106.1,1,2
bidmc_46,115,0.554,0.0034641016151377,0.1195294117647058,1.2428138479050492,1.0662393584524603,0.3448813850573965,0.642719768637358,107.5,1,2
bidmc_46,120,0.5585,0.005809475019311,0.088,1.2474641806726363,0.9983889853653742,0.3252085164070631,0.5991601830605517,107.8,1,2
bidmc_46,125,0.5655000000000001,0.0037080992435477,0.0818823529411764,1.2476312596810182,1.082197469484366,0.3359915235962782,0.6444849167301181,106.9,1,2
bidmc_46,130,0.5680000000000001,0.0028284271247461,0.0809411764705882,1.2416476863401598,1.0986158172771825,0.3233724526292905,0.6734189702810103,106.1,1,2
bidmc_46,135,0.567,0.0038729833462073,0.0865,1.2407732546907508,1.06022074839733,0.3296274146890571,0.6257370309572614,106.0,1,2
bidmc_46,140,0.565,0.0038729833462073,0.09,1.2609141710472784,1.0744972710579677,0.3321766630245589,0.6221341888681348,106.0,1,2
bidmc_46,145,0.5650000000000001,0.0038729833462073,0.0908235294117647,1.251275915660953,1.112646222928034,0.3329831005102385,0.6462292291409876,106.0,1,2
bidmc_46,150,0.5635000000000001,0.0048733971724044,0.0978823529411764,1.2413731043006937,0.9024164939940242,0.3176751219791249,0.6081941989111351,106.1,1,2
bidmc_46,155,0.559,0.0038729833462074,0.1058823529411764,1.241735356416047,0.8838770407145616,0.3710071872081545,0.5790419815409751,106.7,1,2
bidmc_46,160,0.5595000000000001,0.0044440972086577,0.1063529411764706,1.2403855433213138,1.0609978907757447,0.3230510830686922,0.630171730208471,107.3,1,2
bidmc_46,165,0.5635000000000001,0.0039686269665968,0.1058823529411764,1.2441773343637892,1.038548877062498,0.3245689845098821,0.6325811823306441,106.9,1,2
bidmc_46,170,0.5630000000000001,0.0038729833462073,0.1054117647058823,1.2388716550579608,0.9938179559152642,0.3249905692965664,0.6055568908891188,106.3,1,2
bidmc_46,175,0.5952000000000001,0.0978401417278886,0.1195,1.1310973892924832,0.9507885056957126,0.3784190976282939,0.5741387837866202,106.6,1,2
bidmc_46,180,0.555,0.0488159809898357,0.1303529411764706,1.0195991171372036,0.9188043643162268,0.388328574886858,0.5614284846611267,107.5,1,2
bidmc_46,185,0.5575000000000001,0.0166658333124989,0.1256470588235294,0.8807293563924644,0.9278508679915168,0.3275316954340865,0.5677180632592801,108.0,1,2
bidmc_46,190,0.56,0.0039999999999999,0.1016470588235294,1.1216543235349357,0.9829765560494312,0.3128933284408295,0.5880430479403883,107.5,1,2
bidmc_46,195,0.5595000000000001,0.0034278273002005,0.0865,1.170094872034708,0.9995315239465172,0.3096849742246017,0.597019836964729,107.0,1,2
bidmc_46,200,0.56,0.0,0.0861176470588235,1.1841569550203592,0.985962615690482,0.3235597325686106,0.5725662440920901,107.0,1,2
bidmc_46,205,0.5581176470588236,0.0033934600239661,0.0884705882352941,1.1747374701536433,0.9516080789868662,0.319571677868864,0.560155110656999,107.2,1,2
bidmc_46,210,0.552470588235294,0.0051118967017412,0.0917647058823529,1.083984103237179,0.8991262063693001,0.3874837509200476,0.5576762606611707,107.8,1,2
bidmc_46,215,0.5491764705882353,0.0047058823529411,0.0915555555555555,1.098575631673549,0.9122099517792568,0.4116338819700286,0.5705717809777404,108.6,1,2
bidmc_46,220,0.552,0.0054879547245602,0.0915555555555555,1.195564989120185,1.02409238014549,0.335616773070212,0.6001716819998498,109.0,1,2
bidmc_46,225,0.558,0.0044721359549995,0.0935,1.1851942112646534,1.0587487135675504,0.3188901737901126,0.6263259758834056,108.4,1,2
bidmc_46,230,0.5555000000000001,0.0048733971724044,0.0997647058823529,1.1978649222125235,1.007254257496314,0.3211664537906604,0.6007147988692887,107.7,1,2
bidmc_46,235,0.5515294117647059,0.0033275613232308,0.1004444444444444,1.2089184887347688,0.9592849360965998,0.3259865615686769,0.5688627197870092,108.3,1,2
bidmc_46,240,0.551,0.0026457513110645,0.1115294117647058,1.2177096147749893,0.8945168284891017,0.3207346093835092,0.5745366656399253,109.0,1,2
bidmc_46,245,0.554,0.0044721359549995,0.1138823529411764,1.2399651260113624,0.7939741277298048,0.320998621966603,0.5120187806329501,108.8,1,2
bidmc_46,250,0.5625,0.0067638746292343,0.102,1.239305178397695,0.8040284525817651,0.3184111492155072,0.5075929775243548,107.8,1,2
bidmc_46,255,0.5743999999999999,0.0072736969050591,0.093,1.2453008785556243,0.9882268174556113,0.3294097180836574,0.5872109162790482,106.0,1,2
bidmc_46,260,0.5794999999999999,0.0056347138347923,0.0898823529411764,1.2282770042239513,1.0203356571875228,0.326608388365378,0.600620518146523,104.1,1,2
bidmc_46,265,0.5635000000000001,0.0135554417117259,0.108235294117647,1.2056159812887826,0.8732809436710602,0.3676852380774392,0.542906122716323,104.4,1,2
bidmc_46,270,0.5485,0.0048733971724044,0.1345882352941176,1.2113100323409995,0.5890716996816214,0.3112273230183493,0.4269426985931019,107.4,1,2
bidmc_46,275,0.5430588235294118,0.0263024726823193,0.1152941176470588,1.1718185912801955,0.6177990670673859,0.3247749192304181,0.4171137822736162,109.4,1,2
bidmc_46,280,0.5595000000000001,0.007193747284969,0.0828235294117647,1.231889674085466,0.9262931013654552,0.3167448963293918,0.5648444173626294,108.7,1,2
bidmc_46,285,0.5685,0.0044440972086577,0.0804705882352941,1.240031547246767,1.0316108561794155,0.338748128318811,0.6254153705352635,106.8,1,2
bidmc_46,290,0.5645,0.0074665922615339,0.0884705882352941,1.244054731564501,0.959284476238688,0.3528698335977386,0.5944626099180461,105.9,1,2
bidmc_46,295,0.5575000000000001,0.0037080992435478,0.0903529411764706,1.242819379676236,1.018587358856052,0.3326545226883683,0.6066995849966121,106.9,1,2
bidmc_46,300,0.56,0.0039999999999999,0.0854999999999999,1.2330542606354171,1.091658215611771,0.320078876857897,0.6567587469137832,107.7,1,2
bidmc_46,305,0.5665,0.005809475019311,0.0814999999999999,1.248303385727059,1.1595619395271162,0.3266631279347154,0.6750814117452557,107.0,1,2
bidmc_46,310,0.5754999999999999,0.0059791303715507,0.0785882352941176,1.2469399037679858,1.1272264916468997,0.3180630342437893,0.6567234193424741,105.6,1,2
bidmc_46,315,0.578,0.0072111025509279,0.0799999999999999,1.2367663951226435,1.1044400126474851,0.3139450213333424,0.6587296534925129,104.1,1,2
bidmc_46,320,0.5630000000000001,0.0097467943448089,0.0931764705882353,1.222542794305415,0.99934032133921,0.3202633467412353,0.6124797828567972,104.7,1,2
bidmc_46,325,0.5529411764705883,0.0037647058823529,0.1035555555555555,1.2256979842399656,1.0016141181177989,0.3203183655898649,0.5953546889222775,107.3,1,2
bidmc_46,330,0.5505,0.0031224989991992,0.1068235294117647,1.2109517765758424,1.044046297816041,0.3131739797492787,0.6198703234403348,108.8,1,2
bidmc_46,335,0.5495000000000001,0.0037080992435478,0.1119999999999999,1.2163852091320746,1.0285042574723056,0.3131450841017288,0.6174576304882877,109.0,1,2
bidmc_46,340,0.553,0.00556776436283,0.1091764705882352,1.239381743217756,1.0770700856699376,0.3180378790626143,0.6438912063720279,108.9,1,2
bidmc_46,345,0.5630000000000001,0.0055677643628299,0.1016470588235294,1.2296696015705617,1.0905436612025752,0.32018006252878,0.6582361901561273,108.0,1,2
bidmc_46,350,0.5685,0.0044440972086577,0.099,1.218128546035648,1.1192320586955673,0.3299186245108647,0.6544765988806516,106.5,1,2
bidmc_46,355,0.5722666666666665,0.0039911012125588,0.0865,1.234278437062167,1.1753975291493446,0.3280819541860544,0.6891008309841756,105.4,1,2
bidmc_46,360,0.5725,0.0039686269665968,0.0705882352941176,1.2459472588402691,1.1137819563191391,0.3154921327436658,0.6603320120760956,105.0,1,2
bidmc_46,365,0.5665,0.0070533679898329,0.076235294117647,1.250049970601797,1.0486988406865592,0.3696451981516581,0.6247425778388687,105.2,1,2
bidmc_46,370,0.5595000000000001,0.0044440972086577,0.0814117647058823,1.2204353461614337,1.0736152475922585,0.3257188850283151,0.6468451830482389,106.2,1,2
bidmc_46,375,0.562,0.0052915026221291,0.0847058823529411,1.2289863640422765,1.125242440427681,0.318166974769657,0.6729554618671083,107.0,1,2
bidmc_46,380,0.5665,0.0042130748865881,0.0849999999999999,1.228781227224132,1.1462726944306676,0.3212590654790195,0.6588235757782199,106.5,1,2
bidmc_46,385,0.569,0.0038729833462074,0.0818823529411764,1.2489222684613437,1.169340893136715,0.3314276218122263,0.6808989942121056,105.8,1,2
bidmc_46,390,0.5714999999999999,0.0039686269665968,0.0799999999999999,1.243648867696391,1.1273373449596156,0.3142458724819787,0.6661224449660686,105.3,1,2
bidmc_46,395,0.5665,0.0075993420767852,0.0865882352941176,1.2492235638123612,1.0745147580305607,0.3705633983472373,0.6325054741022982,105.2,1,2
bidmc_46,400,0.559,0.0026457513110645,0.0955294117647058,1.2367541573655534,1.0829882582737334,0.3276927712131337,0.6420130131660419,106.2,1,2
bidmc_46,405,0.5635000000000001,0.0039686269665968,0.0945882352941176,1.2476175534267129,1.1351042164236282,0.3207110962066928,0.674188224588708,106.8,1,2
bidmc_46,410,0.5685,0.0034278273002005,0.0945,1.257842911411594,1.1614989993442744,0.3247540617879846,0.6670829431827684,106.3,1,2
bidmc_46,415,0.563764705882353,0.0291840597340492,0.0945882352941176,1.1953872952964837,1.1332112052201773,0.3175546990169756,0.6505211580176017,105.5,1,2
bidmc_46,420,0.5725,0.0039686269665968,0.0964705882352941,1.2441284705621083,1.125479219832246,0.3154017476899845,0.6662516306873175,105.0,1,2
bidmc_46,425,0.5705,0.0037080992435478,0.0978823529411764,1.2453222003313065,1.1007244799423863,0.322213879460168,0.6788084453333699,105.0,1,2
bidmc_46,430,0.569,0.0026457513110645,0.0995,1.2396251207880589,1.1308767656965917,0.3299182829156202,0.6513200432487459,105.0,1,2
bidmc_46,435,0.5679999999999998,1.1102230246251563e-16,0.095,1.2621030419435553,1.1702125489232995,0.3242360323300024,0.6827588903335571,105.4,1,2
bidmc_46,440,0.568,0.0,0.0809411764705882,1.2693081287509953,1.1341955978909584,0.318526352238677,0.6611490658999013,105.9,1,2
bidmc_46,445,0.5665,0.0031224989991991,0.0748235294117647,1.255751788467069,1.1032654615612567,0.3164325784987942,0.646466746904343,106.0,1,2
bidmc_46,450,0.5605,0.0052678268764263,0.0823529411764705,1.2510489543114158,1.063162620886649,0.3221828164672073,0.6525315806125562,106.4,1,2
bidmc_46,455,0.5625,0.0054543560573178,0.084235294117647,1.253287537068323,1.098783656501668,0.3285175802343085,0.6574069363303823,106.8,1,2
bidmc_46,460,0.568,0.0028284271247461,0.0834999999999999,1.2432470038214454,1.1302643667755856,0.3281779660804836,0.6633344121813319,106.4,1,2
bidmc_46,465,0.5690666666666665,0.0027194770739161,0.0875,1.2454420460456377,1.157090310228723,0.3262456850400873,0.674900590282799,105.6,1,2
bidmc_46,470,0.5705,0.0037080992435478,0.0828235294117647,1.254546831996951,1.1241590176418332,0.3172305805330309,0.6567428904615316,105.1,1,2
bidmc_47,0,0.7166666666666667,0.0089193921068397,0.6233333333333332,0.5410310725770853,0.6680395142683699,0.1149254719180123,0.2947702806611191,84.9,0,0
bidmc_47,5,0.7186666666666666,0.0078881063774661,0.6133333333333332,0.5589920347371191,0.6654631101839017,0.1211912249765585,0.2934016181212982,84.4,0,0
bidmc_47,10,0.7126666666666667,0.003944053188733,0.6113333333333332,0.5620419950498079,0.6828185361482682,0.1203893003406765,0.3017841662979943,83.9,0,0
bidmc_47,15,0.7186666666666666,0.007180219742846,0.6113333333333332,0.5530446917150617,0.6642405982907958,0.117655527537105,0.3006796968265152,83.9,0,0
bidmc_47,20,0.7253333333333333,0.0037712361663282,0.6119999999999999,0.547242714604754,0.6327887203226182,0.1150711285115758,0.2832694038529842,83.8,0,0
bidmc_47,25,0.7266666666666666,0.0044221663871405,0.6133333333333332,0.5359920259728451,0.6301007985983483,0.1146450431543511,0.276238813094287,83.3,0,0
bidmc_47,30,0.7266666666666666,0.0054974741674902,0.6086666666666666,0.5255653218785323,0.6240168834202333,0.1084123107866569,0.307792667338013,83.0,0,0
bidmc_47,35,0.723076923076923,0.0066847879945847,0.606153846153846,0.5105242429986558,0.4908394387913788,0.106435634821523,0.3183673394975276,83.0,0,0
bidmc_47,40,0.7070769230769229,0.0106587742004238,0.5913846153846153,0.4709996939437699,0.4245961452671395,0.100012214464439,0.2729667183693167,83.0,0,0
bidmc_47,45,0.6923076923076923,0.0067412007077558,0.606153846153846,0.4768545274324288,0.4315528467770049,0.0993208273430194,0.254843042967327,83.9,0,0
bidmc_47,50,0.6867692307692307,0.0052937386258723,0.6301538461538461,0.5190484532234902,0.5453512184420178,0.1096767259309172,0.2655139212452568,85.8,0,0
bidmc_47,55,0.6904615384615383,0.0048455433070841,0.6326153846153845,0.518659329052147,0.6322389239193118,0.1101303554135128,0.2885921419391626,87.0,0,0
bidmc_47,60,0.696,0.005434929763894,0.627076923076923,0.5155716056740668,0.6396560121280934,0.1081812765182671,0.2835340774389254,87.1,0,0
bidmc_47,65,0.7015384615384614,0.0072813289638149,0.6203076923076922,0.5211445054460747,0.6828298998743249,0.1077532072487257,0.2970584836534657,86.5,0,0
bidmc_47,70,0.7132307692307691,0.0093327697772942,0.6215384615384614,0.5239777938380986,0.6950276116098967,0.1074518476307942,0.2982503542098918,85.8,0,0
bidmc_47,75,0.726,0.0066332495807108,0.6273333333333332,0.5281827951841472,0.6862844725451652,0.1084713283498669,0.2966945541979215,85.0,0,0
bidmc_47,80,0.7261538461538461,0.0055725447003922,0.6283076923076922,0.5351546018785573,0.6661473086755064,0.1117038546643813,0.2881307755071108,83.7,0,0
bidmc_47,85,0.7243076923076922,0.0050745915392217,0.6147692307692307,0.5173875901802764,0.6310066656574372,0.1088300525748127,0.2848512221674179,82.9,0,0
bidmc_47,90,0.716923076923077,0.0111110585140109,0.598153846153846,0.4979577691150709,0.5538779839922141,0.1176299886425031,0.278240521177392,82.9,0,0
bidmc_47,95,0.6972307692307691,0.0280388572305095,0.5895384615384615,0.4259110850147213,0.4313353119933598,0.1434504246110341,0.2230872664387886,83.2,0,0
bidmc_47,100,0.6904615384615383,0.0065705096935577,0.5833846153846153,0.5232849260603301,0.4712708911432909,0.1354285042940386,0.2146323501523887,84.8,0,0
bidmc_47,105,0.6996923076923076,0.0080706935683717,0.6006153846153844,0.5407982821472521,0.6249621688634813,0.115481174385055,0.2738267341375583,86.8,0,0
bidmc_47,110,0.7093333333333333,0.0049888765156985,0.6066666666666666,0.5594494959950391,0.6396027713405114,0.1198606335186941,0.2921868047130819,86.5,0,0
bidmc_47,115,0.7093333333333333,0.0049888765156985,0.6099999999999999,0.5334300366124455,0.6010959035540824,0.1274483442199846,0.2632889029906892,85.3,0,0
bidmc_47,120,0.7119999999999999,0.0056568542494923,0.6113333333333332,0.5269403614738439,0.6107366780908708,0.115448717840564,0.2646316128063157,85.0,0,0
bidmc_47,125,0.7193333333333333,0.0051207638319124,0.6119999999999999,0.5293558496870442,0.6133378070510628,0.1144565276430707,0.2785951901270619,84.5,0,0
bidmc_47,130,0.7233333333333333,0.003944053188733,0.6173333333333332,0.5308127030394553,0.5694307823949432,0.1104358051458277,0.2470054286985166,83.8,0,0
bidmc_47,135,0.7226666666666666,0.0049888765156985,0.6206666666666666,0.5302910807928422,0.5688619078415539,0.1133876826202754,0.2416774595959293,83.3,0,0
bidmc_47,140,0.7186666666666666,0.0054974741674902,0.6206666666666666,0.5264116763514499,0.5770640314444301,0.1089836270742927,0.2507669493942804,83.0,0,0
bidmc_47,145,0.7153333333333333,0.003944053188733,0.6206666666666666,0.5308495715086814,0.5731526167570593,0.109826877405107,0.2507746137797583,83.3,0,0
bidmc_47,150,0.7186666666666666,0.0044221663871405,0.6179999999999999,0.5463761539704846,0.5730138365492882,0.1118214998950098,0.2485056198324398,83.8,0,0
bidmc_47,155,0.7213333333333333,0.0054974741674902,0.6213333333333332,0.5404637805473608,0.5698850886993587,0.1113104346573922,0.2469192354273452,83.9,0,0
bidmc_47,160,0.7212307692307692,0.0042635096801695,0.6258461538461538,0.5266220635885549,0.5690027276341478,0.1081210364397397,0.2438655178733089,83.4,0,0
bidmc_47,165,0.7206153846153845,0.0037934855402886,0.6252307692307691,0.5249625172319237,0.5707941140319892,0.1070946384975073,0.2465385876327269,83.0,0,0
bidmc_47,170,0.7193846153846153,0.0049230769230769,0.6153846153846152,0.5415319558061121,0.5597972347638331,0.1117179694387365,0.2410605739212717,83.0,0,0
bidmc_47,175,0.7138461538461538,0.0071235919401786,0.6018461538461537,0.536373575749988,0.5610487907371549,0.1126032599849559,0.2403247649580082,83.2,0,0
bidmc_47,180,0.7163076923076923,0.0080706935683717,0.5999999999999999,0.5286685893178572,0.5805468228966996,0.1098219673420462,0.2506645253246302,83.7,0,0
bidmc_47,185,0.7206153846153845,0.0058380510649262,0.6067692307692306,0.5313073267396079,0.5789400543972839,0.1111783144002922,0.2493838486629124,84.0,0,0
bidmc_47,190,0.7169230769230768,0.0038920340432841,0.6079999999999999,0.5212966648235812,0.5812937571487813,0.1134109288754281,0.2528359493636146,83.5,0,0
bidmc_47,195,0.7156923076923076,0.0039881481220971,0.6055384615384614,0.5276052919352848,0.5673145254642183,0.1528851950175941,0.2449650149263186,83.4,0,0
bidmc_47,200,0.7163076923076923,0.0050745915392217,0.6036923076923075,0.5353554941188913,0.5428118130851312,0.1488322515033832,0.2305887416435678,83.9,0,0
bidmc_47,205,0.7187692307692307,0.0052937386258723,0.6079999999999999,0.5238861970011116,0.5626268076588614,0.1109202668880499,0.2457019427613775,84.0,0,0
bidmc_47,210,0.7193846153846154,0.0037934855402886,0.6159999999999999,0.5252911712160413,0.5947827028685039,0.1096590446458432,0.2606787003486025,83.7,0,0
bidmc_47,215,0.7186666666666666,0.0029814239699997,0.6166666666666666,0.527177156756615,0.5892653015459788,0.1080015938707712,0.2568536683282253,83.3,0,0
bidmc_47,220,0.7213333333333333,0.0044221663871405,0.6179999999999999,0.5342868075985628,0.5695559787886186,0.1054893471504073,0.2411073256951315,83.4,0,0
bidmc_47,225,0.722,0.0034641016151377,0.6206666666666666,0.5266441968877866,0.5776448213637263,0.1062200677354016,0.2388451563519172,83.3,0,0
bidmc_47,230,0.722,0.0057735026918962,0.6199999999999999,0.5232182816030252,0.5846642880300212,0.1090630940368823,0.261253522461124,83.0,0,0
bidmc_47,235,0.7246666666666667,0.0060736223860962,0.6219999999999999,0.5279748526099647,0.5704715241098566,0.1088754354682628,0.2462500171135421,83.0,0,0
bidmc_47,240,0.7239999999999999,0.0051639777949432,0.6233333333333332,0.5347953296331887,0.5825542036438163,0.1120082754211962,0.2456508454226757,83.0,0,0
bidmc_47,245,0.7226666666666666,0.0037712361663282,0.6273333333333332,0.5307585745977019,0.5696943577681011,0.1078216863153009,0.2539582481326176,83.0,0,0
bidmc_47,250,0.722,0.0047609522856952,0.6306666666666666,0.5170064384212655,0.5645972145076871,0.1061816869214078,0.248294581706094,83.0,0,0
bidmc_47,255,0.7193846153846154,0.0058380510649262,0.619076923076923,0.5210119644368112,0.5583306775640794,0.1071605432945527,0.2413442038410604,83.0,0,0
bidmc_47,260,0.723076923076923,0.0073846153846153,0.6049230769230768,0.5314295675035672,0.5563261781537092,0.1091656311627652,0.2351051212465283,83.0,0,0
bidmc_47,265,0.7273846153846153,0.0049230769230769,0.606153846153846,0.5294587445526485,0.5729569276745122,0.1119057101327324,0.246890917529151,83.0,0,0
bidmc_47,270,0.7187692307692307,0.0082102548086931,0.6086153846153844,0.5264612414289996,0.5827123104894898,0.1181917909313925,0.2522774604094007,82.9,0,0
bidmc_47,275,0.712,0.0044376015698018,0.6092307692307691,0.5192201810973001,0.558889955212425,0.1100457135905605,0.2406851573323904,83.2,0,0
bidmc_47,280,0.7138461538461538,0.0046051167837217,0.6092307692307691,0.5112474259038641,0.5609360221577971,0.1122770800002657,0.243591618737058,83.8,0,0
bidmc_47,285,0.7175384615384615,0.0048455433070841,0.611076923076923,0.5311638112917033,0.5806660108728331,0.1114381931864787,0.2526244119675971,84.0,0,0
bidmc_47,290,0.7193846153846154,0.0037934855402886,0.6166153846153845,0.5274631886763782,0.5909614958504827,0.1093192919768262,0.2584859919099849,84.0,0,0
bidmc_47,295,0.7199999999999999,0.004618802153517,0.6203076923076922,0.5190973832726977,0.5743609461506441,0.1057879760751869,0.2562156378293181,83.7,0,0
bidmc_47,300,0.7206666666666667,0.006896053621859,0.6213333333333332,0.5248494981209609,0.5438565017444679,0.1119730170146546,0.2416834498185431,83.2,0,0
bidmc_47,305,0.7159999999999999,0.0051639777949432,0.6239999999999999,0.5299849861728371,0.5683353249688866,0.1191274302948437,0.246876957132853,83.0,0,0
bidmc_47,310,0.7153333333333333,0.003944053188733,0.6293333333333332,0.5318280743620455,0.562819208106238,0.1240174084080024,0.2455879359697444,83.5,0,0
bidmc_47,315,0.7146666666666666,0.0037712361663282,0.6306666666666666,0.5246576033146481,0.5667279123461575,0.1402207369578603,0.2480737613739871,84.0,0,0
bidmc_47,320,0.714,0.0047609522856952,0.6286666666666666,0.5279700527390517,0.5672398968620699,0.1366885608449516,0.2571706342523469,84.0,0,0
bidmc_47,325,0.7206666666666667,0.006896053621859,0.6306666666666666,0.5267987765035901,0.5757545168864818,0.1301499548883823,0.257587115980457,84.0,0,0
bidmc_47,330,0.7253333333333333,0.0049888765156985,0.6339999999999999,0.5342474866916246,0.5814889707015092,0.1333917599052206,0.2559149849931642,83.8,0,0
bidmc_47,335,0.7199999999999999,0.004618802153517,0.6379999999999999,0.5340548079105896,0.5596789020916509,0.1099969937168484,0.2468304553367807,83.3,0,0
bidmc_47,340,0.7166666666666667,0.0060736223860962,0.6233333333333332,0.5218396484832752,0.5517610236158109,0.1106771918820355,0.2363563836722259,83.0,0,0
bidmc_47,345,0.7153333333333333,0.0051207638319124,0.6093333333333332,0.5158221489123308,0.5684711105327774,0.1062974951706264,0.2543450410717547,83.5,0,0
bidmc_47,350,0.7146666666666666,0.0037712361663282,0.6113333333333332,0.5238444346725285,0.5598754629798397,0.1078728529515788,0.244294514190355,84.0,0,0
bidmc_47,355,0.7159999999999999,0.004,0.6119999999999999,0.5263904206935288,0.5456071507150907,0.1084913759723389,0.2466126428495771,84.0,0,0
bidmc_47,360,0.7199999999999999,0.004618802153517,0.5876923076923076,0.5218343510850086,0.5256807969131573,0.1076999315951196,0.2496808540429091,84.0,0,0
bidmc_47,365,0.722,0.0057735026918962,0.6146666666666666,0.5155784428267277,0.5572151103525032,0.106445697780097,0.2571250553949229,83.6,0,0
bidmc_47,370,0.7226666666666666,0.0059628479399994,0.6159999999999999,0.5054772327154972,0.5733531130505382,0.1066025939512511,0.2602375828774652,83.1,0,0
bidmc_47,375,0.723076923076923,0.0049994082490067,0.6166153846153845,0.5074613503848491,0.5646385767219293,0.1063095652268093,0.246862997688264,83.0,0,0
bidmc_47,380,0.7218461538461537,0.0063952645202543,0.6215384615384614,0.5153196760733095,0.5687777029437725,0.1063038157213588,0.244485280332533,83.0,0,0
bidmc_47,385,0.7255384615384615,0.0057728193967057,0.627076923076923,0.514475883480325,0.5619321653070759,0.1083271756953094,0.2486314421588933,83.0,0,0
bidmc_47,390,0.7249230769230769,0.0059025618748464,0.6301538461538461,0.5068382074602591,0.5582124687977688,0.1061900338765534,0.2518091578216889,83.0,0,0
bidmc_47,395,0.7226666666666666,0.0049888765156985,0.6313333333333332,0.5094615887722527,0.5676629776521553,0.1079679474127677,0.2490311208722427,83.0,0,0
bidmc_47,400,0.7273333333333333,0.0051207638319124,0.6306666666666666,0.5076917617023124,0.5729027889663638,0.101472320026012,0.2507734446813288,83.0,0,0
bidmc_47,405,0.7273333333333333,0.0060736223860962,0.6279999999999999,0.5138893543418399,0.5643851776192286,0.1321959080055161,0.240853381784462,82.8,0,0
bidmc_47,410,0.7253333333333333,0.0049888765156985,0.6299999999999999,0.5143831965368821,0.5691578204689267,0.1054047483498116,0.2506649010113826,82.4,0,0
bidmc_47,415,0.7246666666666667,0.003944053188733,0.6326666666666666,0.5115016698560446,0.5601109168123249,0.1046116450345112,0.248764953207764,82.6,0,0
bidmc_47,420,0.73,0.0080829037686547,0.6373333333333332,0.5149513137265518,0.5773587781945337,0.1052809642981158,0.2572310143599618,83.0,0,0
bidmc_47,425,0.7335384615384615,0.0072813289638149,0.6227692307692306,0.5242321796806714,0.564626648816075,0.1089204869402889,0.24548640976729,82.6,0,0
bidmc_47,430,0.7261538461538461,0.0063952645202543,0.611076923076923,0.5210235834933654,0.5634049288950022,0.110645802278893,0.252626430689352,82.1,0,0
bidmc_47,435,0.7199999999999999,0.004618802153517,0.6153846153846152,0.5008709640701503,0.5778569020979633,0.1041335694498944,0.2590118389613853,82.3,0,0
bidmc_47,440,0.7233333333333333,0.0060736223860962,0.6166666666666666,0.4967191967885872,0.576358712098706,0.1012214863648585,0.246147348843245,82.8,0,0
bidmc_47,445,0.7253333333333333,0.0059628479399994,0.6153333333333332,0.5060644817555727,0.5830871503566434,0.1019521584711841,0.2537390397819314,83.0,0,0
bidmc_47,450,0.7206666666666667,0.0051207638319124,0.6153333333333332,0.4930482232352515,0.5771047797342279,0.1035737243533914,0.2606911823817531,83.0,0,0
bidmc_47,455,0.718,0.0057735026918962,0.6179999999999999,0.4872363324614855,0.5776313671677001,0.1056974828634274,0.2611594212219179,83.0,0,0
bidmc_47,460,0.7159999999999999,0.0061101009266077,0.6226666666666666,0.4942070036960437,0.5615782486958275,0.1092200290433693,0.2469463014553291,83.3,0,0
bidmc_47,465,0.7246666666666667,0.0089193921068397,0.6273333333333332,0.495267547664905,0.5542084126762058,0.1125295703154998,0.24087174062524,83.8,0,0
bidmc_47,470,0.7306666666666666,0.0335194802399374,0.6393333333333332,0.4386680942017469,0.5840442125537587,0.1315511011386131,0.2724929482291264,83.6,0,0
bidmc_48,0,0.5565,0.0176564435830095,0.1143529411764705,1.110125574647116,0.7844145197489718,0.2408871874609781,0.4974236434441994,101.0,1,2
bidmc_48,5,0.5585,0.0339668956485575,0.094,1.1088650617229532,0.5922798230506207,0.237100100759466,0.4194159369089982,106.9,1,2
bidmc_48,10,0.6058666666666667,0.0376897274539834,0.3413333333333333,1.0731788472932462,0.9871864795857468,0.2218047933157503,0.5580137392503771,107.1,1,2
bidmc_48,15,0.6047999999999999,0.0197693365257073,0.3485,1.0989357316784805,1.2006412961093933,0.2444346010219037,0.6482782645214319,100.9,1,2
bidmc_48,20,0.5946666666666666,0.0095405567039991,0.2144,1.0928854541857889,1.1305161866870117,0.2206658716528667,0.5894821247324257,98.9,0,0
bidmc_48,25,0.5925333333333332,0.0094506907448903,0.202,1.0917750903643826,1.1308504752055877,0.2833206931620135,0.5619847305113509,100.7,1,2
bidmc_48,30,0.5685,0.0184323085911667,0.0729411764705882,1.0403986481701593,1.0306585109794684,0.2985201464215744,0.5124864365054402,101.7,1,2
bidmc_48,35,0.5725,0.0837600740209797,0.136,0.8529586883679218,0.7808237732310666,0.3526041409305871,0.4374365399303581,103.8,1,2
bidmc_48,40,0.5605,0.0417103104759482,0.1665,0.908260682298849,0.8133026490722286,0.2678953986407565,0.4644141047327766,107.6,1,2
bidmc_48,45,0.6114285714285713,0.0202192068719475,0.1434666666666667,1.0548796892334464,1.1725277031908443,0.210144877569955,0.634830506871966,106.7,1,2
bidmc_48,50,0.5887999999999998,0.0181959702498474,0.054,1.070350326370458,1.151460513069839,0.2181066483377981,0.6252582158038109,101.1,1,2
bidmc_48,55,0.5720000000000001,0.0113137084989847,0.0569411764705882,1.10016001382026,1.0717229690856376,0.2367672292117793,0.5633341385834972,101.0,1,2
bidmc_48,60,0.5866666666666667,0.0295987987744247,0.1770666666666666,1.1014031234148831,0.9284736963513596,0.2242769081640547,0.503452838812322,104.2,1,2
bidmc_48,65,0.6117333333333332,0.0264309582791762,0.345,1.0872861272521237,1.005464176486767,0.2150448675968572,0.5793751928583768,103.0,1,2
bidmc_48,70,0.6188571428571429,0.0310733168555943,0.3937142857142857,1.0365816200565097,1.0301236213116765,0.2130731768842055,0.6030296336493373,99.0,0,0
bidmc_48,75,0.6127999999999999,0.0311623704703819,0.4106666666666665,1.027575610185704,1.0386615502809684,0.2210548877287774,0.553602056052502,97.3,0,0
bidmc_48,80,0.5989333333333332,0.0159644048502354,0.2775,1.0627550242125725,1.1074191990343114,0.220812860185616,0.581620038722221,97.7,0,0
bidmc_48,85,0.5845,0.0345796182743534,0.166,1.037371173786236,1.1236131730536658,0.2178628183735643,0.582562012152888,99.3,0,0
bidmc_48,90,0.5795,0.0132570735835628,0.0254117647058823,1.1117197062748478,1.007057353387928,0.2260029388652489,0.5096618804219847,101.5,1,2
bidmc_48,95,0.5962666666666666,0.0284522211591448,0.1834666666666667,1.120576234997564,0.9251230683561992,0.2279713702277951,0.4826801060834996,102.7,1,2
bidmc_48,100,0.608,0.0224380628991601,0.3343999999999999,1.131958694734803,1.0833905291162478,0.2274032757670093,0.5566316532260294,101.2,1,2
bidmc_48,105,0.5946666666666666,0.0142111067674391,0.1325,1.076281381890292,1.1313447049414962,0.2391982801514712,0.6045896764427169,99.2,0,0
bidmc_48,110,0.5830000000000001,0.014933184523068,0.068,1.0785118069822284,1.0391021758791252,0.2471871446251127,0.5329157031903085,100.1,1,2
bidmc_48,115,0.5877333333333332,0.0251063515646716,0.1455,1.1151788757733438,0.9420689806752796,0.2265417285905423,0.5005449000270699,102.4,1,2
bidmc_48,120,0.6053333333333332,0.0188561808316412,0.211,1.0858605382636222,1.0798455643351843,0.2148743949585852,0.5569542935928086,102.3,1,2
bidmc_48,125,0.5967999999999999,0.0174783675820522,0.1877333333333333,1.078798005680037,1.0402915038948248,0.23178773885241,0.5457521350316085,100.5,1,2
bidmc_48,130,0.6053333333333332,0.0190811134079982,0.1785,1.0945360685427836,1.0320992896168248,0.2234463922384559,0.5640156248618512,100.1,1,2
bidmc_48,135,0.5962666666666666,0.0167470063659814,0.1015,1.088401294126184,1.191359397915483,0.2163815724122034,0.6074769807290894,99.8,0,0
bidmc_48,140,0.5840000000000001,0.0119999999999999,0.0575,1.0989336931355669,1.1145878548881156,0.2212834039070469,0.5497605754737591,100.5,1,2
bidmc_48,145,0.5805,0.0109430343141196,0.195,1.102984928471193,1.0721718069925037,0.2374559638544517,0.538095520192477,102.4,1,2
bidmc_48,150,0.5877333333333332,0.0108779082956646,0.3221333333333333,1.0797318638898186,1.0690773823371362,0.2209669211386082,0.5261305720763209,103.1,1,2
bidmc_48,155,0.584,0.0113137084989847,0.220235294117647,1.0896237930592667,1.0738811507092847,0.2241673118796518,0.5360879162144112,102.6,1,2
bidmc_48,160,0.5802666666666666,0.0081932221310598,0.0195,1.011460029529298,1.0679826031757396,0.223305735594017,0.5223463025899867,102.6,1,2
bidmc_48,165,0.5825,0.0113907857498945,0.052235294117647,1.0780594293854835,1.083384304627964,0.221605214082966,0.5281336792437386,103.3,1,2
bidmc_48,170,0.5877333333333332,0.012688402403595,0.1265,1.087918111853999,1.076577796735604,0.2221305807034457,0.5398003481401332,103.1,1,2
bidmc_48,175,0.5894999999999999,0.0112138307460029,0.125,1.1011983970471246,1.0454290825114287,0.2241273996769639,0.5108109824976982,102.3,1,2
bidmc_48,180,0.5957333333333332,0.01365999837319,0.288,1.099404671420093,1.0592208453409222,0.2245001909770786,0.5260302788270228,101.8,1,2
bidmc_48,185,0.5934999999999999,0.013919410907075,0.3435,1.1128667233226484,1.0852562568634223,0.2252170840167591,0.5321315912828187,101.3,1,2
bidmc_48,190,0.5925333333333332,0.0114883515885536,0.2896,1.100972068520197,1.067295126473211,0.2240371307869977,0.5370989595523702,101.0,1,2
bidmc_48,195,0.5914999999999999,0.0131053424220811,0.3105,1.0906999769945314,1.0754669840435438,0.222634416281293,0.511615625410423,101.2,1,2
bidmc_48,200,0.5909333333333332,0.0123475593629762,0.1659999999999999,1.0952692220320457,1.059816987513032,0.2230530805602611,0.5152553355288102,101.2,1,2
bidmc_48,205,0.5865,0.0112138307460029,0.0565,1.1094599318870535,1.1071394847452285,0.2270693712353979,0.5339361214785061,101.5,1,2
bidmc_48,210,0.5861333333333333,0.0118539257444761,0.061,1.0739872075006371,1.0594462546545227,0.2234787328801936,0.5140387861867268,102.0,1,2
bidmc_48,215,0.5865,0.0096824583655185,0.063,1.0660966570666286,1.0420190751232692,0.2260816804477904,0.5050476098090065,102.0,1,2
bidmc_48,220,0.5786666666666666,0.0090823393951607,0.0517333333333333,1.090245426872838,1.0390829320752912,0.2230919179664862,0.5520681115077295,102.4,1,2
bidmc_48,225,0.5941333333333333,0.0316604204365991,0.2458666666666667,1.0982107345489345,0.9767472785445684,0.2298253782094747,0.5759264250941677,103.3,1,2
bidmc_48,230,0.6192,0.0319733222129533,0.3024,1.1219219928382052,1.0304907479873615,0.2257216773630222,0.5312709639279106,101.7,1,2
bidmc_48,235,0.6122666666666666,0.0256111087008916,0.2912,1.1089263425392182,1.1059311783123995,0.2858486829648125,0.554186860184602,97.9,0,0
bidmc_48,240,0.6031999999999998,0.0136391593093807,0.4378666666666665,1.0937017203316242,1.099315581718304,0.2200127170782338,0.5411072020604611,97.5,0,0
bidmc_48,245,0.5954999999999999,0.011651180197731,0.4469999999999999,1.095493406379744,1.1359709191654428,0.2254522978645942,0.5498922332894827,99.4,0,0
bidmc_48,250,0.5962666666666665,0.0108779082956646,0.3994666666666666,1.0850136846689131,1.0982138010645208,0.2225801602627718,0.5418285066076948,100.5,1,2
bidmc_48,255,0.5952,0.0108517279730004,0.414,1.10019720245992,1.110900445380166,0.2197986160305285,0.5407085557615104,101.0,1,2
bidmc_48,260,0.5925333333333332,0.0111107555498664,0.3637333333333333,1.1023637687529808,1.0762493565243227,0.2252062124342243,0.5210835189965639,101.0,1,2
bidmc_48,265,0.5871999999999998,0.0096,0.3055,1.0785876534851933,1.0996055312461084,0.2271087080364646,0.5330218203325341,101.4,1,2
bidmc_48,270,0.5765,0.009578622030334,0.0898823529411764,1.148830569034451,0.9126174060556383,0.2432596858723174,0.4654581082684051,102.3,1,2
bidmc_48,275,0.5765,0.0230597051152004,0.185,1.1093364293042765,0.685928867234442,0.2449852658775383,0.4536325923112719,104.0,1,2
bidmc_48,280,0.6015999999999998,0.0274342851191715,0.4375,1.078474864043268,0.8073321564131161,0.2235917655141152,0.5056677128632161,104.7,1,2
bidmc_48,285,0.6159999999999999,0.0140095205723346,0.4127999999999999,1.0857671043249673,1.0615780741310794,0.2127486389518977,0.5546636626914618,101.3,1,2
bidmc_48,290,0.6133333333333333,0.0129546216549238,0.353,1.072834839626168,1.1248183523473545,0.2115871345347271,0.5698746486541326,98.2,0,0
bidmc_48,295,0.6037333333333332,0.0314440596756985,0.2302857142857143,1.003158956384261,1.1614608092803445,0.2117106823240557,0.6045495773321815,98.0,0,0
bidmc_48,300,0.6106666666666666,0.0122782553954361,0.2165333333333333,1.0690423732546517,1.119615539082991,0.222097038970677,0.5840775224511677,98.1,0,0
bidmc_48,305,0.6085333333333333,0.0118539257444762,0.2186666666666666,1.0688827799473422,1.0961087664811398,0.2205899203384455,0.5451101526037762,98.1,0,0
bidmc_48,310,0.6106666666666666,0.0122782553954361,0.3155,1.076673780140489,1.066605815527503,0.2147955871595506,0.5239197588718738,98.2,0,0
bidmc_48,315,0.6106666666666666,0.0135973853695807,0.256,1.0864513813342735,1.0315437874167277,0.2151572274552929,0.5067359527734919,98.4,0,0
bidmc_48,320,0.6137142857142857,0.0118769198233294,0.2981333333333333,1.065636253160863,1.0614674938912902,0.2150422482068018,0.5277117883222141,98.2,0,0
bidmc_48,325,0.6148571428571428,0.0099631975852358,0.3148571428571429,1.1035733408570527,1.0897935361813147,0.2455542002418878,0.5505951171112037,98.0,0,0
bidmc_48,330,0.6085333333333333,0.0098918597285287,0.5199999999999998,1.0948543461404947,1.053180165598577,0.2236530935743474,0.5291770392788081,98.0,0,0
bidmc_48,335,0.6063999999999999,0.0110078759682935,0.5541333333333331,1.088366104916077,1.0586653515661992,0.2808825768984339,0.5288332076395682,98.4,0,0
bidmc_48,340,0.6111999999999999,0.0119733036376766,0.5951999999999998,1.0711647897650187,1.0591735122528707,0.2142776656788921,0.5135620318434864,98.7,0,0
bidmc_48,345,0.6114285714285713,0.0123618900873051,0.5194666666666665,1.0668220547475633,1.0865298181466303,0.2133844691622847,0.5290306203301165,98.4,0,0
bidmc_48,350,0.6102857142857142,0.0129803619332577,0.5142857142857141,1.0690035480504083,1.0828071329238242,0.2376074491286307,0.5415186664419275,98.2,0,0
bidmc_48,355,0.6101333333333332,0.0111107555498664,0.5225,1.0522109250601568,1.0565362368049596,0.2382675441664392,0.526248680263441,98.1,0,0
bidmc_48,360,0.6090666666666666,0.0104783374423405,0.5199999999999999,1.0796101602392938,1.0483142387960789,0.2864634038230985,0.5182609798801607,98.1,0,0
bidmc_48,365,0.6112,0.0112380306697095,0.4821333333333332,1.0815306696512157,1.0438015056579395,0.2168905552751601,0.5075963168098586,98.5,0,0
bidmc_48,370,0.6106666666666666,0.0115623911406287,0.4544999999999999,1.0747218610152045,1.0501824869717715,0.2149437293676966,0.5087018924435985,98.5,0,0
bidmc_48,375,0.605142857142857,0.0111538407405389,0.3942857142857142,1.0742399175156492,1.048557353071747,0.2239445953461473,0.5168794464800599,98.4,0,0
bidmc_48,380,0.6058666666666667,0.0098918597285287,0.4095999999999999,1.087094636715838,1.031146066253392,0.2222254762064162,0.5324257010201043,99.0,0,0
bidmc_48,385,0.6069333333333332,0.0076547733836839,0.349,1.0112330245343846,1.05700024583899,0.2174028653056777,0.5189013846320466,99.2,0,0
bidmc_48,390,0.5945,0.0312049675532598,0.2538666666666667,1.0337992702214518,1.083155252891025,0.2177092172786529,0.5524547264170944,99.2,0,0
bidmc_48,395,0.6005333333333333,0.0089878930913881,0.2106666666666666,1.091980430838988,1.0171721025170606,0.2220285198496312,0.511959569752379,99.7,0,0
bidmc_48,400,0.6015999999999999,0.0097761614825724,0.274,1.0928282380102987,1.0401027570323795,0.2214603137113762,0.5090432024476816,100.0,0,0
bidmc_48,405,0.6106666666666666,0.0132798929045213,0.3733333333333333,1.0847870508651971,1.073213982806085,0.2172918406167102,0.51615642621145,99.8,0,0
bidmc_48,410,0.6154285714285714,0.0106751666812968,0.4549333333333332,1.094791878282846,1.075424844777363,0.2180615106896611,0.5159902343685185,98.8,0,0
bidmc_48,415,0.6142857142857141,0.0109767844070277,0.3376,1.099255146821246,1.0878104604170111,0.2179053471081592,0.5502608390823486,97.7,0,0
bidmc_48,420,0.6117333333333332,0.0116359595889447,0.2737142857142857,1.0919680998392405,1.0297377704577664,0.2244172224978303,0.5492603470459216,97.7,0,0
bidmc_48,425,0.6122666666666665,0.0119970366711488,0.4810666666666666,1.0899007617149628,1.0593890826557095,0.2395936558972353,0.5197542886144181,98.1,0,0
bidmc_48,430,0.5978666666666665,0.015028269657179,0.4109999999999999,1.0960270202922269,0.9402027540533616,0.2179391278604937,0.4668420417622197,98.4,0,0
bidmc_48,435,0.5725,0.0171973835219198,0.276235294117647,1.0653779429907912,0.7839121292385314,0.287336365940492,0.4759000154152425,100.2,1,2
bidmc_48,440,0.5392941176470589,0.0273103400066765,0.3339999999999999,0.9441152243214208,0.5872585049078815,0.3004940361400529,0.5478064769684898,107.8,1,2
bidmc_48,445,0.5111111111111111,0.0121878304007129,0.2706666666666666,1.0360954835089462,0.6780694205466992,0.2685421869743405,0.4780760535586949,116.3,1,2
bidmc_48,450,0.503578947368421,0.015458997684788,0.1578947368421052,1.0144287817921829,1.0179452422485606,0.2264705891057273,0.5499038928719823,119.0,1,2
bidmc_48,455,0.5642352941176471,0.0517818153542735,0.2689999999999999,1.06706825200222,1.0890984214127637,0.2208144196747371,0.5620838961334939,117.4,1,2
bidmc_48,460,0.5839999999999999,0.0315974682530103,0.287,1.0826437534508486,1.064470671591378,0.2280169106265228,0.5802104256353064,109.0,1,2
bidmc_48,465,0.5524705882352942,0.0206201433413709,0.0495,1.063124341596576,1.0297982564464154,0.2284007124173164,0.5465375043796712,104.3,1,2
bidmc_48,470,0.6031999999999998,0.0507480048868918,0.3429333333333333,1.1134161114990946,1.0344345241968549,0.216731325831076,0.5227651907235932,106.3,1,2
bidmc_49,0,0.707076923076923,0.0066847879945847,0.6806153846153845,0.2270381226913185,0.2861106904711547,0.1131378676849908,0.1396796256062911,84.9,0,0
bidmc_49,5,0.704,0.005434929763894,0.683076923076923,0.2360032989887845,0.2856617196611622,0.1132104180396494,0.1381360269521981,85.0,0,0
bidmc_49,10,0.7003076923076923,0.0059663752091277,0.635076923076923,0.2414415065884242,0.2798055016520664,0.1150331072963715,0.1395370127526161,85.2,0,0
bidmc_49,15,0.7027692307692307,0.0082102548086931,0.6356923076923077,0.237612577115426,0.2580993090616122,0.1104500054190942,0.1285390827065664,85.7,0,0
bidmc_49,20,0.7033333333333333,0.0082999330653258,0.6766666666666666,0.235333482958462,0.2668053485004925,0.1107495553035492,0.1332034148637933,85.6,0,0
bidmc_49,25,0.7053333333333333,0.007180219742846,0.6573333333333332,0.2283512845476112,0.2604688013786317,0.111354279391053,0.1344418837287443,85.1,0,0
bidmc_49,30,0.6984615384615384,0.008527019360339,0.6586666666666666,0.2297097317367669,0.2391511272530347,0.1161669022284922,0.1214456924119428,85.3,0,0
bidmc_49,35,0.6966153846153845,0.0066278951472424,0.6572307692307692,0.2381423367403294,0.2226900091718485,0.1154824781723859,0.1148945717288539,85.8,0,0
bidmc_49,40,0.7027692307692307,0.0087894503735912,0.6572307692307692,0.2291124278811838,0.2403562499493568,0.1146120120385025,0.1201037902932115,85.9,0,0
bidmc_49,45,0.7009230769230768,0.0080236337294801,0.6615384615384615,0.2253507374383224,0.2614505837978478,0.1139932175236782,0.1268047555480717,85.5,0,0
bidmc_49,50,0.6984615384615384,0.0065705096935577,0.6603076923076923,0.2333843826353616,0.2640196663902198,0.1164639697073099,0.1273100291481334,85.6,0,0
bidmc_49,55,0.7003076923076923,0.0067412007077558,0.6603076923076923,0.2323849944408572,0.2950413099405508,0.1126518001291234,0.1453321929442662,86.0,0,0
bidmc_49,60,0.6999999999999998,0.0061101009266077,0.6646666666666666,0.2358648449175383,0.2627335991521489,0.1115236990964846,0.138755470324433,86.0,0,0
bidmc_49,65,0.702,0.0047609522856952,0.6633333333333332,0.2434769071900941,0.2289627879554084,0.1134602446474431,0.1132382639147799,86.0,0,0
bidmc_49,70,0.7046153846153845,0.0066278951472424,0.6646153846153845,0.2435662483827859,0.2411924876076388,0.1152039366644403,0.1224145686798466,85.6,0,0
bidmc_49,75,0.7052307692307692,0.0069076751755826,0.6418461538461538,0.2460435340150577,0.2229418846950928,0.1164710172350956,0.1232144814742768,85.1,0,0
bidmc_49,80,0.7083076923076922,0.0074357205991351,0.6418461538461538,0.2380196291385488,0.2333529371514027,0.1133195907472223,0.1221786375598935,85.0,0,0
bidmc_49,85,0.7083076923076922,0.0080706935683717,0.6695384615384614,0.2268207515967495,0.2614493621129981,0.1132955797775445,0.1274479941684506,85.0,0,0
bidmc_49,90,0.7046153846153845,0.0085713158628825,0.6732307692307692,0.2339063254843574,0.2525303818199133,0.1143846917447544,0.1246742974883214,85.0,0,0
bidmc_49,95,0.7058461538461539,0.0083927271981451,0.6763076923076923,0.2395167788704162,0.2237258624981708,0.1200561656460104,0.1146417699712334,85.0,0,0
bidmc_49,100,0.707076923076923,0.0086153846153846,0.6818461538461538,0.2226039586756603,0.2395475252092,0.1143606511662399,0.1190415605547164,85.0,0,0
bidmc_49,105,0.7058461538461539,0.0094936914587947,0.6719999999999999,0.2333319443776406,0.2733730448065733,0.1130844210647747,0.1292561615365028,85.0,0,0
bidmc_49,110,0.7066666666666666,0.0059628479399994,0.598,0.2420652064356886,0.2587897620445838,0.1142098267621274,0.1549430502094149,85.0,0,0
bidmc_49,115,0.706,0.0066332495807108,0.5179999999999999,0.2431041154203099,0.2000617870486395,0.1139785146317297,0.1554325921499836,85.0,0,0
bidmc_49,120,0.6966153846153845,0.0085713158628825,0.6399999999999999,0.2488490911426182,0.1783696392312227,0.1140284319942941,0.1111571574767378,85.1,0,0
bidmc_49,125,0.6929230769230769,0.0080236337294801,0.6523076923076923,0.2452765022124585,0.2461413182342148,0.1133324731313036,0.1190556384279926,85.8,0,0
bidmc_49,130,0.6972307692307691,0.0069076751755826,0.6135384615384615,0.2456895454471861,0.2551131837388791,0.1133198438023168,0.1262662240655918,86.4,0,0
bidmc_49,135,0.7003076923076923,0.0189873829175895,0.6203076923076922,0.181671886968245,0.2425208088247283,0.1147406585421455,0.1204799108706197,86.2,0,0
bidmc_49,140,0.7076923076923076,0.043208589985334,0.6246153846153846,0.217219658505445,0.2504746306326597,0.1151890526169011,0.119443757384814,85.6,0,0
bidmc_49,145,0.7153333333333333,0.0082999330653258,0.6699999999999999,0.2382809547578718,0.2717205786697792,0.1140337459851266,0.1270839824643859,84.8,0,0
bidmc_49,150,0.718,0.0098657657246325,0.6713333333333332,0.2392163462508401,0.2788346544618956,0.1136071423533723,0.1379513594578893,84.2,0,0
bidmc_49,155,0.7175384615384615,0.0072813289638149,0.668923076923077,0.2457319438655083,0.2709330042755838,0.1143600774141597,0.131014514771243,84.0,0,0
bidmc_49,160,0.7169230769230768,0.0066847879945847,0.6701538461538461,0.2297906628042526,0.2645790099416683,0.1138485411451313,0.1258279139912247,84.0,0,0
bidmc_49,165,0.7156923076923076,0.0067412007077558,0.6719999999999999,0.2438385308368016,0.2580135376145964,0.1142682221636794,0.1243475932067513,84.0,0,0
bidmc_49,170,0.7113846153846153,0.0141939231934409,0.6769230769230768,0.1741381132232259,0.2663348662827116,0.1133464304597661,0.1276468054539264,84.1,0,0
bidmc_49,175,0.7033846153846153,0.0134824014155117,0.6793846153846153,0.1767637756174749,0.2832625163637858,0.1104751683543041,0.1353776799411533,84.6,0,0
bidmc_49,180,0.7046153846153845,0.0066278951472424,0.684923076923077,0.241272517889541,0.2650833713207026,0.1107177062210582,0.1354927727723145,85.0,0,0
bidmc_49,185,0.7033333333333333,0.006896053621859,0.6381538461538461,0.2446806365710119,0.2312228172175428,0.1107242880042761,0.1283566545924273,85.0,0,0
bidmc_49,190,0.702,0.0066332495807108,0.6246666666666666,0.2391620963437051,0.248258224611515,0.1145411114179004,0.1230618048825974,85.2,0,0
bidmc_49,195,0.6984615384615385,0.0048455433070841,0.6593333333333332,0.2370546531313186,0.2275577721611559,0.1136233998457133,0.123261625597856,85.6,0,0
bidmc_49,200,0.6966153846153845,0.0058380510649262,0.6178461538461538,0.2370727224067129,0.2074822229195493,0.1155657652741136,0.1354348813844867,85.9,0,0
bidmc_49,205,0.7027692307692307,0.0087894503735912,0.5987692307692306,0.2429475381534322,0.1782371874787525,0.1125417368525571,0.1250842746936195,86.0,0,0
bidmc_49,210,0.7113846153846153,0.0091276289071946,0.6578461538461539,0.2437858754226271,0.2195772394112815,0.1134286531783682,0.1113015583416429,85.5,0,0
bidmc_49,215,0.712,0.0062757163244218,0.6566153846153846,0.2425779456079155,0.2639543320093198,0.1145871045408595,0.1280371832771904,84.5,0,0
bidmc_49,220,0.7095384615384616,0.0072813289638149,0.6572307692307692,0.2455440748861518,0.2532773236253415,0.1170617187681348,0.1370746066148217,84.2,0,0
bidmc_49,225,0.7107692307692308,0.0075869710805772,0.668923076923077,0.2364833355400026,0.2600084868733327,0.1131873187056513,0.1386573183589253,84.2,0,0
bidmc_49,230,0.7064615384615384,0.0079286761395231,0.6732307692307692,0.2304583436720799,0.2518599207794218,0.1119269096362043,0.1237353743812048,84.5,0,0
bidmc_49,235,0.7046666666666667,0.006896053621859,0.6753333333333332,0.2250288324063596,0.2482298722654422,0.1118144850095805,0.1369283923183759,85.1,0,0
bidmc_49,240,0.7026666666666666,0.007180219742846,0.6713333333333332,0.2279114432650605,0.2694056587727019,0.1121881044431365,0.1510242377980684,85.3,0,0
bidmc_49,245,0.6996923076923076,0.0086592290950586,0.668,0.2559197618796794,0.2691974589534801,0.1169383470889255,0.1327842121468456,85.5,0,0
bidmc_49,250,0.699076923076923,0.0073846153846153,0.668923076923077,0.2299689772242721,0.2813114395463206,0.1157625023727829,0.1354272029816152,85.8,0,0
bidmc_49,255,0.7052307692307692,0.0087894503735912,0.6683076923076923,0.2436603965485857,0.2802892692399659,0.1187644435582426,0.1349086267229667,85.8,0,0
bidmc_49,260,0.7138461538461538,0.0077840680865683,0.6744615384615386,0.2417172176118391,0.27252350793739,0.1153612589670273,0.1304803880332588,85.0,0,0
bidmc_49,265,0.7138461538461538,0.0077840680865683,0.6824615384615385,0.2410512473468968,0.2848479916241537,0.115359502261002,0.1356988367644125,84.2,0,0
bidmc_49,270,0.7132307692307692,0.0082102548086931,0.6836923076923077,0.2479077930705282,0.2775537250878022,0.1176644847806846,0.1317017234967734,84.0,0,0
bidmc_49,275,0.6966153846153845,0.0678431884926708,0.6359999999999999,0.2437416285117768,0.2636890085986111,0.1166110577104434,0.1252919787818379,84.0,0,0
bidmc_49,280,0.7107692307692308,0.0407735846731752,0.6079999999999999,0.2080360530890352,0.2649026591210033,0.1140173864030704,0.1246010249042895,84.2,0,0
bidmc_49,285,0.7132307692307692,0.0082102548086931,0.6443076923076922,0.2595644016168842,0.2454772704408485,0.112471539735363,0.1186932215567032,84.4,0,0
bidmc_49,290,0.7095384615384616,0.0065705096935577,0.6449230769230768,0.2619642538936622,0.2119874530823167,0.1153335405135261,0.1036169477993725,84.2,0,0
bidmc_49,295,0.7126153846153845,0.0073331540232695,0.6516923076923077,0.2533079314410152,0.2261559427524829,0.1161579664643591,0.1054158457506575,84.1,0,0
bidmc_49,300,0.7169230769230768,0.0059025618748464,0.6559999999999999,0.260051716929185,0.2376543398517135,0.1165304103568446,0.1097854887339424,84.1,0,0
bidmc_49,305,0.7089230769230769,0.0142205784717431,0.6627692307692308,0.2499242225334717,0.1923546621982471,0.1199626359713066,0.0957800505422298,84.1,0,0
bidmc_49,310,0.699076923076923,0.0115456387934115,0.667076923076923,0.2317394375186141,0.1644545349931721,0.1186803881492866,0.0799410780039868,84.9,0,0
bidmc_49,315,0.7052307692307692,0.0087894503735912,0.6707692307692308,0.2475698035975745,0.2062834377205278,0.1120566323460729,0.0981634745839421,85.7,0,0
bidmc_49,320,0.7159999999999999,0.0089442719099991,0.6819999999999999,0.2457844286717335,0.2326807275786163,0.112539182744662,0.1488372648142,85.1,0,0
bidmc_49,325,0.7233333333333333,0.0100443461155462,0.6819999999999999,0.2556866305948923,0.23521509271233,0.112032794171186,0.163679359986792,84.0,0,0
bidmc_49,330,0.7313333333333333,0.0060736223860962,0.6313846153846152,0.2508097929238745,0.2589711955797941,0.1101686424279894,0.1590699646259402,83.0,0,0
bidmc_49,335,0.7255384615384615,0.0079286761395231,0.6393846153846153,0.2544857302327405,0.2100482420725225,0.1117614766498369,0.1465042232132436,82.3,0,0
bidmc_49,340,0.7246666666666667,0.006896053621859,0.6906666666666665,0.249119925781832,0.1834010521740964,0.1088742774693133,0.1160845842933331,82.6,0,0
bidmc_49,345,0.7319999999999999,0.0061101009266077,0.6919999999999998,0.245060998320906,0.2691900326927235,0.106838485631888,0.1323720563545405,82.6,0,0
bidmc_49,350,0.7233333333333333,0.0089193921068397,0.6933333333333332,0.2458690689815678,0.2990367702038524,0.1084342779251725,0.144919295754211,82.2,0,0
bidmc_49,355,0.714,0.0073936910042729,0.6926666666666667,0.244892718527433,0.2984667807016204,0.1103071551153119,0.1423412065849391,82.9,0,0
bidmc_49,360,0.7066666666666666,0.0059628479399994,0.6739999999999999,0.2445910909364452,0.2802491585124771,0.1146288013727375,0.1339730065572565,84.1,0,0
bidmc_49,365,0.7126666666666667,0.006896053621859,0.6599999999999999,0.2425380068196634,0.2710636944731772,0.1140343147492257,0.1311418633564797,84.8,0,0
bidmc_49,370,0.7133333333333333,0.0054974741674902,0.6593333333333332,0.2410263116847767,0.2706545279183744,0.1249472765616193,0.1291159258303706,84.5,0,0
bidmc_49,375,0.7186666666666666,0.007180219742846,0.6613333333333332,0.2313040778780093,0.2631630733989418,0.1183040576491988,0.124959930966507,84.0,0,0
bidmc_49,380,0.722,0.0080829037686547,0.6633333333333332,0.2249584246875194,0.2582926898469757,0.1172762467355738,0.1246584073088071,83.7,0,0
bidmc_49,385,0.7153333333333333,0.0089193921068397,0.668,0.2326733392375476,0.2696653522419111,0.1104381847011933,0.1338086442659597,83.3,0,0
bidmc_49,390,0.7113333333333333,0.006896053621859,0.6666666666666666,0.2374004711881802,0.2957510572180024,0.1106154262400053,0.1374301909721451,83.6,0,0
bidmc_49,395,0.7153333333333333,0.006896053621859,0.6686666666666666,0.2501514764232838,0.2954094951650845,0.1105732916438206,0.1403398081129553,84.1,0,0
bidmc_49,400,0.7253333333333333,0.0075424723326565,0.6739999999999999,0.2467440975131382,0.2757883477493026,0.1109574679741153,0.1288187118008854,83.7,0,0
bidmc_49,405,0.7226666666666666,0.0075424723326565,0.6786666666666666,0.2389609709159226,0.2663959032251747,0.1125256486314265,0.1236647162234029,83.1,0,0
bidmc_49,410,0.726,0.0087177978870813,0.6773333333333333,0.2327019980264373,0.2573438154779993,0.1146945439416722,0.1268753277929166,83.0,0,0
bidmc_49,415,0.73,0.0087177978870813,0.676,0.2382758873808951,0.2582224583158966,0.1124466261074451,0.1242930223688399,82.7,0,0
bidmc_49,420,0.7218461538461539,0.0094936914587947,0.6793846153846153,0.2353442485783679,0.2708044230307793,0.1129206780686565,0.1262566595052228,82.5,0,0
bidmc_49,425,0.712,0.0083019923466043,0.6806153846153845,0.2366733385183081,0.2800210044137309,0.117491399255921,0.1313535162529939,83.0,0,0
bidmc_49,430,0.7076923076923076,0.0067412007077558,0.6806153846153846,0.2443214801797054,0.2819477560408317,0.118588544827213,0.1317560979579698,84.1,0,0
bidmc_49,435,0.7126153846153845,0.0091276289071946,0.6855384615384614,0.2445262234192159,0.2823757550767259,0.1145979232743508,0.130517439666133,84.8,0,0
bidmc_49,440,0.7169230769230768,0.0080236337294801,0.6886153846153845,0.2442306045959737,0.2759520099526279,0.1121732115296473,0.1309908517391074,84.4,0,0
bidmc_49,445,0.7224615384615384,0.008527019360339,0.6732307692307692,0.2503327155252182,0.2479354747629497,0.1108257657178203,0.1201813935271195,83.7,0,0
bidmc_49,450,0.7273846153846153,0.0066278951472424,0.6646153846153845,0.2408537052476996,0.2485131291173621,0.1128492386718518,0.1208280993155223,83.1,0,0
bidmc_49,455,0.726,0.0073936910042729,0.6639999999999999,0.2453220669992985,0.2726558235478138,0.1124945310364374,0.1323301706989819,82.6,0,0
bidmc_49,460,0.726,0.0066332495807108,0.6646666666666666,0.2361675174879087,0.2749354947273468,0.1117413378722447,0.1252899488134169,82.7,0,0
bidmc_49,465,0.7233333333333333,0.006896053621859,0.6659999999999999,0.2480822519753161,0.2636906251054998,0.111250647647132,0.1268102505353187,83.0,0,0
bidmc_49,470,0.7239999999999999,0.0076594168620507,0.6686666666666666,0.241218468587546,0.2570536492622085,0.1136885979726912,0.129331837606664,83.0,0,0
bidmc_50,0,0.7745454545454545,0.0082281516356252,0.6639999999999999,0.87921808923993,0.11288291186074,0.1610192250673354,0.0698548848788081,76.8,0,0
bidmc_50,5,0.784,0.0107871977994118,0.6712727272727272,0.8368673140065085,0.0997611547484438,0.1668188724121225,0.0640408004107855,77.3,0,0
bidmc_50,10,0.7861818181818182,0.0076967310867333,0.6829090909090908,0.8808742268655482,0.0974089662187672,0.159655557332187,0.0646145563993838,76.9,0,0
bidmc_50,15,0.7832727272727272,0.0053443412569814,0.6923636363636363,0.8815973961731016,0.1126020142342403,0.1586859990531342,0.0714249547637507,76.2,0,0
bidmc_50,20,0.7806666666666667,0.0089193921068397,0.6933333333333332,0.8932106861588675,0.1085279384174136,0.1609885922370589,0.0703339552984124,76.4,0,0
bidmc_50,25,0.7694545454545455,0.0074877310116269,0.6909090909090908,0.8764209940740445,0.1076884623877076,0.1692301597084392,0.0701779778744861,76.9,0,0
bidmc_50,30,0.7653333333333334,0.0049888765156985,0.6826666666666665,0.8957983031588483,0.1035002507617932,0.1632625543866787,0.0677194898967401,77.5,0,0
bidmc_50,35,0.768,0.0059083915670079,0.6763636363636363,0.8968203394168276,0.1103827734410454,0.1637720161796992,0.0710642633936484,78.0,0,0
bidmc_50,40,0.7713333333333333,0.0089193921068397,0.6793333333333332,0.8876870120623793,0.1143094805523748,0.1629097356576709,0.0733471493497003,78.0,0,0
bidmc_50,45,0.7781818181818182,0.0090836334522158,0.6799999999999998,0.8956091063824148,0.1176811412515045,0.1709030293882943,0.0727854566008077,78.0,0,0
bidmc_50,50,0.7861818181818182,0.0084187904747565,0.6749090909090909,0.9127764939356005,0.1159166604329905,0.1721034942495212,0.0718144108987015,77.5,0,0
bidmc_50,55,0.786909090909091,0.0078329669921956,0.6821818181818181,0.8944514541036807,0.1141481319936799,0.1609447263869932,0.0763143553727078,76.6,0,0
bidmc_50,60,0.7847272727272727,0.0041140758178126,0.6676363636363635,0.900351485806563,0.1197339917914628,0.2070246568945359,0.0765307168323524,76.1,0,0
bidmc_50,65,0.782,0.0093094933625126,0.6306666666666666,0.8272944949746006,0.1125571055351928,0.1619855022748986,0.0723370072983215,76.3,0,0
bidmc_50,70,0.7650909090909092,0.0609522235338384,0.6479999999999999,0.7491821552479493,0.1072102593052347,0.1608037571003788,0.0710871488057153,76.8,0,0
bidmc_50,75,0.7713333333333333,0.0202539433746177,0.6606666666666666,0.8836393899845199,0.1044337451677846,0.1634856060516394,0.0666502253297022,77.6,0,0
bidmc_50,80,0.7934545454545454,0.0122129859081794,0.6632727272727272,0.8994414520118857,0.1077055585240342,0.1627549565321598,0.066450441548248,77.9,0,0
bidmc_50,85,0.7854545454545455,0.0122129859081794,0.6683636363636363,0.8920990649585269,0.1081542208764195,0.1561184869306648,0.0672079984684133,76.8,0,0
bidmc_50,90,0.7840000000000001,0.008,0.6719999999999998,0.8259941850231757,0.1117762900984946,0.1712989198708229,0.0714711568171431,76.2,0,0
bidmc_50,95,0.7912727272727273,0.008666454754773,0.6589090909090909,0.8951905232909926,0.1177827437555226,0.1624960879851767,0.0736342187059818,76.4,0,0
bidmc_50,100,0.7818181818181817,0.0152900334848208,0.6625454545454544,0.899515454619781,0.1169531251780206,0.1567922530958052,0.0717383192448619,76.2,0,0
bidmc_50,105,0.7746666666666666,0.0102415276638248,0.6693333333333332,0.8976574091460701,0.1104870205915954,0.1619199630145036,0.0713961521281083,76.3,0,0
bidmc_50,110,0.7803636363636364,0.0071257883426419,0.6632727272727272,0.9054241503561808,0.1185175477655989,0.1632862417313741,0.0752724632461879,77.0,0,0
bidmc_50,115,0.786,0.0087177978870813,0.6699999999999999,0.9027782383608216,0.1136830652304622,0.1651301494842159,0.0722108891621912,77.2,0,0
bidmc_50,120,0.7949090909090909,0.0061711137267189,0.6741818181818181,0.8902679509507933,0.116804197449951,0.1621644001403933,0.0718246809834806,76.5,0,0
bidmc_50,125,0.7970909090909092,0.0061711137267189,0.6807272727272726,0.8933488261942011,0.1198568630402338,0.1561783568753016,0.0727548835100691,75.7,0,0
bidmc_50,130,0.7970909090909092,0.0070511707016964,0.6799999999999998,0.8855123254195584,0.1232071328936458,0.1552849030486956,0.07608519641326,75.3,0,0
bidmc_50,135,0.7905454545454546,0.0089072354283024,0.693090909090909,0.8717814319681721,0.1257170456521371,0.1605813846496439,0.084183573722299,75.1,0,0
bidmc_50,140,0.7847272727272727,0.0071996326811721,0.6974545454545453,0.8866230324986936,0.1234962953698808,0.1616929487007513,0.0795994810677488,75.5,0,0
bidmc_50,145,0.7854545454545455,0.0066655646472085,0.6865454545454545,0.8110070390766112,0.1168771148134887,0.17249688116941,0.0761070709823356,76.1,0,0
bidmc_50,150,0.7861818181818182,0.0068995148949128,0.6676363636363635,0.8922357199719434,0.1122386480709343,0.1631563746900861,0.0743629910337002,76.1,0,0
bidmc_50,155,0.7825454545454545,0.0057265511810995,0.6756363636363635,0.8962444288235818,0.1135777392070156,0.1605139639234435,0.0718726956973349,76.1,0,0
bidmc_50,160,0.7866666666666667,0.0082192186706253,0.6733333333333332,0.8968022912660716,0.1136363445958461,0.1634733990206997,0.074142396095325,76.5,0,0
bidmc_50,165,0.7912727272727273,0.0053443412569814,0.6690909090909091,0.8886608483839509,0.1218208326830765,0.1620380523942516,0.0759737279275722,76.4,0,0
bidmc_50,170,0.7956363636363637,0.0071257883426419,0.6727272727272727,0.8873967034340867,0.1262707117654633,0.1559219994425672,0.0787390863114107,76.0,0,0
bidmc_50,175,0.7934545454545454,0.0095380923989847,0.6654545454545453,0.8909991879676816,0.1209752890274997,0.1630297597140438,0.0773339011614664,75.7,0,0
bidmc_50,180,0.7949090909090909,0.0085435200905241,0.6610909090909091,0.8868464246558182,0.1175185420632183,0.1607792873045859,0.0758405422108954,75.7,0,0
bidmc_50,185,0.7963636363636364,0.0062562365578491,0.6705454545454544,0.8770870165581105,0.1228830536191157,0.1553505481868013,0.0766481453079875,75.7,0,0
bidmc_50,190,0.7949090909090909,0.0070511707016964,0.6785454545454545,0.8840122432091748,0.1312151051070967,0.1565577909212276,0.0815057398656424,75.2,0,0
bidmc_50,195,0.7926666666666667,0.006896053621859,0.6806666666666666,0.8965085643773911,0.1267359246730312,0.162701491825301,0.0849936747483676,75.1,0,0
bidmc_50,200,0.7912727272727273,0.0079668735637115,0.6916363636363635,0.8962366523884149,0.127231088766973,0.1620260347162037,0.0815593486856946,75.4,0,0
bidmc_50,205,0.7898181818181819,0.0128049577175702,0.693090909090909,0.8925166779501562,0.1247516448426541,0.1563909862965207,0.078975110573581,75.8,0,0
bidmc_50,210,0.7753333333333333,0.0105619863451699,0.6799999999999998,0.8936186163020812,0.1160541157801995,0.1609826581239469,0.0750486643158333,76.1,0,0
bidmc_50,215,0.7759999999999999,0.0068224229233795,0.6785454545454545,0.8993327792293666,0.1204470942116466,0.1608621069991787,0.0761368840721543,76.9,0,0
bidmc_50,220,0.778,0.0047609522856952,0.6693333333333332,0.886722032768686,0.1159179945200874,0.1827528842233649,0.0736993718625044,77.3,0,0
bidmc_50,225,0.7774545454545454,0.0074877310116269,0.6719999999999998,0.9010087117927048,0.1195303425366172,0.1629436881029781,0.0732768870254785,77.0,0,0
bidmc_50,230,0.778,0.0103923048454132,0.7239999999999999,0.9169550292176236,0.1218223682716993,0.1670646807926857,0.1257445059502373,77.0,0,0
bidmc_50,235,0.7658181818181817,0.013683554707074,0.6741818181818181,0.9039851947712294,0.0981178075930351,0.1658588076613907,0.1250470916125756,77.1,0,0
bidmc_50,240,0.7673333333333333,0.0105619863451699,0.5986666666666666,0.90866178581886,0.0723744535964545,0.1677683053023887,0.061647439891221,77.6,0,0
bidmc_50,245,0.7832727272727272,0.008666454754773,0.6029090909090908,0.8979762508078791,0.0939482090497607,0.1634901574168315,0.0627083799292727,78.2,0,0
bidmc_50,250,0.7898181818181819,0.0084187904747565,0.6567272727272727,0.902844368809269,0.1265531476740285,0.1586471985171858,0.0798571242710404,77.6,0,0
bidmc_50,255,0.7927272727272728,0.0071996326811721,0.6633333333333332,0.9012440262828372,0.1223765599738247,0.1678218664323866,0.0794322907749875,76.4,0,0
bidmc_50,260,0.8,0.0059083915670079,0.6589090909090908,0.8982516715211281,0.1233801007141326,0.1623019920898536,0.0773187554510041,75.8,0,0
bidmc_50,265,0.8021818181818182,0.0049326036240911,0.6603636363636363,0.8976742678212005,0.1298514926681492,0.1561620832128611,0.0804319948581987,75.3,0,0
bidmc_50,270,0.8021818181818183,0.0097030284102736,0.6749090909090909,0.8993308111270024,0.1351122650623249,0.1572851653741405,0.0862712621067361,75.0,0,0
bidmc_50,275,0.794,0.0113724814061546,0.6886666666666666,0.9050728779110838,0.1236563154468799,0.1638642818453811,0.0825787890157509,75.0,0,0
bidmc_50,280,0.7890909090909091,0.0051425947722658,0.6887272727272726,0.8962422687086643,0.1183900155789231,0.1622844846755358,0.076781466937714,75.3,0,0
bidmc_50,285,0.7919999999999999,0.0068224229233795,0.6923636363636363,0.8573514350662489,0.1229708286594944,0.1566229573429318,0.080153052119946,75.8,0,0
bidmc_50,290,0.7934545454545454,0.0106886825139629,0.6938181818181817,0.8945275413231338,0.1208758263232021,0.1608813271284233,0.0796668922753345,76.0,0,0
bidmc_50,295,0.7956363636363637,0.0092566705900784,0.6916363636363635,0.8958849242837171,0.1204067614214498,0.1607479888532846,0.0780477000306463,76.0,0,0
bidmc_50,300,0.7992727272727272,0.0093136352544477,0.6952727272727272,0.8897074910057934,0.1221200938866489,0.1615016817399469,0.0766870286305547,75.7,0,0
bidmc_50,305,0.7978181818181818,0.0084187904747565,0.6938181818181817,0.8950644828933708,0.1221876044743918,0.1588568455731163,0.0764063257577654,75.2,0,0
bidmc_50,310,0.79,0.0073936910042729,0.6953333333333332,0.8877541961981856,0.1132382045504431,0.1686174168967053,0.0753127511883062,75.1,0,0
bidmc_50,315,0.7912727272727273,0.008666454754773,0.6989090909090908,0.8893856718132648,0.1195550781014683,0.1619649612851686,0.0757559077469343,75.6,0,0
bidmc_50,320,0.7825454545454545,0.0126804332903001,0.6799999999999998,0.9041359171709442,0.1124250946284548,0.1731867694124879,0.0728527936883611,76.0,0,0
bidmc_50,325,0.7666666666666666,0.0091408728005347,0.6619999999999998,0.9087277581049842,0.0997196194836377,0.1637382869186507,0.0639062866446245,76.5,0,0
bidmc_50,330,0.7658181818181817,0.0059972445463529,0.6239999999999999,0.916971550995051,0.1003184946253683,0.2192140849270536,0.0682552651084682,77.7,0,0
bidmc_50,335,0.7746666666666667,0.0097068131857073,0.6266666666666666,0.9080520868575256,0.1088736077137286,0.1636171973207947,0.0741966879977609,78.3,0,0
bidmc_50,340,0.7854545454545455,0.0101297369288611,0.6661818181818181,0.9108036141871032,0.1252295744700262,0.1584532455252809,0.0777478620146922,77.8,0,0
bidmc_50,345,0.7926666666666667,0.0076303487615064,0.6646666666666665,0.9160360944034576,0.1117342381113156,0.1643704152749424,0.0734609987258071,76.9,0,0
bidmc_50,350,0.7956363636363637,0.0071257883426419,0.6661818181818181,0.8955519457196184,0.1126245034865503,0.1623682391661468,0.0721679817650353,76.2,0,0
bidmc_50,355,0.7985454545454546,0.0074877310116268,0.6538181818181817,0.88717459677312,0.1194032948556499,0.1549718157445684,0.0752792435099016,75.7,0,0
bidmc_50,360,0.7949090909090909,0.009199353193217,0.653090909090909,0.8926168659272982,0.1258621261670407,0.1544963879057878,0.0786173439840839,75.2,0,0
bidmc_50,365,0.7906666666666667,0.0054974741674902,0.6699999999999999,0.8914812483447332,0.1249153365200843,0.1610638430183416,0.0854214426266178,75.3,0,0
bidmc_50,370,0.7978181818181818,0.0068995148949128,0.6836363636363635,0.8822190582608588,0.1255028028392977,0.1606188139898266,0.0817777922153596,75.8,0,0
bidmc_50,375,0.7970909090909092,0.0098114455005323,0.6938181818181817,0.8877228354854658,0.1242415791716478,0.1554104478954175,0.0799424925255608,75.5,0,0
bidmc_50,380,0.7793333333333333,0.0105619863451699,0.6946666666666665,0.8987579599860708,0.1133492559335326,0.1635864994212108,0.0751014477708287,75.2,0,0
bidmc_50,385,0.7745454545454545,0.0066655646472085,0.6981818181818181,0.8975490360295312,0.1223945037309476,0.1703964035924255,0.0781823375204857,76.1,0,0
bidmc_50,390,0.784,0.0048241815132442,0.6973333333333332,0.8954781313515393,0.1249687781332116,0.1672402559501649,0.0807894624499575,77.1,0,0
bidmc_50,395,0.7898181818181819,0.0059972445463529,0.6865454545454545,0.8988587593562759,0.1229524795727672,0.1613944727193979,0.079646392159565,76.9,0,0
bidmc_50,400,0.7941818181818182,0.0068995148949128,0.6959999999999998,0.8930144730281092,0.1262884378665587,0.1569968327682558,0.0789092203225769,76.2,0,0
bidmc_50,405,0.7934545454545454,0.0082281516356252,0.6829090909090908,0.8944647947495271,0.1269059183078771,0.1709539091021578,0.0812186908010139,75.9,0,0
bidmc_50,410,0.7818181818181817,0.0068995148949128,0.6596363636363636,0.8929800596659706,0.1202551179006656,0.1609193280337682,0.0828850824704683,75.9,0,0
bidmc_50,415,0.7781818181818182,0.0059972445463529,0.6647272727272726,0.9045187232644876,0.1199841541948199,0.2065515450003799,0.0766680591495058,76.4,0,0
bidmc_50,420,0.7806666666666667,0.0094985378991833,0.6753333333333332,0.9061987288273498,0.116137389529968,0.163427580495629,0.0757903609815078,76.9,0,0
bidmc_50,425,0.7883636363636364,0.0092566705900784,0.6879999999999998,0.8987167370121143,0.1222320801897383,0.1635138599399243,0.0768640604376535,76.9,0,0
bidmc_50,430,0.7927272727272728,0.0079668735637115,0.6916363636363635,0.8932214318735433,0.1280515752547304,0.1574478755638545,0.0806504178302483,76.4,0,0
bidmc_50,435,0.7946666666666667,0.0059628479399994,0.6793333333333332,0.8977123933093137,0.1216685673710721,0.1626448601580412,0.0821132846321043,76.0,0,0
bidmc_50,440,0.7876363636363636,0.0092566705900784,0.6712727272727271,0.8936670961491381,0.1173652674125441,0.1626015800853891,0.0764286820038365,76.0,0,0
bidmc_50,445,0.786909090909091,0.0098114455005324,0.6763636363636363,0.8716941399318724,0.1163636935563464,0.15762951122551,0.0773057362598637,76.0,0,0
bidmc_50,450,0.7953333333333333,0.0110554159678513,0.6866666666666665,0.9052501150864336,0.1207823320440805,0.1645703342817757,0.0794197518590068,76.0,0,0
bidmc_50,455,0.7941818181818182,0.0097030284102737,0.693090909090909,0.8850435246780858,0.1236010922972451,0.1699273796542248,0.0785292875212526,75.7,0,0
bidmc_50,460,0.7949090909090909,0.0061711137267189,0.6901818181818181,0.8935215812810675,0.1261930575472189,0.1563853956330763,0.0791038810129258,75.6,0,0
bidmc_50,465,0.7963636363636364,0.0079002039936001,0.6872727272727271,0.8897148461536283,0.1249299282618983,0.1556669989956072,0.0801591314608516,75.6,0,0
bidmc_50,470,0.7934545454545454,0.0074877310116269,0.6858181818181817,0.8911361951591837,0.1237835088542607,0.1602815270423068,0.0843920778042128,75.2,0,0
bidmc_51,0,0.6645714285714285,0.0082610470256005,0.3399999999999999,0.9215105883729972,0.2227517561496629,0.1790716125030508,0.1238160218750528,89.5,0,0
bidmc_51,5,0.6726153846153846,0.0049230769230769,0.6535384615384614,0.9060896605948,0.2401146561030194,0.1745693175653246,0.1294615589222967,89.8,0,0
bidmc_51,10,0.6674285714285714,0.0119863868362303,0.6467692307692308,0.9138795084805376,0.245802026996158,0.1771378420093664,0.1332007843975306,90.4,0,0
bidmc_51,15,0.6615384615384615,0.0347133656028811,0.555076923076923,0.883798474602955,0.2187523651374966,0.1723457301670938,0.1211379196785803,89.5,0,0
bidmc_51,20,0.6738461538461539,0.0405687377817834,0.5113846153846153,0.907124665958099,0.2210210183855277,0.1813193547243458,0.1202494869516734,88.2,0,0
bidmc_51,25,0.6867692307692307,0.0120903893565467,0.6092307692307691,0.9011013036630988,0.2276103184619422,0.1748644435396429,0.1272127438124635,88.3,0,0
bidmc_51,30,0.6763076923076923,0.0059663752091277,0.6566153846153846,0.8985407714624215,0.2523517926060491,0.2183385200118975,0.1371051555158978,89.5,0,0
bidmc_51,35,0.6674285714285714,0.0058274508726774,0.6588571428571427,0.9007753192277382,0.2710791520963102,0.1754058545827415,0.1496514201457008,90.6,0,0
bidmc_51,40,0.6603076923076923,0.0039881481220971,0.4748571428571428,0.9126672714560724,0.2806255450818751,0.180520575075503,0.1616609873904019,90.6,0,0
bidmc_51,45,0.6622857142857143,0.0053908463611752,0.4754285714285713,0.9170792913429722,0.272033693187342,0.1746403834919518,0.1501787869645648,89.7,0,0
bidmc_51,50,0.6701538461538461,0.0046051167837217,0.6627692307692308,0.9205407921698594,0.27178746067523,0.1739395497468552,0.1450285807769332,89.1,0,0
bidmc_51,55,0.6725714285714286,0.0036589281356759,0.6605714285714285,0.923041863300787,0.2690562498226801,0.175777100296174,0.1453387300365482,89.0,0,0
bidmc_51,60,0.6726153846153846,0.0049230769230769,0.6584615384615383,0.9131872569261852,0.2784315427786425,0.1748792189438384,0.1493458736718644,88.5,0,0
bidmc_51,65,0.6787692307692308,0.0069076751755826,0.6603076923076923,0.9071576421240783,0.2746052579560157,0.1953287142325935,0.1441943235157089,88.0,0,0
bidmc_51,70,0.6824615384615383,0.0036923076923076,0.6664615384615384,0.903049589294235,0.2519109306830188,0.1729571952484483,0.1401236258266738,88.0,0,0
bidmc_51,75,0.6793846153846153,0.0021317548400847,0.6676923076923077,0.9125504782619174,0.2526433503272357,0.1757058070362376,0.1343328193858654,88.1,0,0
bidmc_51,80,0.6794285714285714,0.0020603150145508,0.6732307692307693,0.90957618898874,0.2608937749863614,0.177258198174362,0.139323836537252,88.3,0,0
bidmc_51,85,0.6781538461538461,0.0033706003538779,0.5342857142857143,0.906267672389844,0.2671779866444071,0.17480326795184,0.1511009497039428,88.0,0,0
bidmc_51,90,0.6824615384615385,0.0065705096935576,0.4646153846153845,0.907216607330211,0.2704611034206022,0.1715947806924501,0.1443395324111196,87.3,0,0
bidmc_51,95,0.6898461538461537,0.0046051167837217,0.6504615384615384,0.9082376297831022,0.2684493339482064,0.1731112313462663,0.1396658103818686,87.0,0,0
bidmc_51,100,0.6910769230769229,0.0038920340432841,0.6412307692307692,0.9088315496462192,0.2769225736910921,0.1965587661434671,0.1495766848283558,87.0,0,0
bidmc_51,105,0.6892307692307692,0.0052937386258723,0.6473846153846152,0.9324754419422696,0.2814726159679989,0.1982988237014029,0.1499744455071106,87.5,0,0
bidmc_51,110,0.6836923076923076,0.003988148122097,0.651076923076923,0.9178506742520104,0.2585281432746296,0.1721408841967802,0.1381489117200481,88.3,0,0
bidmc_51,115,0.6788571428571429,0.0041206300291016,0.6537142857142857,0.8886865519716846,0.2288818722934319,0.1916175194531927,0.1251272423377557,88.8,0,0
bidmc_51,120,0.675076923076923,0.0038920340432841,0.6547692307692307,0.8978951418178927,0.2378472980121309,0.1725078803412331,0.1281960136964751,88.8,0,0
bidmc_51,125,0.6769230769230768,0.0038920340432841,0.6578461538461539,0.9154967310549338,0.2603539417253958,0.1859872503293355,0.1390798153106411,88.9,0,0
bidmc_51,130,0.6763076923076923,0.0050745915392217,0.6609230769230768,0.91079580609557,0.2524301521262335,0.175700972657057,0.1393881170234199,89.9,0,0
bidmc_51,135,0.667076923076923,0.0086153846153846,0.6098461538461538,0.911602664519469,0.2781853284963473,0.237369086118329,0.1506635359216033,90.7,0,0
bidmc_51,140,0.6599999999999999,0.005014265364224,0.476,0.8864625408204193,0.2828873893895156,0.1719391515324493,0.1526116253782875,90.4,0,0
bidmc_51,145,0.6646153846153845,0.0058380510649262,0.5113846153846153,0.9080177468854396,0.2754343958289809,0.2270404745812818,0.1478546357430463,90.2,0,0
bidmc_51,150,0.6646153846153845,0.0058380510649262,0.3845714285714286,0.9049716300177052,0.2460655412381534,0.1744643713739445,0.13540048420265,91.0,0,0
bidmc_51,155,0.6571428571428571,0.0059384599116647,0.0576,0.9068105066830446,0.2450914519845701,0.1742720553457692,0.1369330475092181,91.8,0,0
bidmc_51,160,0.6541538461538461,0.0033706003538779,0.016,0.8989363725314865,0.263671796988232,0.1719431521782877,0.1456132437909277,92.0,0,0
bidmc_51,165,0.6537142857142857,0.003614031611621,0.0218666666666666,0.9131502067898172,0.2746889181820354,0.1749653465728468,0.1507510722417135,91.8,0,0
bidmc_51,170,0.6554285714285714,0.0047466422073817,0.0245714285714285,0.9300241287801984,0.2758581966633515,0.1824378790074968,0.1539503611416362,91.3,0,0
bidmc_51,175,0.6572307692307692,0.0028864096983528,0.0268571428571428,0.9142383277813978,0.2742526131867726,0.1737312990651499,0.1488973731613014,91.0,0,0
bidmc_51,180,0.6565714285714286,0.0036589281356759,0.2954285714285714,0.915451574941146,0.2722111935188198,0.1774390329472226,0.1505400491320784,91.0,0,0
bidmc_51,185,0.6572307692307692,0.0042635096801695,0.6523076923076923,0.9131954014843326,0.2825637321868965,0.1919576133361853,0.1600886524396993,90.8,0,0
bidmc_51,190,0.661142857142857,0.0038332593899996,0.6502857142857142,0.9094242298427182,0.2771521500867874,0.1769018290103383,0.1519984892672602,90.3,0,0
bidmc_51,195,0.667076923076923,0.0038920340432841,0.6553846153846153,0.9121683361814722,0.2873574516781196,0.2102947319259071,0.1563533144738038,90.0,0,0
bidmc_51,200,0.6685714285714285,0.0039589732744431,0.6565714285714286,0.9185952787491828,0.2751996490428848,0.1760913382044493,0.1499284491706244,90.0,0,0
bidmc_51,205,0.6658461538461538,0.0033706003538779,0.6566153846153846,0.9371504689131612,0.2777314126379789,0.1806610533010396,0.1503167606319279,90.2,0,0
bidmc_51,210,0.6651428571428571,0.0041206300291017,0.6154666666666665,0.9499375680494146,0.270092753910597,0.1807090664627393,0.1461569903586015,90.7,0,0
bidmc_51,215,0.6605714285714285,0.0039589732744431,0.3354285714285714,0.9452749949841311,0.2818945196646204,0.2000146428632069,0.1516931501715794,91.0,0,0
bidmc_51,220,0.6577142857142857,0.0044629998148038,0.0981333333333333,0.9190194193723704,0.2790467637008354,0.177350740069828,0.1504041619830813,90.8,0,0
bidmc_51,225,0.6599999999999999,0.0058554004376912,0.2298666666666667,0.8998263203653748,0.2866487614550454,0.1765509830928615,0.1584524742433993,90.3,0,0
bidmc_51,230,0.6646153846153845,0.0049230769230769,0.563076923076923,0.9037381265219852,0.2871512943973579,0.1732161325286754,0.1577308815294371,90.2,0,0
bidmc_51,235,0.6634285714285715,0.0056279187438834,0.4302857142857142,0.9102402261777716,0.2796700804477753,0.1745456511319216,0.1517469433665056,89.7,0,0
bidmc_51,240,0.6726153846153846,0.0101491830784434,0.5667692307692307,0.8996951650587847,0.2747162889260348,0.1834890295388801,0.1544799237568754,88.1,0,0
bidmc_51,245,0.6886153846153846,0.0073331540232694,0.6695384615384616,0.911682313579274,0.2731139569468818,0.1697358633614493,0.1450982048690666,87.1,0,0
bidmc_51,250,0.6923076923076923,0.0050745915392217,0.6666666666666666,0.9289359195820904,0.2569403525048658,0.1761177393761482,0.1388871110196574,87.3,0,0
bidmc_51,255,0.6861538461538461,0.0063952645202542,0.6707692307692308,0.9174855491368816,0.2778815474244093,0.1761524624667585,0.1441669829070249,88.3,0,0
bidmc_51,260,0.6775384615384615,0.0072813289638148,0.4862857142857142,0.9008091236340268,0.2876303056204859,0.1707282766420285,0.1505298280068506,89.7,0,0
bidmc_51,265,0.6662857142857143,0.0076665187799992,0.2457142857142857,0.9153210498227564,0.2575613946039305,0.1748627855264901,0.1403725591460808,90.6,0,0
bidmc_51,270,0.6615384615384615,0.0048455433070841,0.4535384615384615,0.9189246020869656,0.2473806368700592,0.1756229790449018,0.1372356999829654,90.6,0,0
bidmc_51,275,0.6634285714285714,0.0020603150145508,0.6485714285714286,0.9243450438479912,0.2488506766444221,0.1761438654027514,0.1378090563983144,90.7,0,0
bidmc_51,280,0.66,0.005014265364224,0.6486153846153845,0.924769452589394,0.2628977403225688,0.182443881233506,0.1446470758756946,91.0,0,0
bidmc_51,285,0.6565714285714286,0.0047466422073817,0.6491428571428571,0.9124593993850202,0.2724596083995524,0.175470321579833,0.1460080728012808,91.5,0,0
bidmc_51,290,0.6559999999999999,0.0042761798705987,0.6508571428571429,0.9134575109572528,0.2738922548689926,0.1762049996418254,0.1485027854214271,92.0,0,0
bidmc_51,295,0.6547692307692307,0.0028864096983528,0.6074285714285713,0.9173889517683976,0.2906044630833251,0.1930840553001357,0.1621812448800781,92.0,0,0
bidmc_51,300,0.6542857142857142,0.0044629998148038,0.4394666666666666,0.9011815275455926,0.2872093553617144,0.1741449607052652,0.1538578132393982,92.0,0,0
bidmc_51,305,0.6542857142857142,0.0044629998148038,0.1381333333333333,0.9123553955118584,0.2766122391632529,0.2250789224204074,0.1517306723160115,91.6,0,0
bidmc_51,310,0.6559999999999999,0.0031378581622109,0.1095384615384615,0.8904538755946589,0.2810046811777973,0.1714084992971659,0.1538154700238079,91.4,0,0
bidmc_51,315,0.6559999999999999,0.0030237157840738,0.2704,0.8987327637108373,0.279530423324571,0.172380309225479,0.1505547820948545,91.8,0,0
bidmc_51,320,0.6519999999999999,0.004,0.0582857142857142,0.8997809587403153,0.2845210214852564,0.1923890207845933,0.1559051519182911,92.0,0,0
bidmc_51,325,0.6504615384615384,0.0036923076923076,0.0171428571428571,0.9092753934711586,0.2875026975729636,0.1718568626979044,0.1557318043276531,92.0,0,0
bidmc_51,330,0.6502857142857142,0.003614031611621,0.0186666666666666,0.903082305344453,0.2737028484361746,0.1720940806491182,0.1482754960359561,91.7,0,0
bidmc_51,335,0.6537142857142857,0.0063631592718057,0.0177142857142857,0.9093335117702264,0.2747489177412349,0.1775503467632095,0.1510918564514642,91.2,0,0
bidmc_51,340,0.6621538461538461,0.0046051167837217,0.0611428571428571,0.9214928986427444,0.2712496305650805,0.1747888833315954,0.1472248075805471,90.5,0,0
bidmc_51,345,0.6639999999999999,0.0052372293656638,0.0565333333333333,0.9184580381853228,0.2732471788874743,0.1752493078008128,0.1491284573814264,89.6,0,0
bidmc_51,350,0.6701538461538461,0.0055725447003922,0.012,0.9133015630145228,0.2734619869902635,0.1743016027206358,0.1518275885486713,89.3,0,0
bidmc_51,355,0.6725714285714286,0.0047466422073817,0.2566153846153846,0.9289856380748648,0.2777100016558083,0.1765456103798598,0.150784737414019,90.0,0,0
bidmc_51,360,0.6652307692307692,0.0052937386258723,0.6516923076923077,0.9215081293722166,0.279025083843442,0.1757995075356556,0.152925648066223,91.1,0,0
bidmc_51,365,0.6571428571428571,0.0051110125199995,0.6117333333333332,0.9267324249086328,0.2838960000949452,0.1780324888526421,0.1561684016891068,92.1,0,0
bidmc_51,370,0.6497142857142857,0.0053908463611752,0.3771428571428571,0.9187503289129962,0.2854636307257152,0.1802657109406834,0.1589243757926848,92.5,0,0
bidmc_51,375,0.6485714285714286,0.0047466422073817,0.0949333333333333,0.919543846549932,0.2770471087375176,0.1761059329425994,0.1494263372865898,92.0,0,0
bidmc_51,380,0.6548571428571428,0.0051110125199995,0.2682666666666666,0.923312820852339,0.2696765113250001,0.176667792089485,0.1492072789433249,91.2,0,0
bidmc_51,385,0.6578461538461539,0.0046051167837217,0.4092307692307692,0.9199069559694236,0.2792877235424065,0.1755537555957547,0.1589591744450758,90.4,0,0
bidmc_51,390,0.6645714285714285,0.0056279187438834,0.5749333333333332,0.9222716865728912,0.2740772311461839,0.1756634952585957,0.1477107354385509,90.4,0,0
bidmc_51,395,0.6639999999999999,0.005434929763894,0.3365714285714286,0.9284578145200684,0.2911649576960913,0.1851931529332903,0.1568321154657723,91.3,0,0
bidmc_51,400,0.6559999999999999,0.0060474315681476,0.1424,0.9159885185468324,0.2825427141282471,0.1760031877559552,0.1524563836161272,91.2,0,0
bidmc_51,405,0.6594285714285714,0.0078350338290297,0.1636923076923077,0.8904120661080679,0.2862484063840445,0.2238531315135706,0.1567657965097706,90.3,0,0
bidmc_51,410,0.667076923076923,0.0049994082490067,0.3845714285714285,0.9162799788087684,0.284446945767603,0.1748928014804212,0.1541500370038603,90.5,0,0
bidmc_51,415,0.6605714285714285,0.0049815987926179,0.0997333333333333,0.9131182226093676,0.2806624450640579,0.1772252969572581,0.1532325744350778,91.5,0,0
bidmc_51,420,0.6553846153846153,0.0021317548400847,0.0177142857142857,0.9209741795410274,0.2902634804764544,0.1745938557457014,0.1579101893653125,91.9,0,0
bidmc_51,425,0.6542857142857142,0.0032826072265931,0.0213333333333333,0.9112020516411832,0.2845706473035886,0.173845229800464,0.1534974170339668,91.4,0,0
bidmc_51,430,0.6588571428571427,0.0048822878544671,0.0211428571428571,0.9190760425602306,0.2879682152116123,0.1792020817869097,0.1540484827961314,91.0,0,0
bidmc_51,435,0.6627692307692308,0.0028864096983528,0.0194285714285714,0.915381234998488,0.2775245218411122,0.1754103208999672,0.1491709955577598,90.8,0,0
bidmc_51,440,0.6622857142857141,0.0032826072265931,0.0657142857142857,0.9333863792301236,0.2702339675947393,0.1783086724422191,0.1493757868091303,90.3,0,0
bidmc_51,445,0.6652307692307692,0.0042635096801695,0.4043076923076923,0.9236570947151672,0.2658445696716758,0.1757833620055893,0.1442406640644051,90.0,0,0
bidmc_51,450,0.668,0.004,0.6491428571428571,0.925512217514854,0.2718950590691839,0.1791909556684855,0.147935169766371,89.2,0,0
bidmc_51,455,0.6769230769230768,0.0096910866141683,0.6553846153846153,0.9109257766409288,0.2789810247365512,0.1767556180080274,0.1545894791031974,87.8,0,0
bidmc_51,460,0.6873846153846154,0.0058380510649262,0.6541538461538461,0.919957028356286,0.2679137131024808,0.1716298724332461,0.1401131110710285,87.2,0,0
bidmc_51,465,0.6898461538461539,0.0033706003538779,0.6553846153846153,0.9384482855728752,0.2753697657974915,0.1870034501984522,0.1454403204454515,87.8,0,0
bidmc_51,470,0.6812307692307692,0.0075869710805771,0.6609230769230768,0.9359761788463044,0.2912607821268229,0.1761825800494453,0.1612693184631131,88.7,0,0
bidmc_52,0,0.5289411764705882,0.0025775179176713,0.128,0.9831243102794168,1.1034109892073332,0.219927250167291,0.5946793739449475,113.8,1,2
bidmc_52,5,0.5297777777777779,0.0033259176771323,0.1284444444444444,0.9996252364122016,1.1100176966581914,0.2228367519369447,0.601710380758698,113.3,1,2
bidmc_52,10,0.5289411764705882,0.0025775179176713,0.1324444444444444,0.9722605006753202,1.071753874323662,0.2186262538968671,0.5749697885061955,113.0,1,2
bidmc_52,15,0.5297777777777779,0.0033259176771323,0.1204444444444444,0.9948944024914992,1.0826040303508222,0.221543624361791,0.5907683039520166,113.0,1,2
bidmc_52,20,0.528,0.0038805700005813,0.1008888888888889,0.9878231820565352,1.0415758298624036,0.2180402011878311,0.5627873998382374,113.0,1,2
bidmc_52,25,0.527529411764706,0.0051118967017412,0.1031111111111111,0.97628814467936,1.061789240926167,0.2198307973944905,0.5751502324864882,113.3,1,2
bidmc_52,30,0.5270588235294118,0.0046585858525231,0.1044444444444444,0.992499668770878,1.032795498839855,0.2199531333579261,0.5582884320845203,113.8,1,2
bidmc_52,35,0.5270588235294118,0.0046585858525231,0.1093333333333333,0.9886741842079508,1.014716378549421,0.2217691376914164,0.5487382784024887,114.0,1,2
bidmc_52,40,0.5251764705882354,0.0047058823529411,0.1155555555555555,1.017106889797522,0.9684379839267064,0.2277398662015199,0.5486819293552551,114.0,1,2
bidmc_52,45,0.524888888888889,0.0038999841721742,0.1217777777777777,0.9855030825703914,1.0867778957222844,0.2331219639577914,0.5841614504056241,114.0,1,2
bidmc_52,50,0.5261176470588236,0.0043640557625862,0.1222222222222222,0.9742617676602492,1.119572518944387,0.2258939549293292,0.6170678173806493,114.1,1,2
bidmc_52,55,0.5275294117647059,0.0051118967017412,0.124,0.9955116094683976,1.119947900236163,0.2271774757845659,0.6025974100890603,114.1,1,2
bidmc_52,60,0.528,0.0054879547245602,0.1208888888888888,0.9866902095958,1.0862782410043437,0.2254864282567399,0.5999391598789865,114.0,1,2
bidmc_52,65,0.5289411764705882,0.0046585858525231,0.1177777777777777,0.9923201808249734,1.0207660689042206,0.2222327287676797,0.5584376472147046,113.8,1,2
bidmc_52,70,0.5284705882352941,0.0051118967017412,0.1228235294117647,0.9751056434688145,1.0093543042786508,0.2211893200828739,0.5563321512619781,113.8,1,2
bidmc_52,75,0.528,0.0054879547245602,0.1293333333333333,0.9773937312316902,0.87140607858377,0.2764355480819354,0.5574313039180416,114.0,1,2
bidmc_52,80,0.5247058823529411,0.0047990771892638,0.1341176470588235,0.9966790498195448,0.6815701502082221,0.2426463045119373,0.4983658947958181,114.0,1,2
bidmc_52,85,0.5228235294117647,0.0038230768962992,0.1333333333333333,0.978094035015548,0.9102173102668488,0.2481687777208583,0.5076673413428547,114.4,1,2
bidmc_52,90,0.524235294117647,0.0039930735878769,0.1351111111111111,0.8998051621545093,1.1176234453107856,0.2343872829065288,0.6261682943420258,114.9,1,2
bidmc_52,95,0.524888888888889,0.0047245092501042,0.1364444444444444,0.7559665625023667,1.144559103665272,0.1995618090411477,0.6389102561410716,114.7,1,2
bidmc_52,100,0.5251764705882354,0.0047058823529411,0.1253333333333333,0.8168694719514684,1.11408522892217,0.1972419714390815,0.6012978780788506,114.2,1,2
bidmc_52,105,0.5253333333333334,0.0037712361663282,0.1071111111111111,0.9732396735592967,1.1542988433941548,0.2130314877015941,0.6362406170454246,114.1,1,2
bidmc_52,110,0.5251764705882354,0.0047058823529411,0.1017777777777778,0.956922564924629,1.1128608881320312,0.2124168294178356,0.6022111008819753,114.1,1,2
bidmc_52,115,0.524888888888889,0.0054251358292149,0.1048888888888889,0.952384864513328,1.1453467163722022,0.2193510845019231,0.6207589364721198,114.0,1,2
bidmc_52,120,0.5232941176470589,0.003937223654278,0.1075555555555555,0.9737703295499176,1.0784955144288653,0.2147791044283204,0.5835144649111713,114.1,1,2
bidmc_52,125,0.5235555555555556,0.0047868131618973,0.1093333333333333,0.9597339968686228,1.0712012261542383,0.2374849219280073,0.5815850635834118,114.6,1,2
bidmc_52,130,0.5232941176470589,0.0047990771892638,0.1115555555555555,0.9742019001710474,1.0872964572654529,0.2146261992683261,0.5819844930886571,115.0,1,2
bidmc_52,135,0.5231111111111111,0.0038999841721742,0.116,0.9689968028095152,1.0783249045120729,0.2125158937898063,0.6031338884018016,115.0,1,2
bidmc_52,140,0.5228235294117647,0.0038230768962992,0.1186666666666666,0.9644217220128124,1.048490236008243,0.2157484293032184,0.5676857278060737,115.0,1,2
bidmc_52,145,0.5237647058823529,0.0039930735878769,0.1182222222222222,0.9533760573284766,1.0640944041220204,0.2278674909015864,0.5866405692081202,115.0,1,2
bidmc_52,150,0.5217777777777778,0.0042629613540557,0.1168888888888888,0.9793816748374096,1.075379599408046,0.2350037426851426,0.600111837737381,115.0,1,2
bidmc_52,155,0.520470588235294,0.0043130124187819,0.12,0.9666115688189169,1.025680008953405,0.21298067326393,0.5513821279637795,115.0,1,2
bidmc_52,160,0.52,0.0026666666666666,0.1231111111111111,0.980213147044096,1.047452697026186,0.2148095900191029,0.5632181055055258,115.0,1,2
bidmc_52,165,0.5209411764705882,0.0037647058823529,0.1253333333333333,0.9616369244468655,1.083813911001713,0.2273088880845558,0.5873431418092124,115.0,1,2
bidmc_52,170,0.5217777777777779,0.0042629613540557,0.1296842105263158,0.9520964479741404,1.1013839904134333,0.2324386430239356,0.6097046638503562,115.0,1,2
bidmc_52,175,0.5217777777777778,0.0033259176771323,0.1311111111111111,0.9548650505726471,1.0942775139302268,0.2166852679949149,0.592230274342653,115.0,1,2
bidmc_52,180,0.5223529411764706,0.0036451607964305,0.132,0.9585020021134152,1.0619345313554758,0.2169161631422968,0.5750396707574003,115.0,1,2
bidmc_52,185,0.5208888888888888,0.0045324617898602,0.1284444444444444,0.9430145673073028,1.0853940354388372,0.238868038056365,0.5820947568289612,115.0,1,2
bidmc_52,190,0.5209411764705882,0.0054066471967416,0.1124444444444444,0.9591785944925127,1.1141822902893057,0.2161977100267333,0.6015978039287447,115.0,1,2
bidmc_52,195,0.5208888888888888,0.0045324617898602,0.1023157894736842,0.9735803873683256,1.1178135000925442,0.2178507618463396,0.6284436701430509,115.0,1,2
bidmc_52,200,0.5214117647058824,0.0041024931233324,0.1048888888888889,0.9514794730296222,1.104740989808586,0.2206112952322407,0.6114943597048028,115.0,1,2
bidmc_52,205,0.5218823529411766,0.0033934600239661,0.1075555555555555,0.937610129177984,1.071691033432904,0.2094792318956014,0.5744146644640515,115.0,1,2
bidmc_52,210,0.5217777777777778,0.0050283148884376,0.1102222222222222,0.9633906485225552,1.0776024289814483,0.2168323469565006,0.5851003338075227,115.0,1,2
bidmc_52,215,0.5204705882352941,0.0051118967017412,0.1146666666666666,0.9417018366506436,1.067118888114272,0.2247186288067557,0.5731581653215408,115.0,1,2
bidmc_52,220,0.5195555555555555,0.0049690399499995,0.1195555555555555,0.9288599279294086,1.055758505650152,0.2216414687114723,0.6045460990926779,115.0,1,2
bidmc_52,225,0.5191111111111111,0.0052587375849774,0.1235555555555555,0.9640835017107112,1.0721308087087429,0.218521799877821,0.5805519559495828,115.3,1,2
bidmc_52,230,0.52,0.0054879547245602,0.1217777777777777,0.9627990878108936,1.076046776654193,0.2149418268886981,0.5758280550694463,115.8,1,2
bidmc_52,235,0.5208888888888888,0.0052587375849774,0.1186666666666666,0.9165975736295016,1.1011274553489756,0.2341937814145887,0.5884675909488819,115.6,1,2
bidmc_52,240,0.52,0.0054879547245602,0.1204444444444444,0.9546060986690716,1.0958763545924135,0.2124283594724119,0.582810568595343,115.1,1,2
bidmc_52,245,0.52,0.0053333333333333,0.1258947368421052,0.9291112985304516,1.1106052088726377,0.2148604178946471,0.6240389122066187,115.0,1,2
bidmc_52,250,0.5204444444444444,0.0041928805031362,0.1288888888888889,0.9274803672368316,1.1057066909174906,0.2183799721271537,0.6035338339885226,115.0,1,2
bidmc_52,255,0.52,0.004752708206288,0.1302222222222222,0.9666341373239534,1.0813457240885234,0.2149884210329723,0.5741144848325704,115.0,1,2
bidmc_52,260,0.52,0.004618802153517,0.132,0.974382867802596,1.0857853931078134,0.2120486290120816,0.5775890492117689,115.2,1,2
bidmc_52,265,0.5209411764705882,0.0054066471967416,0.1342222222222222,0.9697434475835705,1.1114896869523223,0.2131313555460054,0.5944055757667153,115.2,1,2
bidmc_52,270,0.5213333333333333,0.0048074017006186,0.1301052631578947,0.9645484927438712,1.1252629010858282,0.2228786300640717,0.6180528958445851,115.0,1,2
bidmc_52,275,0.5217777777777778,0.0033259176771323,0.1128888888888888,0.9403807466895144,1.1229666992889946,0.2337910483624216,0.6314998320877753,115.0,1,2
bidmc_52,280,0.5195294117647059,0.0043130124187819,0.1035555555555555,0.9316955126898008,1.091783789154798,0.2157833126540364,0.5777563455148643,115.0,1,2
bidmc_52,285,0.5191111111111112,0.0052587375849774,0.1053333333333333,0.9607949002003112,1.0656306734773036,0.2143554324242463,0.5866831313772141,115.2,1,2
bidmc_52,290,0.5190588235294118,0.0046585858525231,0.1093333333333333,0.9581968084305416,1.0756152023347338,0.236737772577732,0.5665431311745891,115.6,1,2
bidmc_52,295,0.5195294117647059,0.0051118967017412,0.1124444444444444,0.96177553175248,1.0774474356428712,0.213347280849944,0.5794540279457469,115.5,1,2
bidmc_52,300,0.5191111111111111,0.0052587375849774,0.1151111111111111,0.9551294202936615,1.111499212393452,0.2644803221387286,0.6053442714019616,115.6,1,2
bidmc_52,305,0.52,0.0038805700005813,0.1173333333333333,0.9622008597857292,1.0898427409552358,0.2145437888000756,0.5770576658327567,115.8,1,2
bidmc_52,310,0.5208888888888888,0.0036649827783268,0.1213333333333333,0.9393546927238262,1.0670078016897238,0.2134195233872174,0.6173908999045353,115.3,1,2
bidmc_52,315,0.52,0.004618802153517,0.1222222222222222,0.9564148415090128,1.1418584729783663,0.2218531072069982,0.618737154050646,115.0,1,2
bidmc_52,320,0.5200000000000001,0.004752708206288,0.1213333333333333,0.9497866860792497,1.1037660238181597,0.2221747341569237,0.5876178314009025,115.0,1,2
bidmc_52,325,0.52,0.004618802153517,0.1231111111111111,0.9327970176249206,1.0795175789282458,0.2208270520835345,0.5759539138840609,115.1,1,2
bidmc_52,330,0.5185882352941177,0.0049355710502124,0.1284444444444444,0.9071462459435422,1.0342754776636078,0.2577330125102374,0.5796046249300029,115.2,1,2
bidmc_52,335,0.5173333333333334,0.0053333333333333,0.1326315789473684,0.8240058301282684,0.9669753824474772,0.2383724044708667,0.5853031521369311,115.6,1,2
bidmc_52,340,0.5151111111111112,0.0047245092501042,0.1373333333333333,0.8077145225914056,0.975632189378716,0.2661983802192093,0.5582997354195757,116.0,1,2
bidmc_52,345,0.5155555555555557,0.0047868131618973,0.1382222222222222,0.933173126306748,1.0642542424477834,0.210704709490706,0.5624079518645267,116.5,1,2
bidmc_52,350,0.5181176470588236,0.0051550358353427,0.1382222222222222,0.9615746787022208,1.0955169550439403,0.2141006235151039,0.5948882640931833,116.7,1,2
bidmc_52,355,0.5186666666666666,0.0048074017006186,0.1373333333333333,0.9711361893756753,1.0987538497937437,0.2214135674490149,0.6030908200743325,116.2,1,2
bidmc_52,360,0.5195294117647059,0.0033275613232308,0.1191111111111111,0.9787868887587784,1.0932686959174345,0.2503286823432929,0.5858558005422887,115.9,1,2
bidmc_52,365,0.5182222222222221,0.0033259176771323,0.1052631578947368,0.962924151723922,1.0779206081873165,0.2137972091123756,0.5790145097763939,115.9,1,2
bidmc_52,370,0.5186666666666666,0.0029814239699997,0.1088888888888889,0.9553551820215314,1.078002046666749,0.2663586213147221,0.5849749782531217,116.0,1,2
bidmc_52,375,0.5181176470588236,0.0033934600239661,0.112,0.9680815105988636,1.0596724436928082,0.2154742163161309,0.5642731937641913,116.0,1,2
bidmc_52,380,0.5191111111111111,0.0036649827783268,0.1132631578947368,0.9715708521781458,1.0925639579620776,0.2186168182264114,0.603723062169172,116.0,1,2
bidmc_52,385,0.5186666666666667,0.004,0.1146666666666666,0.9714736669689435,1.1329879170199502,0.2204267018705742,0.6299104634412529,116.0,1,2
bidmc_52,390,0.5190588235294118,0.0037647058823529,0.1186666666666666,0.9629138893834164,1.0137781887610036,0.2171716405531473,0.5474920148459963,116.0,1,2
bidmc_52,395,0.5182222222222223,0.0042629613540557,0.1253333333333333,0.9660899667498012,0.8209168283692124,0.2224798637631896,0.5247107694378224,115.8,1,2
bidmc_52,400,0.5155555555555557,0.0047868131618973,0.1302222222222222,0.8358927671671523,0.8708898199399782,0.2085798742502539,0.510755395143418,115.8,1,2
bidmc_52,405,0.5152941176470589,0.003937223654278,0.1248888888888889,0.8594027660605961,1.0107594470168595,0.2024846657119922,0.5412232108795538,116.5,1,2
bidmc_52,410,0.5177777777777778,0.0052020888492087,0.1246315789473684,0.965214076621046,1.0465156756565914,0.2187616744644877,0.5971057872905035,116.7,1,2
bidmc_52,415,0.5191111111111112,0.0052587375849774,0.1262222222222222,0.984427579743867,1.0595669918192854,0.2236358430571671,0.5909989164721889,116.2,1,2
bidmc_52,420,0.5185882352941176,0.0049355710502124,0.128,0.9618191653206284,1.0538267703555289,0.2141812022944742,0.559658308343823,116.0,1,2
bidmc_52,425,0.5177777777777778,0.0058457539724292,0.132,0.93640041805801,0.9990424893981388,0.2217622350781714,0.5625757940168686,116.0,1,2
bidmc_52,430,0.5173333333333333,0.0053333333333333,0.1351111111111111,0.9613288309746434,1.012558653404536,0.2265838287025347,0.5523328421513838,116.0,1,2
bidmc_52,435,0.5185882352941177,0.0049355710502124,0.1377777777777778,0.972438743008022,1.0083993893740029,0.2162361665041516,0.5405007424260851,116.0,1,2
bidmc_52,440,0.5177777777777778,0.0044666113871648,0.1382222222222222,0.9633302086026914,1.0118987309420564,0.215949804485475,0.5628517472582887,116.0,1,2
bidmc_52,445,0.5177777777777778,0.0044666113871648,0.1226666666666666,0.967483081822716,1.0385947299080378,0.2218933850723896,0.5657466642695079,116.0,1,2
bidmc_52,450,0.5185882352941176,0.0049355710502124,0.1066666666666666,0.9704543753285366,0.9749604643465336,0.2246077470020492,0.5400461567967657,116.0,1,2
bidmc_52,455,0.5173333333333334,0.004618802153517,0.1088888888888889,0.9800919972725486,0.8464698522105714,0.2225642494100198,0.5175189360818657,116.0,1,2
bidmc_52,460,0.5142222222222222,0.0052020888492087,0.1146666666666666,0.873032424679586,0.8768565895117463,0.221756994772224,0.5206548080544873,116.1,1,2
bidmc_52,465,0.5134117647058825,0.0041024931233324,0.1173333333333333,0.8716330086439467,1.0133372432482195,0.2115897333136417,0.5513707486194123,116.6,1,2
bidmc_52,470,0.5164444444444444,0.0039752319599996,0.1183157894736842,0.9691381043147196,1.069776770467749,0.2173434039446809,0.5966478699133929,116.9,1,2
bidmc_53,0,0.6,0.0907920701383111,0.1914666666666666,0.3444843961955495,0.8906451490246707,0.1444045688284702,0.5587240636445773,92.9,0,0
bidmc_53,5,0.6213333333333332,0.1179619524347669,0.248,0.3166700579729945,0.8161494264172104,0.1367965823425091,0.5446532818479591,99.4,1,3
bidmc_53,10,0.6337142857142856,0.1160562847263766,0.1897142857142857,0.3057509632844579,0.8537894034106142,0.1441610034047695,0.5985972628136206,99.9,1,3
bidmc_53,15,0.6133333333333332,0.0931426623817225,0.239,0.3228631799778467,0.8737342168514427,0.1446308892354194,0.5841936051045872,97.2,0,0
bidmc_53,20,0.5885714285714284,0.0764775543968988,0.1578666666666666,0.2963133921845367,0.7190047735938452,0.1354015931040465,0.4965034827812539,98.0,0,0
bidmc_53,25,0.6565714285714286,0.1549330335918043,0.2142857142857142,0.351393077046405,0.7777916206035177,0.1356008511456872,0.5534335321784039,100.7,1,2
bidmc_53,30,0.6250666666666667,0.1188340392685904,0.2650666666666667,0.3419201676549839,0.8374886499296077,0.1406017303751778,0.5741364266893977,100.6,1,2
bidmc_53,35,0.5887999999999999,0.0779907686845052,0.242,0.3054870405216256,0.938941773767993,0.1472208900793093,0.5952744845761299,97.0,0,0
bidmc_53,40,0.624,0.1396812698354977,0.352,0.3541205784461615,0.9330469647113704,0.143631940272857,0.615665084807019,97.9,1,3
bidmc_53,45,0.6537142857142857,0.170120725440758,0.3898666666666666,0.410877437633745,0.8882651348966122,0.1467545194049487,0.5407534852486585,97.2,1,3
bidmc_53,50,0.6445714285714285,0.1087577348879572,0.2330666666666667,0.4208894165468276,0.9204910621361236,0.1479424199045224,0.5450502259037197,91.8,1,3
bidmc_53,55,0.6371428571428571,0.068858921138863,0.1552,0.3312252189362197,0.9603973782021016,0.1537071430755945,0.6266848938116252,91.4,0,0
bidmc_53,60,0.656,0.1013387313002213,0.1754285714285714,0.3117511180985789,1.0188454815840056,0.1471353864050556,0.6606736788428756,92.9,1,3
bidmc_53,65,0.6582857142857141,0.1447418532478863,0.3325714285714286,0.3173142219578406,0.9352657539422514,0.1441161347827706,0.6112472422742001,92.4,1,3
bidmc_53,70,0.6812307692307692,0.1561646832162242,0.3606153846153846,0.33055905059185,0.9266831290628368,0.1447685626156066,0.613423630751244,91.4,1,3
bidmc_53,75,0.7199999999999999,0.1235043858870337,0.3673846153846153,0.3516495643592411,1.0165446531313145,0.150452639427184,0.6191626134057905,90.8,1,3
bidmc_53,80,0.6480000000000001,0.1159734717676683,0.2639999999999999,0.3304750389106065,0.9074197801484108,0.147830630714115,0.5773977281153114,87.7,1,3
bidmc_53,85,0.6861538461538461,0.1037466189653695,0.4022857142857142,0.3385177662116342,0.9578402772950152,0.1509705913259804,0.5773165589170836,88.7,1,3
bidmc_53,90,0.6596923076923077,0.1364739392509593,0.3708571428571428,0.3307544598865019,1.0221411095677473,0.1481923478043336,0.6311581573389655,90.7,1,3
bidmc_53,95,0.6417142857142857,0.1332899249066959,0.2709333333333333,0.3315319774938861,0.9391304838092788,0.1497975661638067,0.6281903723153596,86.8,1,3
bidmc_53,100,0.675076923076923,0.0619310553866295,0.2559999999999999,0.3474482799042593,0.949572824068782,0.1490768125141253,0.5920880897439766,86.9,0,0
bidmc_53,105,0.6388571428571429,0.1360960045298156,0.3136,0.3510997817223009,0.949209026860704,0.1502381800562273,0.5877925731644078,92.9,1,3
bidmc_53,110,0.6880000000000001,0.1225372784722453,0.3908571428571428,0.3004500922981127,0.9710293786083865,0.1445458994815705,0.5876355266306306,94.1,1,3
bidmc_53,115,0.6451428571428571,0.1136855670842403,0.2554666666666667,0.3036089693350673,0.9079818356621252,0.1491134726831869,0.6125346396252005,90.2,1,3
bidmc_53,120,0.6175999999999999,0.1312,0.2105,0.3418976387041225,0.894887638769966,0.1471327737009063,0.5998216905719169,91.7,1,3
bidmc_53,125,0.6016,0.146444437700219,0.222,0.3453313162863003,0.7930169848702281,0.1458239368159963,0.5450877657567109,96.2,1,3
bidmc_53,130,0.5989333333333333,0.1075642237094761,0.2330666666666666,0.3123989451834459,0.818960872632775,0.1361208646922953,0.5550681094823938,99.3,1,3
bidmc_53,135,0.6525714285714285,0.0882963470249997,0.1978666666666666,0.3208471612553776,0.8920902557062271,0.1433392470675746,0.5945260203554671,99.0,0,0
bidmc_53,140,0.6662857142857141,0.0505447871714193,0.1457142857142857,0.3393307515139795,0.949939896396274,0.14937275031337,0.5870013851398656,94.6,0,0
bidmc_53,145,0.6843076923076923,0.0560979700926932,0.2845714285714286,0.3416258170173364,0.9427442567032688,0.1524463380737838,0.5901967024102801,91.3,0,0
bidmc_53,150,0.6571428571428571,0.0837332986697792,0.2874666666666666,0.3705653642020831,0.8943467583782477,0.1445987093129973,0.5650783507749995,89.9,0,0
bidmc_53,155,0.6497142857142857,0.1146294829760081,0.2074666666666666,0.3546564288188223,0.9526436498545916,0.1398895064463753,0.5952189103030091,90.8,1,3
bidmc_53,160,0.6351999999999999,0.1238597055812207,0.1711999999999999,0.3368793000891055,0.9214567752788247,0.1474204023179481,0.5822341599774122,91.9,1,3
bidmc_53,165,0.6213333333333332,0.0579593727440945,0.1349333333333333,0.3013413717143757,0.8268608188429776,0.1376583444079414,0.5757393235985889,93.9,0,0
bidmc_53,170,0.6037333333333331,0.0736038646328362,0.1845,0.3282220649152497,0.8843805654455457,0.1414210193481218,0.5898547016187079,97.1,0,0
bidmc_53,175,0.6122666666666665,0.0700394809296077,0.173,0.3502390913734419,0.9206640711406108,0.1451184593208215,0.5957154588176548,98.0,0,0
bidmc_53,180,0.6428571428571427,0.0294105353884749,0.0645714285714285,0.3880603168336377,0.9735589400837096,0.1436354253154614,0.6080916917887215,98.1,0,0
bidmc_53,185,0.6479999999999999,0.0226274169979695,0.0565333333333333,0.3920282143851545,0.9963421143066794,0.1463142632890783,0.5975229195807507,95.6,0,0
bidmc_53,190,0.669142857142857,0.0582100349017702,0.1095384615384615,0.3828603134835363,1.0093655100547332,0.1481771861632694,0.6074221062187545,93.1,0,0
bidmc_53,195,0.6892307692307693,0.1423441949026556,0.3262857142857142,0.3365416254684922,0.9135765919961416,0.1438583683483094,0.6113911891775023,91.8,1,3
bidmc_53,200,0.6582857142857144,0.1572747498448988,0.4028571428571428,0.3153456666228256,0.9040387964811814,0.1335595645247648,0.5650758148538458,88.8,1,3
bidmc_53,205,0.5935,0.1009244767140261,0.3155,0.3171729627763766,0.9096970470365244,0.133878517317108,0.5434117089301276,90.2,1,3
bidmc_53,210,0.6377142857142857,0.0797383476229138,0.2229333333333333,0.3068441716440832,0.8840903415426952,0.1431516365584325,0.5607812743376963,97.1,0,0
bidmc_53,215,0.704,0.0907812247616805,0.2045714285714285,0.3360862049451029,1.0011101335509092,0.1442023345000582,0.6242091318391149,97.9,0,0
bidmc_53,220,0.7033846153846153,0.1507629512036074,0.2765714285714285,0.3690742262313163,0.9814319490718808,0.1439182750375364,0.6102282783407319,91.4,1,3
bidmc_53,225,0.7073333333333333,0.1447188845851002,0.3784615384615384,0.3958705315971296,0.9734751905886776,0.1433886964293514,0.5847016117571984,86.4,1,3
bidmc_53,230,0.6348571428571429,0.1142071158296296,0.3051428571428571,0.3512914562483774,0.953114008393627,0.1440760585388191,0.5579864613935147,85.4,1,3
bidmc_53,235,0.5861333333333333,0.0910954566497266,0.2319999999999999,0.3296433886040763,0.8256946398430649,0.1403008522591549,0.527722231990493,90.1,0,0
bidmc_53,240,0.6411428571428572,0.0923029616788859,0.3188571428571428,0.3242207047343305,0.8842386249566103,0.1323615479177252,0.5763778823491112,97.9,0,0
bidmc_53,245,0.6689230769230767,0.0750819670436778,0.3468571428571428,0.2965023860988908,0.9870265079389642,0.1399057146623906,0.6257803145324148,98.2,0,0
bidmc_53,250,0.6525714285714285,0.0241356709507918,0.0954666666666666,0.3220549577516479,0.9754293783163988,0.1469010104244381,0.6062924126802294,92.0,0,0
bidmc_53,255,0.6199999999999999,0.0903453690804665,0.1354285714285714,0.3236782963489496,0.9250593715984746,0.141036721917572,0.5932316253630335,90.3,0,0
bidmc_53,260,0.6205714285714284,0.1199510104082461,0.3205333333333333,0.3141539075115925,0.8594666661969399,0.1354875197767977,0.5507523955694777,94.3,1,3
bidmc_53,265,0.6149333333333333,0.1205451321658775,0.3541333333333333,0.3017668448154655,0.776027620067568,0.1333919397551524,0.5536837757683576,96.6,1,3
bidmc_53,270,0.5904999999999999,0.1273489301093652,0.3165,0.3565819949092196,0.9318612805439755,0.1321048896378951,0.5531241238485274,97.6,1,3
bidmc_53,275,0.6394285714285713,0.0951132515070581,0.2970666666666666,0.3376847590940446,1.0070645254952924,0.1335563430023585,0.5885371326915692,99.6,0,0
bidmc_53,280,0.6474285714285714,0.0582773103185037,0.2474666666666666,0.331735792108528,0.945840961930126,0.1335233439324776,0.5850999438317595,97.6,0,0
bidmc_53,285,0.6479999999999999,0.1062611338704258,0.1981538461538461,0.3264538877579704,0.9314896339216456,0.1329486120138024,0.5935633439008943,94.0,1,3
bidmc_53,290,0.6367999999999999,0.1140311068670884,0.3328,0.3434890931524821,0.8725201900991034,0.1297476958810414,0.60080208933,93.0,1,3
bidmc_53,295,0.6867692307692307,0.0835428529799148,0.2812307692307693,0.3103575867725155,0.8820398347211292,0.1348412966274655,0.5689335704071803,92.6,0,0
bidmc_53,300,0.6935384615384615,0.0960197218400913,0.4131428571428571,0.3167973281437479,1.0147947522300622,0.141431973494026,0.6125319137990348,91.3,0,0
bidmc_53,305,0.704,0.1224568997961826,0.288,0.357150605612913,0.935124293927415,0.1414287642674266,0.561398630391019,87.5,1,3
bidmc_53,310,0.6565714285714285,0.1165392112342538,0.2771428571428572,0.3534071633981941,0.9038071447116848,0.1293280009396913,0.6075497812345073,86.1,1,3
bidmc_53,315,0.6537142857142857,0.124466535130319,0.3662857142857142,0.3490014733235844,0.9068167819188224,0.129609355273042,0.622386812054447,89.7,1,3
bidmc_53,320,0.6508571428571429,0.0874584449429369,0.3349333333333333,0.3568641123356096,0.910948807247472,0.1293396728507961,0.5579644761573562,93.4,0,0
bidmc_53,325,0.66,0.141300085936684,0.3274285714285714,0.3578825008817465,0.9218543404036532,0.1363312319650997,0.5654207279140144,92.9,1,3
bidmc_53,330,0.6308571428571428,0.105694206587317,0.2901333333333333,0.3338122574293666,0.8648880935083989,0.1348144971871561,0.5431952925332384,91.0,1,3
bidmc_53,335,0.6137142857142858,0.1108689242635055,0.2817142857142857,0.3551235356088407,0.8442894940147104,0.1294274721241259,0.5331586256664301,92.6,1,3
bidmc_53,340,0.6178461538461537,0.0893685938242858,0.3662857142857142,0.3327635071675,0.9529950280998218,0.1284304922009517,0.595349567261374,96.6,0,0
bidmc_53,345,0.7133333333333333,0.0902638108854016,0.2621538461538462,0.3250550315330472,1.010074894692807,0.1362248687214992,0.6163328824810816,95.9,0,0
bidmc_53,350,0.6596923076923077,0.105462632547767,0.1255384615384615,0.3599425364161516,0.9576446576329366,0.1358595433426621,0.5823404562315623,88.6,1,3
bidmc_53,355,0.6342857142857142,0.1060211761673976,0.1898666666666667,0.3230727142311564,0.8877275322071504,0.1295379999529754,0.5805726244266564,87.9,1,3
bidmc_53,360,0.6468571428571428,0.0646295566427368,0.132,0.2903343252460012,0.871515230702666,0.1359079350343841,0.6179781026639193,92.7,0,0
bidmc_53,365,0.6861538461538461,0.1408948577725446,0.2388571428571428,0.3455305022383912,0.9622515830901264,0.1286182275132525,0.5969199014770555,93.4,1,3
bidmc_53,370,0.6516923076923076,0.0472365318458965,0.2196923076923077,0.3258499591935189,1.0347193264597985,0.1301005950936167,0.6259630719015161,90.3,0,0
bidmc_53,375,0.6149333333333332,0.0790809430618752,0.18,0.2965046474718184,0.9534783377673348,0.140304690575507,0.5928890984823466,88.4,0,0
bidmc_53,380,0.6584615384615383,0.0777140868179047,0.2222857142857142,0.3307500976490695,0.9550441227381764,0.1367315861280496,0.6067459362507894,89.3,0,0
bidmc_53,385,0.6674285714285714,0.1046447830149449,0.2117333333333333,0.3223213182198167,0.9556654541292404,0.1320013193331037,0.6236436616107751,89.5,1,3
bidmc_53,390,0.6861538461538461,0.1408599119440993,0.1702857142857143,0.3295119421016913,0.8476425557667947,0.1348933183146063,0.5453756876338547,90.4,1,3
bidmc_53,395,0.6719999999999999,0.0607643620250199,0.1133333333333333,0.3075330023177799,0.9084679361621958,0.1336930852218153,0.5635366065249454,89.6,0,0
bidmc_53,400,0.7003076923076923,0.1072677344960045,0.2199999999999999,0.3504890708726723,1.0226714166335034,0.1355909997292996,0.634214663527257,88.2,1,3
bidmc_53,405,0.6479999999999998,0.1189669822141541,0.1697142857142857,0.3265604713657947,0.8797732869225972,0.1383782584501938,0.5433292218143277,88.0,1,3
bidmc_53,410,0.6738461538461539,0.1755281463968522,0.2387692307692308,0.341426840269447,0.90953805964236,0.1290000270964474,0.561588371896279,89.1,1,3
bidmc_53,415,0.6131428571428571,0.0879795894697474,0.2549333333333333,0.2888835087646281,0.854927230222918,0.1259778133409009,0.5545171902683566,90.7,0,0
bidmc_53,420,0.6047999999999998,0.0826649462186562,0.1909333333333333,0.3333857330496611,0.8115034898717558,0.1353862885362555,0.5291048761983792,90.7,0,0
bidmc_53,425,0.6330666666666667,0.1308961250593597,0.3237333333333333,0.3468300499597687,0.9653085724971548,0.130798888750499,0.6053116621407636,94.0,1,3
bidmc_53,430,0.6289230769230769,0.0651087392674292,0.2485714285714286,0.3026402312659595,0.956470350910111,0.1296163249124634,0.5893260519429957,96.1,0,0
bidmc_53,435,0.629142857142857,0.064257136505113,0.1498666666666666,0.2853616407044483,1.0527198518221972,0.1334619578181166,0.6252939645923608,93.8,0,0
bidmc_53,440,0.7053333333333333,0.141490478674558,0.1686153846153846,0.3133830067991349,0.9925952948656286,0.1345314862331379,0.6344721794595197,90.8,1,3
bidmc_53,445,0.7313333333333333,0.1496826272113397,0.3378461538461538,0.3310346579407624,0.9971265504415108,0.1366192218802187,0.6010401589695485,86.8,1,3
bidmc_53,450,0.6274285714285714,0.12255244608255,0.3685333333333334,0.3979104871750554,0.9717229112612482,0.1579976240311588,0.5908455607771073,83.9,1,3
bidmc_53,455,0.5903999999999999,0.0889500234213946,0.1875,0.3732936011328631,0.9063524370989084,0.1554681855857111,0.5713909950460039,89.1,0,0
bidmc_53,460,0.6335999999999999,0.1354246654047925,0.32,0.3060262188078914,0.942218974099614,0.1296167796821007,0.5653971650639006,97.3,1,3
bidmc_53,465,0.6445714285714285,0.1370285237697998,0.3325714285714286,0.325892097227041,0.8918124944832646,0.1275627287536289,0.5417308382163871,96.6,1,3
bidmc_53,470,0.6417142857142857,0.099008966817173,0.2218666666666666,0.3344038749749757,0.8843123364463594,0.1269977232403233,0.5521764664053336,93.7,0,0
